test_id,n,m,algorithme,initialisation,temps_ms,cout_total,base_size,validations_ok,timestamp
0,5,5,nord_ouest,,0.0319000027957372,79247.0,9,True,2026-03-30 22:24:15.939393
1,5,5,balas_hammer,,0.109200002043508,54060.0,9,True,2026-03-30 22:24:15.943087
2,5,5,marche_pied,nord_ouest,0.2605999980005435,54060.0,9,True,2026-03-30 22:24:15.944710
3,5,5,marche_pied,balas_hammer,0.2477999951224774,54060.0,9,True,2026-03-30 22:24:15.946047
4,5,5,nord_ouest,,0.0329999966197647,95303.0,9,True,2026-03-30 22:24:15.953036
5,5,5,balas_hammer,,0.1084000032278709,87299.0,9,True,2026-03-30 22:24:15.955220
6,5,5,marche_pied,nord_ouest,0.3312000044388696,78904.0,9,True,2026-03-30 22:24:15.957361
7,5,5,marche_pied,balas_hammer,0.2867000002879649,78904.0,9,True,2026-03-30 22:24:15.958986
8,5,10,nord_ouest,,0.0373000002582557,91187.0,14,True,2026-03-30 22:24:15.966945
9,5,10,balas_hammer,,0.1540000012028031,53110.0,14,True,2026-03-30 22:24:15.968634
10,5,10,marche_pied,nord_ouest,0.4617000013240613,51450.0,14,True,2026-03-30 22:24:15.970156
11,5,10,marche_pied,balas_hammer,0.4454000008990988,51450.0,14,True,2026-03-30 22:24:15.971614
12,5,10,nord_ouest,,0.0355000011040829,66630.0,14,True,2026-03-30 22:24:15.978205
13,5,10,balas_hammer,,0.160600000526756,28676.0,14,True,2026-03-30 22:24:15.980028
14,5,10,marche_pied,nord_ouest,0.6461000011768192,27415.0,14,True,2026-03-30 22:24:15.981837
15,5,10,marche_pied,balas_hammer,0.4730999935418367,27415.0,14,True,2026-03-30 22:24:15.983374
16,10,5,nord_ouest,,0.0310999967041425,119067.0,14,True,2026-03-30 22:24:15.989941
17,10,5,balas_hammer,,0.1702999943518079,66894.0,14,True,2026-03-30 22:24:15.991824
18,10,5,marche_pied,nord_ouest,0.7326999984798022,66854.0,14,True,2026-03-30 22:24:15.993722
19,10,5,marche_pied,balas_hammer,0.4268999982741661,66854.0,14,True,2026-03-30 22:24:15.995206
20,10,5,nord_ouest,,0.0340999977197498,100586.0,14,True,2026-03-30 22:24:16.001621
21,10,5,balas_hammer,,0.1724999965517781,51552.0,14,True,2026-03-30 22:24:16.003351
22,10,5,marche_pied,nord_ouest,0.5834999974467792,50021.0,14,True,2026-03-30 22:24:16.005103
23,10,5,marche_pied,balas_hammer,0.5282999991322868,50021.0,14,True,2026-03-30 22:24:16.006677
24,10,10,nord_ouest,,0.0433000022894702,168279.0,19,True,2026-03-30 22:24:16.013387
25,10,10,balas_hammer,,0.319799997669179,76788.0,19,True,2026-03-30 22:24:16.015108
26,10,10,marche_pied,nord_ouest,1.876399997854605,65338.0,19,True,2026-03-30 22:24:16.018119
27,10,10,marche_pied,balas_hammer,1.1145999960717743,65338.0,19,True,2026-03-30 22:24:16.020330
28,10,10,nord_ouest,,0.0426999977207742,152473.0,19,True,2026-03-30 22:24:16.026642
29,10,10,balas_hammer,,0.3149999974993989,64772.0,19,True,2026-03-30 22:24:16.028428
30,10,10,marche_pied,nord_ouest,1.8543000041972848,61919.0,19,True,2026-03-30 22:24:16.031423
31,10,10,marche_pied,balas_hammer,0.9021000005304812,61919.0,19,True,2026-03-30 22:24:16.033597
32,15,15,nord_ouest,,0.061699996876996,161765.0,29,True,2026-03-30 22:24:16.042954
33,15,15,balas_hammer,,0.7686999961151741,54092.0,29,True,2026-03-30 22:24:16.045240
34,15,15,marche_pied,nord_ouest,5.217099998844788,47102.0,29,True,2026-03-30 22:24:16.051595
35,15,15,marche_pied,balas_hammer,3.422699999646284,47102.0,29,True,2026-03-30 22:24:16.056292
36,15,15,nord_ouest,,0.0596999961999245,149070.0,29,True,2026-03-30 22:24:16.062640
37,15,15,balas_hammer,,0.7647000020369887,57229.0,29,True,2026-03-30 22:24:16.065126
38,15,15,marche_pied,nord_ouest,5.192399999941699,53507.0,29,True,2026-03-30 22:24:16.071566
39,15,15,marche_pied,balas_hammer,2.7116999990539625,53507.0,29,True,2026-03-30 22:24:16.075981
40,20,20,nord_ouest,,0.0786000018706545,273510.0,39,True,2026-03-30 22:24:16.083986
41,20,20,balas_hammer,,1.5507999996771105,96322.0,39,True,2026-03-30 22:24:16.087093
42,20,20,marche_pied,nord_ouest,13.464800002111588,72002.0,39,True,2026-03-30 22:24:16.102006
43,20,20,marche_pied,balas_hammer,7.041899996693246,72002.0,39,True,2026-03-30 22:24:16.110673
44,20,20,nord_ouest,,0.0747999947634525,241573.0,39,True,2026-03-30 22:24:16.119201
45,20,20,balas_hammer,,1.5492000020458363,96992.0,39,True,2026-03-30 22:24:16.122286
46,20,20,marche_pied,nord_ouest,14.11260000168113,63791.0,39,True,2026-03-30 22:24:16.137545
47,20,20,marche_pied,balas_hammer,6.913500001246575,63791.0,39,True,2026-03-30 22:24:16.146273
48,5,5,nord_ouest,,0.5228999998507788,75982.0,9,True,2026-04-23 15:52:22.598884
49,5,5,balas_hammer,,0.12239999887242448,67577.0,9,True,2026-04-23 15:52:22.603027
50,5,5,marche_pied,nord_ouest,0.2424000012979377,67577.0,9,True,2026-04-23 15:52:22.604697
51,5,5,marche_pied,balas_hammer,0.21290000040607993,67577.0,9,True,2026-04-23 15:52:22.606090
52,5,5,nord_ouest,,0.03400000059627928,82140.0,9,True,2026-04-23 15:52:22.612189
53,5,5,balas_hammer,,0.1021999996737577,34268.0,9,True,2026-04-23 15:52:22.613744
54,5,5,marche_pied,nord_ouest,0.3704999999172287,34268.0,9,True,2026-04-23 15:52:22.615203
55,5,5,marche_pied,balas_hammer,0.20260000019334257,34268.0,9,True,2026-04-23 15:52:22.616553
56,5,5,nord_ouest,,0.03569999898900278,100922.0,9,True,2026-04-23 15:52:22.622376
57,5,5,balas_hammer,,0.10000000111176632,61599.0,9,True,2026-04-23 15:52:22.623965
58,5,5,marche_pied,nord_ouest,0.3237000000808621,60411.0,9,True,2026-04-23 15:52:22.625385
59,5,5,marche_pied,balas_hammer,0.23750000036670826,60411.0,9,True,2026-04-23 15:52:22.626704
60,5,5,nord_ouest,,0.0349000001733657,31042.0,9,True,2026-04-23 15:52:22.632322
61,5,5,balas_hammer,,0.08769999840296805,25286.0,9,True,2026-04-23 15:52:22.633865
62,5,5,marche_pied,nord_ouest,0.237300000662799,25286.0,9,True,2026-04-23 15:52:22.635214
63,5,5,marche_pied,balas_hammer,0.22669999998470303,25286.0,9,True,2026-04-23 15:52:22.636548
64,5,5,nord_ouest,,0.033599999369471334,43908.0,9,True,2026-04-23 15:52:22.642450
65,5,5,balas_hammer,,0.08689999958733097,41754.0,9,True,2026-04-23 15:52:22.643964
66,5,5,marche_pied,nord_ouest,0.17040000057022553,39780.0,9,True,2026-04-23 15:52:22.645264
67,5,5,marche_pied,balas_hammer,0.24470000062137842,39780.0,9,True,2026-04-23 15:52:22.646697
68,5,5,nord_ouest,,0.03330000072310213,52813.0,9,True,2026-04-23 15:52:22.652566
69,5,5,balas_hammer,,0.10179999844694976,31590.0,9,True,2026-04-23 15:52:22.654206
70,5,5,marche_pied,nord_ouest,0.2839999997377163,31440.0,9,True,2026-04-23 15:52:22.655616
71,5,5,marche_pied,balas_hammer,0.23600000167789403,31440.0,9,True,2026-04-23 15:52:22.656937
72,5,5,nord_ouest,,0.03749999996216502,52113.0,9,True,2026-04-23 15:52:22.665247
73,5,5,balas_hammer,,0.09109999882639386,38327.0,9,True,2026-04-23 15:52:22.666946
74,5,5,marche_pied,nord_ouest,0.2744000012171455,38311.0,9,True,2026-04-23 15:52:22.668335
75,5,5,marche_pied,balas_hammer,0.24229999871749897,38311.0,9,True,2026-04-23 15:52:22.669712
76,5,5,nord_ouest,,0.03449999894655775,94484.0,9,True,2026-04-23 15:52:22.675538
77,5,5,balas_hammer,,0.09160000081465114,70033.0,9,True,2026-04-23 15:52:22.677200
78,5,5,marche_pied,nord_ouest,0.33350000012433156,68062.0,9,True,2026-04-23 15:52:22.678702
79,5,5,marche_pied,balas_hammer,0.26820000130101107,68062.0,9,True,2026-04-23 15:52:22.680087
80,5,5,nord_ouest,,0.03389999983482994,76497.0,9,True,2026-04-23 15:52:22.685956
81,5,5,balas_hammer,,0.09839999984251335,53010.0,9,True,2026-04-23 15:52:22.687575
82,5,5,marche_pied,nord_ouest,0.27629999931377824,46038.0,9,True,2026-04-23 15:52:22.689017
83,5,5,marche_pied,balas_hammer,0.27910000062547624,46038.0,9,True,2026-04-23 15:52:22.690410
84,5,5,nord_ouest,,0.03440000000409782,72355.0,9,True,2026-04-23 15:52:22.696201
85,5,5,balas_hammer,,0.1019000010273885,44644.0,9,True,2026-04-23 15:52:22.697827
86,5,5,marche_pied,nord_ouest,0.28870000096503645,41934.0,9,True,2026-04-23 15:52:22.699253
87,5,5,marche_pied,balas_hammer,0.2769999991869554,41934.0,9,True,2026-04-23 15:52:22.700666
88,5,5,nord_ouest,,0.03370000013092067,43255.0,9,True,2026-04-23 15:52:22.706878
89,5,5,balas_hammer,,0.0915000000532018,31873.0,9,True,2026-04-23 15:52:22.708605
90,5,5,marche_pied,nord_ouest,0.2908000005845679,31873.0,9,True,2026-04-23 15:52:22.710071
91,5,5,marche_pied,balas_hammer,0.20600000061676838,31873.0,9,True,2026-04-23 15:52:22.711603
92,5,5,nord_ouest,,0.03749999996216502,84381.0,9,True,2026-04-23 15:52:22.719783
93,5,5,balas_hammer,,0.091799998699571,67420.0,9,True,2026-04-23 15:52:22.721535
94,5,5,marche_pied,nord_ouest,0.26840000100492034,66546.0,9,True,2026-04-23 15:52:22.722970
95,5,5,marche_pied,balas_hammer,0.2358999990974553,66546.0,9,True,2026-04-23 15:52:22.724371
96,5,5,nord_ouest,,0.03570000080799218,74151.0,9,True,2026-04-23 15:52:22.730281
97,5,5,balas_hammer,,0.0911999995878432,40667.0,9,True,2026-04-23 15:52:22.731973
98,5,5,marche_pied,nord_ouest,0.29320000066945795,40191.0,9,True,2026-04-23 15:52:22.733424
99,5,5,marche_pied,balas_hammer,0.2386999985901639,40191.0,9,True,2026-04-23 15:52:22.734817
100,5,5,nord_ouest,,0.031600000511389226,105716.0,9,True,2026-04-23 15:52:22.740415
101,5,5,balas_hammer,,0.10109999857377261,46640.0,9,True,2026-04-23 15:52:22.742041
102,5,5,marche_pied,nord_ouest,0.3423999987717252,46640.0,9,True,2026-04-23 15:52:22.743596
103,5,5,marche_pied,balas_hammer,0.2288999985466944,46640.0,9,True,2026-04-23 15:52:22.745029
104,5,5,nord_ouest,,0.0365999985660892,49953.0,9,True,2026-04-23 15:52:22.751109
105,5,5,balas_hammer,,0.08729999899514951,43460.0,9,True,2026-04-23 15:52:22.752745
106,5,5,marche_pied,nord_ouest,0.2602000004117144,43343.0,9,True,2026-04-23 15:52:22.754212
107,5,5,marche_pied,balas_hammer,0.2365000000281725,43343.0,9,True,2026-04-23 15:52:22.755710
108,5,5,nord_ouest,,0.03640000068116933,73767.0,9,True,2026-04-23 15:52:22.761580
109,5,5,balas_hammer,,0.09020000106829684,45291.0,9,True,2026-04-23 15:52:22.763280
110,5,5,marche_pied,nord_ouest,0.3065000000788132,44276.0,9,True,2026-04-23 15:52:22.764803
111,5,5,marche_pied,balas_hammer,0.25319999986095354,44276.0,9,True,2026-04-23 15:52:22.766280
112,5,5,nord_ouest,,0.031800000215298496,24419.0,9,True,2026-04-23 15:52:22.772082
113,5,5,balas_hammer,,0.0897999998414889,18005.0,9,True,2026-04-23 15:52:22.773769
114,5,5,marche_pied,nord_ouest,0.2725000013015233,15993.0,9,True,2026-04-23 15:52:22.775268
115,5,5,marche_pied,balas_hammer,0.30449999940174166,15993.0,9,True,2026-04-23 15:52:22.776791
116,5,5,nord_ouest,,0.032500000088475645,64182.0,9,True,2026-04-23 15:52:22.782621
117,5,5,balas_hammer,,0.09709999903861899,33827.0,9,True,2026-04-23 15:52:22.784283
118,5,5,marche_pied,nord_ouest,0.3268000000389293,33827.0,9,True,2026-04-23 15:52:22.785877
119,5,5,marche_pied,balas_hammer,0.2038000002357876,33827.0,9,True,2026-04-23 15:52:22.787310
120,5,5,nord_ouest,,0.03460000152699649,45350.0,9,True,2026-04-23 15:52:22.793458
121,5,5,balas_hammer,,0.09259999933419749,23477.0,9,True,2026-04-23 15:52:22.795198
122,5,5,marche_pied,nord_ouest,0.3038000013475539,23477.0,9,True,2026-04-23 15:52:22.796781
123,5,5,marche_pied,balas_hammer,0.2086000004055677,23477.0,9,True,2026-04-23 15:52:22.798225
124,5,5,nord_ouest,,0.03459999970800709,40099.0,9,True,2026-04-23 15:52:22.804106
125,5,5,balas_hammer,,0.08929999967222102,32870.0,9,True,2026-04-23 15:52:22.805861
126,5,5,marche_pied,nord_ouest,0.23379999947792385,31449.0,9,True,2026-04-23 15:52:22.807334
127,5,5,marche_pied,balas_hammer,0.27130000125907827,31449.0,9,True,2026-04-23 15:52:22.808809
128,5,5,nord_ouest,,0.03549999928509351,66359.0,9,True,2026-04-23 15:52:22.816633
129,5,5,balas_hammer,,0.09440000030735973,49592.0,9,True,2026-04-23 15:52:22.818497
130,5,5,marche_pied,nord_ouest,0.27740000041376334,49592.0,9,True,2026-04-23 15:52:22.820061
131,5,5,marche_pied,balas_hammer,0.2088999990519369,49592.0,9,True,2026-04-23 15:52:22.821747
132,5,5,nord_ouest,,0.03760000072361436,116971.0,9,True,2026-04-23 15:52:22.828609
133,5,5,balas_hammer,,0.09409999984200113,62060.0,9,True,2026-04-23 15:52:22.830398
134,5,5,marche_pied,nord_ouest,0.3383999992365716,62060.0,9,True,2026-04-23 15:52:22.831989
135,5,5,marche_pied,balas_hammer,0.20199999926262535,62060.0,9,True,2026-04-23 15:52:22.833474
136,5,5,nord_ouest,,0.03380000089237001,63336.0,9,True,2026-04-23 15:52:22.839483
137,5,5,balas_hammer,,0.09209999916492961,45450.0,9,True,2026-04-23 15:52:22.841260
138,5,5,marche_pied,nord_ouest,0.23709999913990032,45402.0,9,True,2026-04-23 15:52:22.842811
139,5,5,marche_pied,balas_hammer,0.24359999952139333,45402.0,9,True,2026-04-23 15:52:22.844301
140,5,5,nord_ouest,,0.03420000030018855,49014.0,9,True,2026-04-23 15:52:22.853069
141,5,5,balas_hammer,,0.0915000000532018,22888.0,9,True,2026-04-23 15:52:22.854882
142,5,5,marche_pied,nord_ouest,0.3347000001667766,22888.0,9,True,2026-04-23 15:52:22.856650
143,5,5,marche_pied,balas_hammer,0.2061000013782177,22888.0,9,True,2026-04-23 15:52:22.858171
144,5,5,nord_ouest,,0.034100001357728615,93320.0,9,True,2026-04-23 15:52:22.863967
145,5,5,balas_hammer,,0.09099999988393392,43842.0,9,True,2026-04-23 15:52:22.865755
146,5,5,marche_pied,nord_ouest,0.3293999998277286,43842.0,9,True,2026-04-23 15:52:22.867371
147,5,5,marche_pied,balas_hammer,0.19889999930455815,43842.0,9,True,2026-04-23 15:52:22.868836
148,5,5,nord_ouest,,0.034899998354376294,49156.0,9,True,2026-04-23 15:52:22.877354
149,5,5,balas_hammer,,0.09219999992637895,49848.0,9,True,2026-04-23 15:52:22.879198
150,5,5,marche_pied,nord_ouest,0.13210000179242343,48896.0,9,True,2026-04-23 15:52:22.880640
151,5,5,marche_pied,balas_hammer,0.27940000109083485,48896.0,9,True,2026-04-23 15:52:22.882193
152,5,5,nord_ouest,,0.03529999958118424,57221.0,9,True,2026-04-23 15:52:22.888370
153,5,5,balas_hammer,,0.08940000043367036,48384.0,9,True,2026-04-23 15:52:22.890194
154,5,5,marche_pied,nord_ouest,0.23390000023937318,47499.0,9,True,2026-04-23 15:52:22.891767
155,5,5,marche_pied,balas_hammer,0.24279999888676684,47499.0,9,True,2026-04-23 15:52:22.893346
156,5,5,nord_ouest,,0.03639999886217993,58160.0,9,True,2026-04-23 15:52:22.901604
157,5,5,balas_hammer,,0.09069999941857532,38669.0,9,True,2026-04-23 15:52:22.903424
158,5,5,marche_pied,nord_ouest,0.3054999997402774,37928.0,9,True,2026-04-23 15:52:22.905048
159,5,5,marche_pied,balas_hammer,0.24289999964821618,37928.0,9,True,2026-04-23 15:52:22.906606
160,5,5,nord_ouest,,0.03330000072310213,43065.0,9,True,2026-04-23 15:52:22.912480
161,5,5,balas_hammer,,0.09259999933419749,24086.0,9,True,2026-04-23 15:52:22.914300
162,5,5,marche_pied,nord_ouest,0.3340999992360594,23630.0,9,True,2026-04-23 15:52:22.916026
163,5,5,marche_pied,balas_hammer,0.24080000002868474,23630.0,9,True,2026-04-23 15:52:22.917615
164,5,5,nord_ouest,,0.03620000097726006,100887.0,9,True,2026-04-23 15:52:22.925825
165,5,5,balas_hammer,,0.09110000064538326,88540.0,9,True,2026-04-23 15:52:22.927730
166,5,5,marche_pied,nord_ouest,0.2347999998164596,86173.0,9,True,2026-04-23 15:52:22.929315
167,5,5,marche_pied,balas_hammer,0.2933000014309073,86173.0,9,True,2026-04-23 15:52:22.930933
168,5,5,nord_ouest,,0.03330000072310213,45613.0,9,True,2026-04-23 15:52:22.937144
169,5,5,balas_hammer,,0.08970000089902896,44386.0,9,True,2026-04-23 15:52:22.939004
170,5,5,marche_pied,nord_ouest,0.17020000086631626,44351.0,9,True,2026-04-23 15:52:22.940538
171,5,5,marche_pied,balas_hammer,0.23780000083206687,44351.0,9,True,2026-04-23 15:52:22.942089
172,5,5,nord_ouest,,0.03479999941191636,46933.0,9,True,2026-04-23 15:52:22.950007
173,5,5,balas_hammer,,0.08929999967222102,39152.0,9,True,2026-04-23 15:52:22.951874
174,5,5,marche_pied,nord_ouest,0.26279999838152435,38096.0,9,True,2026-04-23 15:52:22.953472
175,5,5,marche_pied,balas_hammer,0.2750999992713332,38096.0,9,True,2026-04-23 15:52:22.955322
176,5,5,nord_ouest,,0.03420000030018855,73338.0,9,True,2026-04-23 15:52:22.961282
177,5,5,balas_hammer,,0.09159999899566174,62373.0,9,True,2026-04-23 15:52:22.963111
178,5,5,marche_pied,nord_ouest,0.29539999923144933,62373.0,9,True,2026-04-23 15:52:22.964790
179,5,5,marche_pied,balas_hammer,0.19860000065818895,62373.0,9,True,2026-04-23 15:52:22.966337
180,5,5,nord_ouest,,0.03420000030018855,84099.0,9,True,2026-04-23 15:52:22.974034
181,5,5,balas_hammer,,0.08909999996831175,53523.0,9,True,2026-04-23 15:52:22.976428
182,5,5,marche_pied,nord_ouest,0.3572999994503334,51415.0,9,True,2026-04-23 15:52:22.978185
183,5,5,marche_pied,balas_hammer,0.3015000002051238,51415.0,9,True,2026-04-23 15:52:22.979857
184,5,5,nord_ouest,,0.033299998904112726,103661.0,9,True,2026-04-23 15:52:22.986018
185,5,5,balas_hammer,,0.09039999895321671,66458.0,9,True,2026-04-23 15:52:22.987908
186,5,5,marche_pied,nord_ouest,0.39880000076664146,66458.0,9,True,2026-04-23 15:52:22.989753
187,5,5,marche_pied,balas_hammer,0.20059999951627105,66458.0,9,True,2026-04-23 15:52:22.991348
188,5,5,nord_ouest,,0.03389999983482994,61835.0,9,True,2026-04-23 15:52:22.997310
189,5,5,balas_hammer,,0.09189999946102034,51302.0,9,True,2026-04-23 15:52:22.999210
190,5,5,marche_pied,nord_ouest,0.2734000008786097,50446.0,9,True,2026-04-23 15:52:23.000878
191,5,5,marche_pied,balas_hammer,0.26280000020051375,50446.0,9,True,2026-04-23 15:52:23.002531
192,5,5,nord_ouest,,0.033799999073380604,55468.0,9,True,2026-04-23 15:52:23.010535
193,5,5,balas_hammer,,0.09099999988393392,50475.0,9,True,2026-04-23 15:52:23.012492
194,5,5,marche_pied,nord_ouest,0.2113999998982763,50475.0,9,True,2026-04-23 15:52:23.014146
195,5,5,marche_pied,balas_hammer,0.20220000078552403,50475.0,9,True,2026-04-23 15:52:23.015768
196,5,5,nord_ouest,,0.03389999983482994,82790.0,9,True,2026-04-23 15:52:23.021746
197,5,5,balas_hammer,,0.08940000043367036,52935.0,9,True,2026-04-23 15:52:23.023685
198,5,5,marche_pied,nord_ouest,0.3082000002905261,51778.0,9,True,2026-04-23 15:52:23.025448
199,5,5,marche_pied,balas_hammer,0.229199999012053,51778.0,9,True,2026-04-23 15:52:23.027105
200,5,5,nord_ouest,,0.036299999919719994,48406.0,9,True,2026-04-23 15:52:23.034837
201,5,5,balas_hammer,,0.09170000157610048,28019.0,9,True,2026-04-23 15:52:23.036809
202,5,5,marche_pied,nord_ouest,0.35059999936493114,28019.0,9,True,2026-04-23 15:52:23.038579
203,5,5,marche_pied,balas_hammer,0.20249999943189323,28019.0,9,True,2026-04-23 15:52:23.040221
204,5,5,nord_ouest,,0.03620000097726006,45357.0,9,True,2026-04-23 15:52:23.046457
205,5,5,balas_hammer,,0.08960000013757963,42071.0,9,True,2026-04-23 15:52:23.048402
206,5,5,marche_pied,nord_ouest,0.30530000003636815,41334.0,9,True,2026-04-23 15:52:23.050122
207,5,5,marche_pied,balas_hammer,0.2761000014288584,41334.0,9,True,2026-04-23 15:52:23.051829
208,5,5,nord_ouest,,0.03589999869291205,70549.0,9,True,2026-04-23 15:52:23.058096
209,5,5,balas_hammer,,0.09390000013809185,55222.0,9,True,2026-04-23 15:52:23.060132
210,5,5,marche_pied,nord_ouest,0.30930000139051117,53417.0,9,True,2026-04-23 15:52:23.061913
211,5,5,marche_pied,balas_hammer,0.31520000084128696,53417.0,9,True,2026-04-23 15:52:23.063644
212,5,5,nord_ouest,,0.035200000638724305,54647.0,9,True,2026-04-23 15:52:23.070484
213,5,5,balas_hammer,,0.09540000064589549,27119.0,9,True,2026-04-23 15:52:23.072446
214,5,5,marche_pied,nord_ouest,0.371899999663583,27119.0,9,True,2026-04-23 15:52:23.074339
215,5,5,marche_pied,balas_hammer,0.20190000032016542,27119.0,9,True,2026-04-23 15:52:23.076038
216,5,5,nord_ouest,,0.03380000089237001,65098.0,9,True,2026-04-23 15:52:23.082199
217,5,5,balas_hammer,,0.08859999979904387,24708.0,9,True,2026-04-23 15:52:23.084185
218,5,5,marche_pied,nord_ouest,0.3797999997914303,24312.0,9,True,2026-04-23 15:52:23.086042
219,5,5,marche_pied,balas_hammer,0.252800000453135,24312.0,9,True,2026-04-23 15:52:23.087766
220,5,5,nord_ouest,,0.036299999919719994,40805.0,9,True,2026-04-23 15:52:23.095358
221,5,5,balas_hammer,,0.08949999937613029,33367.0,9,True,2026-04-23 15:52:23.097376
222,5,5,marche_pied,nord_ouest,0.2705999995669117,33367.0,9,True,2026-04-23 15:52:23.099116
223,5,5,marche_pied,balas_hammer,0.1940000001923181,33367.0,9,True,2026-04-23 15:52:23.100787
224,5,5,nord_ouest,,0.035600000046542846,85430.0,9,True,2026-04-23 15:52:23.107251
225,5,5,balas_hammer,,0.09129999853030313,59356.0,9,True,2026-04-23 15:52:23.109282
226,5,5,marche_pied,nord_ouest,0.2793000003293855,59092.0,9,True,2026-04-23 15:52:23.111062
227,5,5,marche_pied,balas_hammer,0.24950000079115853,59092.0,9,True,2026-04-23 15:52:23.112816
228,5,5,nord_ouest,,0.03479999941191636,132476.0,9,True,2026-04-23 15:52:23.118969
229,5,5,balas_hammer,,0.08439999874099158,72581.0,9,True,2026-04-23 15:52:23.120933
230,5,5,marche_pied,nord_ouest,0.38250000034167897,65969.0,9,True,2026-04-23 15:52:23.122815
231,5,5,marche_pied,balas_hammer,0.29539999923144933,65969.0,9,True,2026-04-23 15:52:23.124642
232,5,5,nord_ouest,,0.03449999894655775,73769.0,9,True,2026-04-23 15:52:23.131136
233,5,5,balas_hammer,,0.0932000002649147,49881.0,9,True,2026-04-23 15:52:23.133137
234,5,5,marche_pied,nord_ouest,0.3383999992365716,49577.0,9,True,2026-04-23 15:52:23.135021
235,5,5,marche_pied,balas_hammer,0.24929999926825985,49577.0,9,True,2026-04-23 15:52:23.136752
236,5,5,nord_ouest,,0.03699999979289714,56715.0,9,True,2026-04-23 15:52:23.143102
237,5,5,balas_hammer,,0.094600000011269,36415.0,9,True,2026-04-23 15:52:23.145193
238,5,5,marche_pied,nord_ouest,0.27860000045620836,36415.0,9,True,2026-04-23 15:52:23.147007
239,5,5,marche_pied,balas_hammer,0.2144999998563435,36415.0,9,True,2026-04-23 15:52:23.148779
240,5,5,nord_ouest,,0.0366000003850786,87557.0,9,True,2026-04-23 15:52:23.155198
241,5,5,balas_hammer,,0.09200000022246968,46209.0,9,True,2026-04-23 15:52:23.157225
242,5,5,marche_pied,nord_ouest,0.29129999893484637,46209.0,9,True,2026-04-23 15:52:23.159047
243,5,5,marche_pied,balas_hammer,0.19599999905040022,46209.0,9,True,2026-04-23 15:52:23.160739
244,5,5,nord_ouest,,0.035799999750452116,69718.0,9,True,2026-04-23 15:52:23.168272
245,5,5,balas_hammer,,0.08639999941806309,51123.0,9,True,2026-04-23 15:52:23.170366
246,5,5,marche_pied,nord_ouest,0.3403999999136431,47023.0,9,True,2026-04-23 15:52:23.172354
247,5,5,marche_pied,balas_hammer,0.270799999270821,47023.0,9,True,2026-04-23 15:52:23.174297
248,5,5,nord_ouest,,0.03699999979289714,70766.0,9,True,2026-04-23 15:52:23.181387
249,5,5,balas_hammer,,0.09400000089954119,35383.0,9,True,2026-04-23 15:52:23.183434
250,5,5,marche_pied,nord_ouest,0.34020000020973384,35383.0,9,True,2026-04-23 15:52:23.185307
251,5,5,marche_pied,balas_hammer,0.21150000065972563,35383.0,9,True,2026-04-23 15:52:23.187110
252,5,5,nord_ouest,,0.03619999915827066,25642.0,9,True,2026-04-23 15:52:23.193586
253,5,5,balas_hammer,,0.08820000039122533,15905.0,9,True,2026-04-23 15:52:23.195626
254,5,5,marche_pied,nord_ouest,0.3057000012631761,14988.0,9,True,2026-04-23 15:52:23.197501
255,5,5,marche_pied,balas_hammer,0.32720000126573723,14988.0,9,True,2026-04-23 15:52:23.199336
256,5,5,nord_ouest,,0.034500000765547156,89782.0,9,True,2026-04-23 15:52:23.205425
257,5,5,balas_hammer,,0.09339999996882398,54814.0,9,True,2026-04-23 15:52:23.208010
258,5,5,marche_pied,nord_ouest,0.26929999876301736,54444.0,9,True,2026-04-23 15:52:23.209895
259,5,5,marche_pied,balas_hammer,0.24359999952139333,54444.0,9,True,2026-04-23 15:52:23.211674
260,5,5,nord_ouest,,0.035400000342633575,79921.0,9,True,2026-04-23 15:52:23.218592
261,5,5,balas_hammer,,0.08999999954539817,71505.0,9,True,2026-04-23 15:52:23.220635
262,5,5,marche_pied,nord_ouest,0.23359999977401458,71505.0,9,True,2026-04-23 15:52:23.222427
263,5,5,marche_pied,balas_hammer,0.21070000002509914,71505.0,9,True,2026-04-23 15:52:23.224204
264,5,5,nord_ouest,,0.03479999941191636,82854.0,9,True,2026-04-23 15:52:23.231220
265,5,5,balas_hammer,,0.08970000089902896,53626.0,9,True,2026-04-23 15:52:23.233279
266,5,5,marche_pied,nord_ouest,0.36780000118596945,50464.0,9,True,2026-04-23 15:52:23.236109
267,5,5,marche_pied,balas_hammer,0.2800999991450226,50464.0,9,True,2026-04-23 15:52:23.238137
268,5,5,nord_ouest,,0.0349000001733657,37693.0,9,True,2026-04-23 15:52:23.245787
269,5,5,balas_hammer,,0.08939999861468095,28393.0,9,True,2026-04-23 15:52:23.247884
270,5,5,marche_pied,nord_ouest,0.2082999999402091,28393.0,9,True,2026-04-23 15:52:23.249661
271,5,5,marche_pied,balas_hammer,0.20250000125088263,28393.0,9,True,2026-04-23 15:52:23.251412
272,5,5,nord_ouest,,0.032899999496294186,24231.0,9,True,2026-04-23 15:52:23.257628
273,5,5,balas_hammer,,0.08870000056049321,17722.0,9,True,2026-04-23 15:52:23.259727
274,5,5,marche_pied,nord_ouest,0.30309999965538736,16750.0,9,True,2026-04-23 15:52:23.261719
275,5,5,marche_pied,balas_hammer,0.3068999994866317,16750.0,9,True,2026-04-23 15:52:23.263655
276,5,5,nord_ouest,,0.03499999911582563,57016.0,9,True,2026-04-23 15:52:23.269888
277,5,5,balas_hammer,,0.09090000094147399,29268.0,9,True,2026-04-23 15:52:23.272016
278,5,5,marche_pied,nord_ouest,0.27129999944008887,29268.0,9,True,2026-04-23 15:52:23.273966
279,5,5,marche_pied,balas_hammer,0.2024000004894333,29268.0,9,True,2026-04-23 15:52:23.275768
280,5,5,nord_ouest,,0.03280000055383425,50832.0,9,True,2026-04-23 15:52:23.282014
281,5,5,balas_hammer,,0.08539999907952733,39704.0,9,True,2026-04-23 15:52:23.284094
282,5,5,marche_pied,nord_ouest,0.26670000079320744,36634.0,9,True,2026-04-23 15:52:23.285999
283,5,5,marche_pied,balas_hammer,0.2717000006668968,36634.0,9,True,2026-04-23 15:52:23.287855
284,5,5,nord_ouest,,0.03529999958118424,62018.0,9,True,2026-04-23 15:52:23.294338
285,5,5,balas_hammer,,0.12410000090312678,48789.0,9,True,2026-04-23 15:52:23.296509
286,5,5,marche_pied,nord_ouest,0.2787000012176577,48789.0,9,True,2026-04-23 15:52:23.298516
287,5,5,marche_pied,balas_hammer,0.19969999993918464,48789.0,9,True,2026-04-23 15:52:23.300369
288,5,5,nord_ouest,,0.0349000001733657,68382.0,9,True,2026-04-23 15:52:23.306815
289,5,5,balas_hammer,,0.08990000060293823,37256.0,9,True,2026-04-23 15:52:23.308992
290,5,5,marche_pied,nord_ouest,0.29409999842755497,36822.0,9,True,2026-04-23 15:52:23.311213
291,5,5,marche_pied,balas_hammer,0.2803999996103812,36822.0,9,True,2026-04-23 15:52:23.313191
292,5,5,nord_ouest,,0.032500000088475645,71121.0,9,True,2026-04-23 15:52:23.319469
293,5,5,balas_hammer,,0.09280000085709617,31174.0,9,True,2026-04-23 15:52:23.321660
294,5,5,marche_pied,nord_ouest,0.29739999990852084,30509.0,9,True,2026-04-23 15:52:23.323623
295,5,5,marche_pied,balas_hammer,0.24790000134089496,30509.0,9,True,2026-04-23 15:52:23.325559
296,5,5,nord_ouest,,0.03429999924264848,56144.0,9,True,2026-04-23 15:52:23.332136
297,5,5,balas_hammer,,0.08519999937561806,32329.0,9,True,2026-04-23 15:52:23.334240
298,5,5,marche_pied,nord_ouest,0.38999999924271833,31662.0,9,True,2026-04-23 15:52:23.336279
299,5,5,marche_pied,balas_hammer,0.2675000014278339,31662.0,9,True,2026-04-23 15:52:23.338217
300,5,5,nord_ouest,,0.035799999750452116,60652.0,9,True,2026-04-23 15:52:23.345012
301,5,5,balas_hammer,,0.08949999937613029,30202.0,9,True,2026-04-23 15:52:23.347135
302,5,5,marche_pied,nord_ouest,0.32869999995455146,29651.0,9,True,2026-04-23 15:52:23.349140
303,5,5,marche_pied,balas_hammer,0.23850000070524402,29651.0,9,True,2026-04-23 15:52:23.351012
304,5,5,nord_ouest,,0.0349000001733657,49271.0,9,True,2026-04-23 15:52:23.357345
305,5,5,balas_hammer,,0.0901000003068475,33682.0,9,True,2026-04-23 15:52:23.359477
306,5,5,marche_pied,nord_ouest,0.30079999851295725,33598.0,9,True,2026-04-23 15:52:23.361483
307,5,5,marche_pied,balas_hammer,0.2455000012560049,33598.0,9,True,2026-04-23 15:52:23.363396
308,5,5,nord_ouest,,0.03339999966556206,64691.0,9,True,2026-04-23 15:52:23.369538
309,5,5,balas_hammer,,0.09080000018002465,52957.0,9,True,2026-04-23 15:52:23.371663
310,5,5,marche_pied,nord_ouest,0.2704999988054624,50899.0,9,True,2026-04-23 15:52:23.373637
311,5,5,marche_pied,balas_hammer,0.2769999991869554,50899.0,9,True,2026-04-23 15:52:23.375574
312,5,5,nord_ouest,,0.03099999958067201,94298.0,9,True,2026-04-23 15:52:23.381827
313,5,5,balas_hammer,,0.08870000056049321,39497.0,9,True,2026-04-23 15:52:23.383919
314,5,5,marche_pied,nord_ouest,0.2678000000742031,38921.0,9,True,2026-04-23 15:52:23.385906
315,5,5,marche_pied,balas_hammer,0.25749999986146577,38921.0,9,True,2026-04-23 15:52:23.387911
316,5,5,nord_ouest,,0.04020000051241368,91161.0,9,True,2026-04-23 15:52:23.411243
317,5,5,balas_hammer,,0.09380000119563192,66585.0,9,True,2026-04-23 15:52:23.414020
318,5,5,marche_pied,nord_ouest,0.3317000009701587,63234.0,9,True,2026-04-23 15:52:23.416156
319,5,5,marche_pied,balas_hammer,0.28019999990647193,63234.0,9,True,2026-04-23 15:52:23.418288
320,5,5,nord_ouest,,0.0349000001733657,55693.0,9,True,2026-04-23 15:52:23.430399
321,5,5,balas_hammer,,0.09339999996882398,41849.0,9,True,2026-04-23 15:52:23.432652
322,5,5,marche_pied,nord_ouest,0.2480000002833549,41849.0,9,True,2026-04-23 15:52:23.434690
323,5,5,marche_pied,balas_hammer,0.20120000044698827,41849.0,9,True,2026-04-23 15:52:23.436901
324,5,5,nord_ouest,,0.03280000055383425,60755.0,9,True,2026-04-23 15:52:23.443380
325,5,5,balas_hammer,,0.09309999950346537,33793.0,9,True,2026-04-23 15:52:23.445546
326,5,5,marche_pied,nord_ouest,0.2504999993107049,33793.0,9,True,2026-04-23 15:52:23.447559
327,5,5,marche_pied,balas_hammer,0.19729999985429458,33793.0,9,True,2026-04-23 15:52:23.449472
328,5,5,nord_ouest,,0.033299998904112726,69622.0,9,True,2026-04-23 15:52:23.455976
329,5,5,balas_hammer,,0.08920000072976109,26067.0,9,True,2026-04-23 15:52:23.458124
330,5,5,marche_pied,nord_ouest,0.33380000058969017,26062.0,9,True,2026-04-23 15:52:23.460189
331,5,5,marche_pied,balas_hammer,0.24959999973361846,26062.0,9,True,2026-04-23 15:52:23.462159
332,5,5,nord_ouest,,0.0335000004270114,33763.0,9,True,2026-04-23 15:52:23.468861
333,5,5,balas_hammer,,0.09040000077220611,17845.0,9,True,2026-04-23 15:52:23.471077
334,5,5,marche_pied,nord_ouest,0.26109999998880085,17754.0,9,True,2026-04-23 15:52:23.473104
335,5,5,marche_pied,balas_hammer,0.2426999999443069,17754.0,9,True,2026-04-23 15:52:23.475058
336,5,5,nord_ouest,,0.03479999941191636,91703.0,9,True,2026-04-23 15:52:23.482906
337,5,5,balas_hammer,,0.09169999975711107,45014.0,9,True,2026-04-23 15:52:23.485178
338,5,5,marche_pied,nord_ouest,0.449799999842071,44909.0,9,True,2026-04-23 15:52:23.487357
339,5,5,marche_pied,balas_hammer,0.2440999996906612,44909.0,9,True,2026-04-23 15:52:23.489346
340,5,5,nord_ouest,,0.03339999966556206,61876.0,9,True,2026-04-23 15:52:23.495797
341,5,5,balas_hammer,,0.0897999998414889,57147.0,9,True,2026-04-23 15:52:23.498004
342,5,5,marche_pied,nord_ouest,0.20589999985531904,54946.0,9,True,2026-04-23 15:52:23.499942
343,5,5,marche_pied,balas_hammer,0.24190000112866983,54946.0,9,True,2026-04-23 15:52:23.501933
344,5,5,nord_ouest,,0.03449999894655775,63425.0,9,True,2026-04-23 15:52:23.508409
345,5,5,balas_hammer,,0.09189999946102034,34539.0,9,True,2026-04-23 15:52:23.510652
346,5,5,marche_pied,nord_ouest,0.23409999994328246,34539.0,9,True,2026-04-23 15:52:23.512612
347,5,5,marche_pied,balas_hammer,0.20200000108161476,34539.0,9,True,2026-04-23 15:52:23.514546
348,5,5,nord_ouest,,0.03310000101919286,107037.0,9,True,2026-04-23 15:52:23.520899
349,5,5,balas_hammer,,0.09349999891128391,52240.0,9,True,2026-04-23 15:52:23.523133
350,5,5,marche_pied,nord_ouest,0.3305000009277137,52240.0,9,True,2026-04-23 15:52:23.525264
351,5,5,marche_pied,balas_hammer,0.20310000036261044,52240.0,9,True,2026-04-23 15:52:23.527250
352,5,5,nord_ouest,,0.03060000017285347,68799.0,9,True,2026-04-23 15:52:23.533463
353,5,5,balas_hammer,,0.09130000034929253,60105.0,9,True,2026-04-23 15:52:23.535618
354,5,5,marche_pied,nord_ouest,0.16559999858145602,58961.0,9,True,2026-04-23 15:52:23.537618
355,5,5,marche_pied,balas_hammer,0.23300000066228677,58961.0,9,True,2026-04-23 15:52:23.539602
356,5,5,nord_ouest,,0.03360000118846074,48213.0,9,True,2026-04-23 15:52:23.545862
357,5,5,balas_hammer,,0.09040000077220611,32747.0,9,True,2026-04-23 15:52:23.548106
358,5,5,marche_pied,nord_ouest,0.26669999897421803,32555.0,9,True,2026-04-23 15:52:23.550177
359,5,5,marche_pied,balas_hammer,0.23740000142424833,32555.0,9,True,2026-04-23 15:52:23.552204
360,5,5,nord_ouest,,0.033099999200203456,49499.0,9,True,2026-04-23 15:52:23.558670
361,5,5,balas_hammer,,0.0901000003068475,38812.0,9,True,2026-04-23 15:52:23.560870
362,5,5,marche_pied,nord_ouest,0.3360999999131309,33955.0,9,True,2026-04-23 15:52:23.562967
363,5,5,marche_pied,balas_hammer,0.33350000012433156,33955.0,9,True,2026-04-23 15:52:23.565086
364,5,5,nord_ouest,,0.03459999970800709,48752.0,9,True,2026-04-23 15:52:23.572106
365,5,5,balas_hammer,,0.09100000170292333,47681.0,9,True,2026-04-23 15:52:23.574440
366,5,5,marche_pied,nord_ouest,0.17279999883612618,46967.0,9,True,2026-04-23 15:52:23.576438
367,5,5,marche_pied,balas_hammer,0.26760000037029386,46967.0,9,True,2026-04-23 15:52:23.578474
368,5,5,nord_ouest,,0.034500000765547156,93123.0,9,True,2026-04-23 15:52:23.585477
369,5,5,balas_hammer,,0.0901000003068475,80261.0,9,True,2026-04-23 15:52:23.587838
370,5,5,marche_pied,nord_ouest,0.3008999992744066,74455.0,9,True,2026-04-23 15:52:23.589998
371,5,5,marche_pied,balas_hammer,0.33510000139358453,74455.0,9,True,2026-04-23 15:52:23.592154
372,5,5,nord_ouest,,0.034500000765547156,121099.0,9,True,2026-04-23 15:52:23.598571
373,5,5,balas_hammer,,0.09479999971517827,40777.0,9,True,2026-04-23 15:52:23.600852
374,5,5,marche_pied,nord_ouest,0.43449999975564424,36097.0,9,True,2026-04-23 15:52:23.603114
375,5,5,marche_pied,balas_hammer,0.2488999998604413,36097.0,9,True,2026-04-23 15:52:23.605194
376,5,5,nord_ouest,,0.03149999974993989,33156.0,9,True,2026-04-23 15:52:23.611574
377,5,5,balas_hammer,,0.09130000034929253,28398.0,9,True,2026-04-23 15:52:23.613864
378,5,5,marche_pied,nord_ouest,0.23660000078962184,28314.0,9,True,2026-04-23 15:52:23.615996
379,5,5,marche_pied,balas_hammer,0.240999999732594,28314.0,9,True,2026-04-23 15:52:23.618073
380,5,5,nord_ouest,,0.03529999958118424,88019.0,9,True,2026-04-23 15:52:23.624626
381,5,5,balas_hammer,,0.09039999895321671,79057.0,9,True,2026-04-23 15:52:23.627039
382,5,5,marche_pied,nord_ouest,0.23089999922376592,76270.0,9,True,2026-04-23 15:52:23.629164
383,5,5,marche_pied,balas_hammer,0.26760000037029386,76270.0,9,True,2026-04-23 15:52:23.631278
384,5,5,nord_ouest,,0.03440000000409782,46143.0,9,True,2026-04-23 15:52:23.637983
385,5,5,balas_hammer,,0.09069999941857532,28679.0,9,True,2026-04-23 15:52:23.640343
386,5,5,marche_pied,nord_ouest,0.3023000008397503,28423.0,9,True,2026-04-23 15:52:23.642566
387,5,5,marche_pied,balas_hammer,0.23329999930865597,28423.0,9,True,2026-04-23 15:52:23.644666
388,5,5,nord_ouest,,0.03420000030018855,71641.0,9,True,2026-04-23 15:52:23.651357
389,5,5,balas_hammer,,0.09920000047713984,61173.0,9,True,2026-04-23 15:52:23.653723
390,5,5,marche_pied,nord_ouest,0.2987000007124152,56413.0,9,True,2026-04-23 15:52:23.655893
391,5,5,marche_pied,balas_hammer,0.2817999993567355,56413.0,9,True,2026-04-23 15:52:23.658046
392,5,5,nord_ouest,,0.03370000013092067,64128.0,9,True,2026-04-23 15:52:23.664432
393,5,5,balas_hammer,,0.09800000043469481,51854.0,9,True,2026-04-23 15:52:23.666842
394,5,5,marche_pied,nord_ouest,0.2356000004510861,51854.0,9,True,2026-04-23 15:52:23.668984
395,5,5,marche_pied,balas_hammer,0.2057999990938697,51854.0,9,True,2026-04-23 15:52:23.671090
396,5,5,nord_ouest,,0.03599999945436139,80877.0,9,True,2026-04-23 15:52:23.677962
397,5,5,balas_hammer,,0.09169999975711107,39795.0,9,True,2026-04-23 15:52:23.680395
398,5,5,marche_pied,nord_ouest,0.3120000001217704,39795.0,9,True,2026-04-23 15:52:23.682648
399,5,5,marche_pied,balas_hammer,0.1984999998967396,39795.0,9,True,2026-04-23 15:52:23.684733
400,5,5,nord_ouest,,0.029999999242136255,31089.0,9,True,2026-04-23 15:52:23.691143
401,5,5,balas_hammer,,0.09249999857274815,23163.0,9,True,2026-04-23 15:52:23.693427
402,5,5,marche_pied,nord_ouest,0.2395999999862397,23163.0,9,True,2026-04-23 15:52:23.695622
403,5,5,marche_pied,balas_hammer,0.2147999985027127,23163.0,9,True,2026-04-23 15:52:23.697984
404,5,5,nord_ouest,,0.03389999983482994,57839.0,9,True,2026-04-23 15:52:23.704625
405,5,5,balas_hammer,,0.0932000002649147,37014.0,9,True,2026-04-23 15:52:23.707070
406,5,5,marche_pied,nord_ouest,0.2709000000322703,37014.0,9,True,2026-04-23 15:52:23.709308
407,5,5,marche_pied,balas_hammer,0.20419999964360613,37014.0,9,True,2026-04-23 15:52:23.711408
408,5,5,nord_ouest,,0.035200000638724305,73574.0,9,True,2026-04-23 15:52:23.718019
409,5,5,balas_hammer,,0.09390000013809185,48548.0,9,True,2026-04-23 15:52:23.720437
410,5,5,marche_pied,nord_ouest,0.3944000000046799,48548.0,9,True,2026-04-23 15:52:23.722794
411,5,5,marche_pied,balas_hammer,0.20760000006703194,48548.0,9,True,2026-04-23 15:52:23.724958
412,5,5,nord_ouest,,0.033799999073380604,42026.0,9,True,2026-04-23 15:52:23.731569
413,5,5,balas_hammer,,0.09070000123756472,34095.0,9,True,2026-04-23 15:52:23.734020
414,5,5,marche_pied,nord_ouest,0.30620000143244397,24609.0,9,True,2026-04-23 15:52:23.736265
415,5,5,marche_pied,balas_hammer,0.31099999978323467,24609.0,9,True,2026-04-23 15:52:23.738472
416,5,5,nord_ouest,,0.03470000046945643,79023.0,9,True,2026-04-23 15:52:23.744568
417,5,5,balas_hammer,,0.0932000002649147,50558.0,9,True,2026-04-23 15:52:23.747019
418,5,5,marche_pied,nord_ouest,0.267100000201026,50180.0,9,True,2026-04-23 15:52:23.749234
419,5,5,marche_pied,balas_hammer,0.24250000024039764,50180.0,9,True,2026-04-23 15:52:23.751363
420,5,5,nord_ouest,,0.03199999991920777,64962.0,9,True,2026-04-23 15:52:23.757969
421,5,5,balas_hammer,,0.09080000018002465,59882.0,9,True,2026-04-23 15:52:23.760318
422,5,5,marche_pied,nord_ouest,0.1754000004439149,59746.0,9,True,2026-04-23 15:52:23.762454
423,5,5,marche_pied,balas_hammer,0.24570000095991418,59746.0,9,True,2026-04-23 15:52:23.764592
424,5,5,nord_ouest,,0.034500000765547156,38095.0,9,True,2026-04-23 15:52:23.771112
425,5,5,balas_hammer,,0.09359999967273325,32000.0,9,True,2026-04-23 15:52:23.773491
426,5,5,marche_pied,nord_ouest,0.13729999955103267,32000.0,9,True,2026-04-23 15:52:23.775602
427,5,5,marche_pied,balas_hammer,0.20399999993969686,32000.0,9,True,2026-04-23 15:52:23.777722
428,5,5,nord_ouest,,0.0335000004270114,47402.0,9,True,2026-04-23 15:52:23.784246
429,5,5,balas_hammer,,0.0914999982342124,27407.0,9,True,2026-04-23 15:52:23.786670
430,5,5,marche_pied,nord_ouest,0.23659999897063244,26244.0,9,True,2026-04-23 15:52:23.788898
431,5,5,marche_pied,balas_hammer,0.2828999986377312,26244.0,9,True,2026-04-23 15:52:23.791095
432,5,5,nord_ouest,,0.036100000215810724,35913.0,9,True,2026-04-23 15:52:23.797678
433,5,5,balas_hammer,,0.09250000039173756,21429.0,9,True,2026-04-23 15:52:23.800137
434,5,5,marche_pied,nord_ouest,0.20249999943189323,18088.0,9,True,2026-04-23 15:52:23.802293
435,5,5,marche_pied,balas_hammer,0.2982000005431473,18088.0,9,True,2026-04-23 15:52:23.804510
436,5,5,nord_ouest,,0.03219999962311704,45027.0,9,True,2026-04-23 15:52:23.811022
437,5,5,balas_hammer,,0.08779999916441739,30090.0,9,True,2026-04-23 15:52:23.813332
438,5,5,marche_pied,nord_ouest,0.2432000001135748,30090.0,9,True,2026-04-23 15:52:23.815544
439,5,5,marche_pied,balas_hammer,0.20600000061676838,30090.0,9,True,2026-04-23 15:52:23.817718
440,5,5,nord_ouest,,0.030900000638212077,73408.0,9,True,2026-04-23 15:52:23.824100
441,5,5,balas_hammer,,0.09089999912248459,37645.0,9,True,2026-04-23 15:52:23.826478
442,5,5,marche_pied,nord_ouest,0.33970000004046597,36597.0,9,True,2026-04-23 15:52:23.828844
443,5,5,marche_pied,balas_hammer,0.2688999993551988,36597.0,9,True,2026-04-23 15:52:23.831124
444,5,5,nord_ouest,,0.03300000025774352,43757.0,9,True,2026-04-23 15:52:23.837583
445,5,5,balas_hammer,,0.09019999924930744,30018.0,9,True,2026-04-23 15:52:23.840075
446,5,5,marche_pied,nord_ouest,0.29659999927389435,30018.0,9,True,2026-04-23 15:52:23.842472
447,5,5,marche_pied,balas_hammer,0.20200000108161476,30018.0,9,True,2026-04-23 15:52:23.844688
448,5,10,nord_ouest,,0.0411000000895001,48337.0,14,True,2026-04-23 15:52:23.851253
449,5,10,balas_hammer,,0.17269999989366625,23779.0,14,True,2026-04-23 15:52:23.853864
450,5,10,marche_pied,nord_ouest,1.0414000007585855,22653.0,14,True,2026-04-23 15:52:23.856981
451,5,10,marche_pied,balas_hammer,0.4877999999735039,22653.0,14,True,2026-04-23 15:52:23.859518
452,5,10,nord_ouest,,0.04160000025876798,100264.0,14,True,2026-04-23 15:52:23.866376
453,5,10,balas_hammer,,0.17350000052829273,35151.0,14,True,2026-04-23 15:52:23.868965
454,5,10,marche_pied,nord_ouest,0.8744000006117858,31431.0,14,True,2026-04-23 15:52:23.871929
455,5,10,marche_pied,balas_hammer,0.5627999998978339,31431.0,14,True,2026-04-23 15:52:23.874577
456,5,10,nord_ouest,,0.041900000724126585,49588.0,14,True,2026-04-23 15:52:23.882450
457,5,10,balas_hammer,,0.16829999913170468,32058.0,14,True,2026-04-23 15:52:23.885140
458,5,10,marche_pied,nord_ouest,0.5849999997735722,31178.0,14,True,2026-04-23 15:52:23.887795
459,5,10,marche_pied,balas_hammer,0.4246000007697148,31178.0,14,True,2026-04-23 15:52:23.890215
460,5,10,nord_ouest,,0.04160000025876798,67848.0,14,True,2026-04-23 15:52:23.896906
461,5,10,balas_hammer,,0.1725999991322169,38922.0,14,True,2026-04-23 15:52:23.899586
462,5,10,marche_pied,nord_ouest,0.674899998557521,38838.0,14,True,2026-04-23 15:52:23.902331
463,5,10,marche_pied,balas_hammer,0.43590000132098794,38838.0,14,True,2026-04-23 15:52:23.904766
464,5,10,nord_ouest,,0.04169999920122791,53951.0,14,True,2026-04-23 15:52:23.911426
465,5,10,balas_hammer,,0.17130000014731195,29740.0,14,True,2026-04-23 15:52:23.914051
466,5,10,marche_pied,nord_ouest,0.6270000012591481,29740.0,14,True,2026-04-23 15:52:23.916799
467,5,10,marche_pied,balas_hammer,0.37460000021383166,29740.0,14,True,2026-04-23 15:52:23.919220
468,5,10,nord_ouest,,0.04160000025876798,48330.0,14,True,2026-04-23 15:52:23.925813
469,5,10,balas_hammer,,0.17219999972439837,41212.0,14,True,2026-04-23 15:52:23.928443
470,5,10,marche_pied,nord_ouest,1.591099999131984,34950.0,14,True,2026-04-23 15:52:23.932114
471,5,10,marche_pied,balas_hammer,0.6188000006659422,34950.0,14,True,2026-04-23 15:52:23.934820
472,5,10,nord_ouest,,0.042499999835854396,52626.0,14,True,2026-04-23 15:52:23.943308
473,5,10,balas_hammer,,0.16590000086580403,31520.0,14,True,2026-04-23 15:52:23.945990
474,5,10,marche_pied,nord_ouest,0.7848000004742062,30469.0,14,True,2026-04-23 15:52:23.948834
475,5,10,marche_pied,balas_hammer,0.6865000013931422,30469.0,14,True,2026-04-23 15:52:23.951592
476,5,10,nord_ouest,,0.040899998566601425,76607.0,14,True,2026-04-23 15:52:23.958346
477,5,10,balas_hammer,,0.16820000018924475,39272.0,14,True,2026-04-23 15:52:23.960960
478,5,10,marche_pied,nord_ouest,0.6779999985155882,36319.0,14,True,2026-04-23 15:52:23.963754
479,5,10,marche_pied,balas_hammer,0.5485000001499429,36319.0,14,True,2026-04-23 15:52:23.966408
480,5,10,nord_ouest,,0.04220000118948519,97901.0,14,True,2026-04-23 15:52:23.973183
481,5,10,balas_hammer,,0.16620000133116264,49291.0,14,True,2026-04-23 15:52:23.975816
482,5,10,marche_pied,nord_ouest,0.8072999989963137,48298.0,14,True,2026-04-23 15:52:23.978704
483,5,10,marche_pied,balas_hammer,0.4759999992529629,48298.0,14,True,2026-04-23 15:52:23.981261
484,5,10,nord_ouest,,0.04479999915929511,91339.0,14,True,2026-04-23 15:52:23.989048
485,5,10,balas_hammer,,0.16520000099262688,47664.0,14,True,2026-04-23 15:52:23.991724
486,5,10,marche_pied,nord_ouest,0.859199999467819,44019.0,14,True,2026-04-23 15:52:23.994640
487,5,10,marche_pied,balas_hammer,0.4561000005196547,44019.0,14,True,2026-04-23 15:52:23.997209
488,5,10,nord_ouest,,0.04380000063974876,77042.0,14,True,2026-04-23 15:52:24.004027
489,5,10,balas_hammer,,0.17769999976735562,51673.0,14,True,2026-04-23 15:52:24.006828
490,5,10,marche_pied,nord_ouest,0.6905000009282958,50825.0,14,True,2026-04-23 15:52:24.009700
491,5,10,marche_pied,balas_hammer,0.4285000013624085,50825.0,14,True,2026-04-23 15:52:24.012225
492,5,10,nord_ouest,,0.044099999286117963,53640.0,14,True,2026-04-23 15:52:24.019648
493,5,10,balas_hammer,,0.16260000120382756,18449.0,14,True,2026-04-23 15:52:24.022358
494,5,10,marche_pied,nord_ouest,0.5944000004092231,18449.0,14,True,2026-04-23 15:52:24.025059
495,5,10,marche_pied,balas_hammer,0.3778000009333482,18449.0,14,True,2026-04-23 15:52:24.027534
496,5,10,nord_ouest,,0.04129999979340937,69954.0,14,True,2026-04-23 15:52:24.034106
497,5,10,balas_hammer,,0.16830000095069408,42594.0,14,True,2026-04-23 15:52:24.036840
498,5,10,marche_pied,nord_ouest,0.7471000008081319,42594.0,14,True,2026-04-23 15:52:24.039743
499,5,10,marche_pied,balas_hammer,0.3792000006797025,42594.0,14,True,2026-04-23 15:52:24.042272
500,5,10,nord_ouest,,0.0380000001314329,40086.0,14,True,2026-04-23 15:52:24.048866
501,5,10,balas_hammer,,0.17239999942830764,26131.0,14,True,2026-04-23 15:52:24.051476
502,5,10,marche_pied,nord_ouest,0.6618999996135244,25309.0,14,True,2026-04-23 15:52:24.054288
503,5,10,marche_pied,balas_hammer,0.5249999994703103,25309.0,14,True,2026-04-23 15:52:24.056971
504,5,10,nord_ouest,,0.04229999831295572,63389.0,14,True,2026-04-23 15:52:24.063831
505,5,10,balas_hammer,,0.16709999908925965,45358.0,14,True,2026-04-23 15:52:24.066589
506,5,10,marche_pied,nord_ouest,0.6131000009190757,41152.0,14,True,2026-04-23 15:52:24.069347
507,5,10,marche_pied,balas_hammer,0.4747000002680579,41152.0,14,True,2026-04-23 15:52:24.072189
508,5,10,nord_ouest,,0.0427999984822236,53635.0,14,True,2026-04-23 15:52:24.079719
509,5,10,balas_hammer,,0.1678000007814262,33363.0,14,True,2026-04-23 15:52:24.082431
510,5,10,marche_pied,nord_ouest,0.8329000011144672,28529.0,14,True,2026-04-23 15:52:24.085366
511,5,10,marche_pied,balas_hammer,0.5696999996871455,28529.0,14,True,2026-04-23 15:52:24.088089
512,5,10,nord_ouest,,0.04369999987829942,64224.0,14,True,2026-04-23 15:52:24.095128
513,5,10,balas_hammer,,0.1629999987926567,45751.0,14,True,2026-04-23 15:52:24.097858
514,5,10,marche_pied,nord_ouest,0.6704999996145489,44839.0,14,True,2026-04-23 15:52:24.100705
515,5,10,marche_pied,balas_hammer,0.5727999996452127,44839.0,14,True,2026-04-23 15:52:24.103465
516,5,10,nord_ouest,,0.040099999750964344,41245.0,14,True,2026-04-23 15:52:24.110147
517,5,10,balas_hammer,,0.1711999993858626,29065.0,14,True,2026-04-23 15:52:24.112866
518,5,10,marche_pied,nord_ouest,0.5442999990918906,28489.0,14,True,2026-04-23 15:52:24.115594
519,5,10,marche_pied,balas_hammer,0.44100000013713725,28489.0,14,True,2026-04-23 15:52:24.118208
520,5,10,nord_ouest,,0.042800000301213004,58266.0,14,True,2026-04-23 15:52:24.125028
521,5,10,balas_hammer,,0.164700000823359,27294.0,14,True,2026-04-23 15:52:24.127782
522,5,10,marche_pied,nord_ouest,0.6739000000379747,26424.0,14,True,2026-04-23 15:52:24.130628
523,5,10,marche_pied,balas_hammer,0.42469999971217476,26424.0,14,True,2026-04-23 15:52:24.133218
524,5,10,nord_ouest,,0.042300000131945126,71115.0,14,True,2026-04-23 15:52:24.140179
525,5,10,balas_hammer,,0.16820000018924475,50139.0,14,True,2026-04-23 15:52:24.142952
526,5,10,marche_pied,nord_ouest,0.934199999392149,49801.0,14,True,2026-04-23 15:52:24.146065
527,5,10,marche_pied,balas_hammer,0.44750000051863026,49801.0,14,True,2026-04-23 15:52:24.148737
528,5,10,nord_ouest,,0.04540000009001233,54828.0,14,True,2026-04-23 15:52:24.155830
529,5,10,balas_hammer,,0.16419999883510172,39723.0,14,True,2026-04-23 15:52:24.158651
530,5,10,marche_pied,nord_ouest,0.6030000004102476,39148.0,14,True,2026-04-23 15:52:24.161481
531,5,10,marche_pied,balas_hammer,0.4633999997167848,39148.0,14,True,2026-04-23 15:52:24.164161
532,5,10,nord_ouest,,0.04540000009001233,88038.0,14,True,2026-04-23 15:52:24.171284
533,5,10,balas_hammer,,0.1716999995551305,36834.0,14,True,2026-04-23 15:52:24.174103
534,5,10,marche_pied,nord_ouest,0.6983000002946937,36834.0,14,True,2026-04-23 15:52:24.177132
535,5,10,marche_pied,balas_hammer,0.36870000076305587,36834.0,14,True,2026-04-23 15:52:24.179738
536,5,10,nord_ouest,,0.0397000003431458,22021.0,14,True,2026-04-23 15:52:24.186758
537,5,10,balas_hammer,,0.17349999870930333,16128.0,14,True,2026-04-23 15:52:24.189732
538,5,10,marche_pied,nord_ouest,0.3552999987732619,15774.0,14,True,2026-04-23 15:52:24.192574
539,5,10,marche_pied,balas_hammer,0.46939999992900994,15774.0,14,True,2026-04-23 15:52:24.195489
540,5,10,nord_ouest,,0.04459999945538584,54800.0,14,True,2026-04-23 15:52:24.212289
541,5,10,balas_hammer,,0.1754000004439149,41817.0,14,True,2026-04-23 15:52:24.215736
542,5,10,marche_pied,nord_ouest,0.7538000008935342,41647.0,14,True,2026-04-23 15:52:24.218881
543,5,10,marche_pied,balas_hammer,0.4518999994616024,41647.0,14,True,2026-04-23 15:52:24.221710
544,5,10,nord_ouest,,0.04439999975147657,86585.0,14,True,2026-04-23 15:52:24.229380
545,5,10,balas_hammer,,0.16839999989315402,74166.0,14,True,2026-04-23 15:52:24.232218
546,5,10,marche_pied,nord_ouest,0.6097000004956499,73951.0,14,True,2026-04-23 15:52:24.235068
547,5,10,marche_pied,balas_hammer,0.4764000004797708,73951.0,14,True,2026-04-23 15:52:24.237782
548,5,10,nord_ouest,,0.043000000005122274,68286.0,14,True,2026-04-23 15:52:24.245623
549,5,10,balas_hammer,,0.1795999996829778,54763.0,14,True,2026-04-23 15:52:24.248480
550,5,10,marche_pied,nord_ouest,0.5637999984173803,41632.0,14,True,2026-04-23 15:52:24.251294
551,5,10,marche_pied,balas_hammer,0.5285000006551854,41632.0,14,True,2026-04-23 15:52:24.254039
552,5,10,nord_ouest,,0.04040000021632295,60581.0,14,True,2026-04-23 15:52:24.261061
553,5,10,balas_hammer,,0.16520000099262688,43919.0,14,True,2026-04-23 15:52:24.263816
554,5,10,marche_pied,nord_ouest,0.41290000081062317,43856.0,14,True,2026-04-23 15:52:24.266494
555,5,10,marche_pied,balas_hammer,0.42500000017753337,43856.0,14,True,2026-04-23 15:52:24.269179
556,5,10,nord_ouest,,0.04380000063974876,86044.0,14,True,2026-04-23 15:52:24.277045
557,5,10,balas_hammer,,0.17099999968195334,46191.0,14,True,2026-04-23 15:52:24.279921
558,5,10,marche_pied,nord_ouest,0.7075000012264354,36090.0,14,True,2026-04-23 15:52:24.282939
559,5,10,marche_pied,balas_hammer,0.586000000112108,36090.0,14,True,2026-04-23 15:52:24.285771
560,5,10,nord_ouest,,0.0396999985241564,60636.0,14,True,2026-04-23 15:52:24.292710
561,5,10,balas_hammer,,0.16599999980826396,28287.0,14,True,2026-04-23 15:52:24.295464
562,5,10,marche_pied,nord_ouest,0.6689999991067452,28071.0,14,True,2026-04-23 15:52:24.298439
563,5,10,marche_pied,balas_hammer,0.42190000021946616,28071.0,14,True,2026-04-23 15:52:24.301107
564,5,10,nord_ouest,,0.04219999937049579,93091.0,14,True,2026-04-23 15:52:24.308306
565,5,10,balas_hammer,,0.16140000116138253,49764.0,14,True,2026-04-23 15:52:24.311161
566,5,10,marche_pied,nord_ouest,0.68950000058976,49029.0,14,True,2026-04-23 15:52:24.314103
567,5,10,marche_pied,balas_hammer,0.5087999998067971,49029.0,14,True,2026-04-23 15:52:24.316854
568,5,10,nord_ouest,,0.03990000004705507,51175.0,14,True,2026-04-23 15:52:24.323784
569,5,10,balas_hammer,,0.16519999917363748,35477.0,14,True,2026-04-23 15:52:24.326589
570,5,10,marche_pied,nord_ouest,0.6720000001223525,35380.0,14,True,2026-04-23 15:52:24.329551
571,5,10,marche_pied,balas_hammer,0.422499999331194,35380.0,14,True,2026-04-23 15:52:24.332277
572,5,10,nord_ouest,,0.03780000042752363,33717.0,14,True,2026-04-23 15:52:24.339340
573,5,10,balas_hammer,,0.164700000823359,18167.0,14,True,2026-04-23 15:52:24.342138
574,5,10,marche_pied,nord_ouest,0.6202999993547564,17108.0,14,True,2026-04-23 15:52:24.345086
575,5,10,marche_pied,balas_hammer,0.5318000003171619,17108.0,14,True,2026-04-23 15:52:24.348217
576,5,10,nord_ouest,,0.043599999116850086,78315.0,14,True,2026-04-23 15:52:24.355581
577,5,10,balas_hammer,,0.16700000014679972,60951.0,14,True,2026-04-23 15:52:24.358491
578,5,10,marche_pied,nord_ouest,0.5786999990959885,60951.0,14,True,2026-04-23 15:52:24.361371
579,5,10,marche_pied,balas_hammer,0.3684999992401572,60951.0,14,True,2026-04-23 15:52:24.364033
580,5,10,nord_ouest,,0.04160000025876798,74777.0,14,True,2026-04-23 15:52:24.370988
581,5,10,balas_hammer,,0.1702999998087762,39293.0,14,True,2026-04-23 15:52:24.373864
582,5,10,marche_pied,nord_ouest,0.7451000001310604,37277.0,14,True,2026-04-23 15:52:24.376975
583,5,10,marche_pied,balas_hammer,0.5873999998584623,37277.0,14,True,2026-04-23 15:52:24.379886
584,5,10,nord_ouest,,0.04020000051241368,59543.0,14,True,2026-04-23 15:52:24.386900
585,5,10,balas_hammer,,0.1633000010770047,33909.0,14,True,2026-04-23 15:52:24.389794
586,5,10,marche_pied,nord_ouest,0.8404000000155065,28571.0,14,True,2026-04-23 15:52:24.392972
587,5,10,marche_pied,balas_hammer,0.5122999991726829,28571.0,14,True,2026-04-23 15:52:24.395785
588,5,10,nord_ouest,,0.04099999932805076,81031.0,14,True,2026-04-23 15:52:24.402871
589,5,10,balas_hammer,,0.17750000006344635,57606.0,14,True,2026-04-23 15:52:24.406535
590,5,10,marche_pied,nord_ouest,0.8297000003949506,51366.0,14,True,2026-04-23 15:52:24.409811
591,5,10,marche_pied,balas_hammer,0.5359999995562248,51366.0,14,True,2026-04-23 15:52:24.412880
592,5,10,nord_ouest,,0.04090000038559083,45627.0,14,True,2026-04-23 15:52:24.419883
593,5,10,balas_hammer,,0.16540000069653615,21060.0,14,True,2026-04-23 15:52:24.422848
594,5,10,marche_pied,nord_ouest,0.6872000012663193,20491.0,14,True,2026-04-23 15:52:24.425889
595,5,10,marche_pied,balas_hammer,0.48179999976127874,20491.0,14,True,2026-04-23 15:52:24.428713
596,5,10,nord_ouest,,0.04140000055485871,72732.0,14,True,2026-04-23 15:52:24.435815
597,5,10,balas_hammer,,0.17309999930148479,54569.0,14,True,2026-04-23 15:52:24.438854
598,5,10,marche_pied,nord_ouest,0.7069000002957182,51542.0,14,True,2026-04-23 15:52:24.441925
599,5,10,marche_pied,balas_hammer,0.5684999996447004,51542.0,14,True,2026-04-23 15:52:24.444822
600,5,10,nord_ouest,,0.04119999903196003,64519.0,14,True,2026-04-23 15:52:24.451949
601,5,10,balas_hammer,,0.17149999985122122,41098.0,14,True,2026-04-23 15:52:24.454926
602,5,10,marche_pied,nord_ouest,0.6843999999546213,30823.0,14,True,2026-04-23 15:52:24.458000
603,5,10,marche_pied,balas_hammer,0.5995000010443619,30823.0,14,True,2026-04-23 15:52:24.460932
604,5,10,nord_ouest,,0.04410000110510737,59641.0,14,True,2026-04-23 15:52:24.468380
605,5,10,balas_hammer,,0.15870000061113387,21077.0,14,True,2026-04-23 15:52:24.471395
606,5,10,marche_pied,nord_ouest,0.8273999992525205,21059.0,14,True,2026-04-23 15:52:24.474581
607,5,10,marche_pied,balas_hammer,0.4560999987006653,21059.0,14,True,2026-04-23 15:52:24.480873
608,5,10,nord_ouest,,0.04239999907440506,77930.0,14,True,2026-04-23 15:52:24.488443
609,5,10,balas_hammer,,0.16680000044289045,54321.0,14,True,2026-04-23 15:52:24.491423
610,5,10,marche_pied,nord_ouest,0.5677000008290634,54314.0,14,True,2026-04-23 15:52:24.494390
611,5,10,marche_pied,balas_hammer,0.4231000002619112,54314.0,14,True,2026-04-23 15:52:24.497268
612,5,10,nord_ouest,,0.04199999966658652,84664.0,14,True,2026-04-23 15:52:24.504249
613,5,10,balas_hammer,,0.17939999997906853,51913.0,14,True,2026-04-23 15:52:24.507210
614,5,10,marche_pied,nord_ouest,0.7236000001284992,49608.0,14,True,2026-04-23 15:52:24.510373
615,5,10,marche_pied,balas_hammer,0.5650999992212746,49608.0,14,True,2026-04-23 15:52:24.513318
616,5,10,nord_ouest,,0.04059999992023222,35980.0,14,True,2026-04-23 15:52:24.520394
617,5,10,balas_hammer,,0.16369999866583385,27768.0,14,True,2026-04-23 15:52:24.523341
618,5,10,marche_pied,nord_ouest,0.519499999427353,24599.0,14,True,2026-04-23 15:52:24.526252
619,5,10,marche_pied,balas_hammer,0.5622000007861061,24599.0,14,True,2026-04-23 15:52:24.529207
620,5,10,nord_ouest,,0.04020000051241368,110743.0,14,True,2026-04-23 15:52:24.536258
621,5,10,balas_hammer,,0.16109999887703452,53970.0,14,True,2026-04-23 15:52:24.539221
622,5,10,marche_pied,nord_ouest,0.8207999999285676,47273.0,14,True,2026-04-23 15:52:24.542475
623,5,10,marche_pied,balas_hammer,0.6114999996498227,47273.0,14,True,2026-04-23 15:52:24.545500
624,5,10,nord_ouest,,0.0397000003431458,82739.0,14,True,2026-04-23 15:52:24.552628
625,5,10,balas_hammer,,0.17010000010486692,40674.0,14,True,2026-04-23 15:52:24.555581
626,5,10,marche_pied,nord_ouest,0.6769999999960419,38472.0,14,True,2026-04-23 15:52:24.558656
627,5,10,marche_pied,balas_hammer,0.48409999908471946,38472.0,14,True,2026-04-23 15:52:24.561527
628,5,10,nord_ouest,,0.04140000055485871,51949.0,14,True,2026-04-23 15:52:24.568891
629,5,10,balas_hammer,,0.167199999850709,30823.0,14,True,2026-04-23 15:52:24.571827
630,5,10,marche_pied,nord_ouest,0.6219999995664693,30386.0,14,True,2026-04-23 15:52:24.574957
631,5,10,marche_pied,balas_hammer,0.4793999996763887,30386.0,14,True,2026-04-23 15:52:24.577894
632,5,10,nord_ouest,,0.042100000428035855,101229.0,14,True,2026-04-23 15:52:24.585134
633,5,10,balas_hammer,,0.16759999925852753,36442.0,14,True,2026-04-23 15:52:24.588145
634,5,10,marche_pied,nord_ouest,0.8495000001857989,35342.0,14,True,2026-04-23 15:52:24.591440
635,5,10,marche_pied,balas_hammer,0.5693000002793269,35342.0,14,True,2026-04-23 15:52:24.594406
636,5,10,nord_ouest,,0.04019999869342428,88016.0,14,True,2026-04-23 15:52:24.604388
637,5,10,balas_hammer,,0.17280000065511558,40868.0,14,True,2026-04-23 15:52:24.607439
638,5,10,marche_pied,nord_ouest,0.8035999999265186,34994.0,14,True,2026-04-23 15:52:24.610729
639,5,10,marche_pied,balas_hammer,0.5557000004046131,34994.0,14,True,2026-04-23 15:52:24.613703
640,5,10,nord_ouest,,0.03929999911633786,64179.0,14,True,2026-04-23 15:52:24.620883
641,5,10,balas_hammer,,0.1635999997233739,25243.0,14,True,2026-04-23 15:52:24.623823
642,5,10,marche_pied,nord_ouest,0.579400000788155,25083.0,14,True,2026-04-23 15:52:24.626874
643,5,10,marche_pied,balas_hammer,0.43250000089756213,25083.0,14,True,2026-04-23 15:52:24.629738
644,5,10,nord_ouest,,0.040299999454873614,40976.0,14,True,2026-04-23 15:52:24.636946
645,5,10,balas_hammer,,0.170899998920504,26450.0,14,True,2026-04-23 15:52:24.639960
646,5,10,marche_pied,nord_ouest,0.7521000006818213,20545.0,14,True,2026-04-23 15:52:24.643175
647,5,10,marche_pied,balas_hammer,0.5911000007472467,20545.0,14,True,2026-04-23 15:52:24.646227
648,5,10,nord_ouest,,0.03870000000461005,49420.0,14,True,2026-04-23 15:52:24.653549
649,5,10,balas_hammer,,0.1635999997233739,22141.0,14,True,2026-04-23 15:52:24.656553
650,5,10,marche_pied,nord_ouest,0.6696999989799224,21829.0,14,True,2026-04-23 15:52:24.659721
651,5,10,marche_pied,balas_hammer,0.5474999998114072,21829.0,14,True,2026-04-23 15:52:24.662685
652,5,10,nord_ouest,,0.04140000055485871,52421.0,14,True,2026-04-23 15:52:24.670389
653,5,10,balas_hammer,,0.18430000091029797,35822.0,14,True,2026-04-23 15:52:24.673663
654,5,10,marche_pied,nord_ouest,0.7479000014427584,32580.0,14,True,2026-04-23 15:52:24.676957
655,5,10,marche_pied,balas_hammer,0.5846000003657537,32580.0,14,True,2026-04-23 15:52:24.680054
656,5,10,nord_ouest,,0.03889999970851932,73458.0,14,True,2026-04-23 15:52:24.687237
657,5,10,balas_hammer,,0.17610000031709205,35963.0,14,True,2026-04-23 15:52:24.690275
658,5,10,marche_pied,nord_ouest,0.7377999991149409,31480.0,14,True,2026-04-23 15:52:24.693472
659,5,10,marche_pied,balas_hammer,0.6209999992279336,31480.0,14,True,2026-04-23 15:52:24.696558
660,5,10,nord_ouest,,0.041000001147040166,78607.0,14,True,2026-04-23 15:52:24.703567
661,5,10,balas_hammer,,0.16729999879316892,41770.0,14,True,2026-04-23 15:52:24.706593
662,5,10,marche_pied,nord_ouest,0.7206999998743413,34395.0,14,True,2026-04-23 15:52:24.709792
663,5,10,marche_pied,balas_hammer,0.5796999994345242,34395.0,14,True,2026-04-23 15:52:24.712830
664,5,10,nord_ouest,,0.040699998862692155,48688.0,14,True,2026-04-23 15:52:24.720032
665,5,10,balas_hammer,,0.16119999963848386,42893.0,14,True,2026-04-23 15:52:24.723099
666,5,10,marche_pied,nord_ouest,0.6861000001663342,35855.0,14,True,2026-04-23 15:52:24.726276
667,5,10,marche_pied,balas_hammer,0.6501999996544328,35855.0,14,True,2026-04-23 15:52:24.729423
668,5,10,nord_ouest,,0.04129999979340937,51424.0,14,True,2026-04-23 15:52:24.736623
669,5,10,balas_hammer,,0.16760000107751694,37035.0,14,True,2026-04-23 15:52:24.739659
670,5,10,marche_pied,nord_ouest,0.579499999730615,32957.0,14,True,2026-04-23 15:52:24.742729
671,5,10,marche_pied,balas_hammer,0.4833000002690824,32957.0,14,True,2026-04-23 15:52:24.745716
672,5,10,nord_ouest,,0.043000000005122274,87232.0,14,True,2026-04-23 15:52:24.753447
673,5,10,balas_hammer,,0.17320000006293412,38276.0,14,True,2026-04-23 15:52:24.756531
674,5,10,marche_pied,nord_ouest,0.7665000011911616,37956.0,14,True,2026-04-23 15:52:24.759849
675,5,10,marche_pied,balas_hammer,0.4363999996712664,37956.0,14,True,2026-04-23 15:52:24.762814
676,5,10,nord_ouest,,0.04099999932805076,74661.0,14,True,2026-04-23 15:52:24.770478
677,5,10,balas_hammer,,0.17300000035902485,34464.0,14,True,2026-04-23 15:52:24.773586
678,5,10,marche_pied,nord_ouest,0.6823999992775498,31295.0,14,True,2026-04-23 15:52:24.776787
679,5,10,marche_pied,balas_hammer,0.5326999998942483,31295.0,14,True,2026-04-23 15:52:24.779881
680,5,10,nord_ouest,,0.041200000850949436,90518.0,14,True,2026-04-23 15:52:24.786996
681,5,10,balas_hammer,,0.17320000006293412,38079.0,14,True,2026-04-23 15:52:24.790221
682,5,10,marche_pied,nord_ouest,0.6647000009252224,37739.0,14,True,2026-04-23 15:52:24.793446
683,5,10,marche_pied,balas_hammer,0.4743999998026993,37739.0,14,True,2026-04-23 15:52:24.796414
684,5,10,nord_ouest,,0.03910000123141799,44959.0,14,True,2026-04-23 15:52:24.803839
685,5,10,balas_hammer,,0.16680000044289045,24251.0,14,True,2026-04-23 15:52:24.806930
686,5,10,marche_pied,nord_ouest,0.6204000001162058,21904.0,14,True,2026-04-23 15:52:24.810131
687,5,10,marche_pied,balas_hammer,0.555799999347073,21904.0,14,True,2026-04-23 15:52:24.813250
688,5,10,nord_ouest,,0.03950000063923653,74765.0,14,True,2026-04-23 15:52:24.820601
689,5,10,balas_hammer,,0.16800000048533548,43164.0,14,True,2026-04-23 15:52:24.823659
690,5,10,marche_pied,nord_ouest,0.7202999986475334,42722.0,14,True,2026-04-23 15:52:24.826919
691,5,10,marche_pied,balas_hammer,0.46160000056261197,42722.0,14,True,2026-04-23 15:52:24.829889
692,5,10,nord_ouest,,0.03999999898951501,33643.0,14,True,2026-04-23 15:52:24.837220
693,5,10,balas_hammer,,0.1703000016277656,16151.0,14,True,2026-04-23 15:52:24.840360
694,5,10,marche_pied,nord_ouest,0.7056999984342838,16151.0,14,True,2026-04-23 15:52:24.843649
695,5,10,marche_pied,balas_hammer,0.3634000004240079,16151.0,14,True,2026-04-23 15:52:24.846543
696,5,10,nord_ouest,,0.03949999882024713,79252.0,14,True,2026-04-23 15:52:24.853729
697,5,10,balas_hammer,,0.1632999992580153,32591.0,14,True,2026-04-23 15:52:24.856854
698,5,10,marche_pied,nord_ouest,0.6970000013097888,32591.0,14,True,2026-04-23 15:52:24.860149
699,5,10,marche_pied,balas_hammer,0.3613999997469364,32591.0,14,True,2026-04-23 15:52:24.863069
700,5,10,nord_ouest,,0.0397000003431458,74616.0,14,True,2026-04-23 15:52:24.870427
701,5,10,balas_hammer,,0.1635999997233739,34849.0,14,True,2026-04-23 15:52:24.873505
702,5,10,marche_pied,nord_ouest,0.7078999988152646,34849.0,14,True,2026-04-23 15:52:24.876798
703,5,10,marche_pied,balas_hammer,0.3634000004240079,34849.0,14,True,2026-04-23 15:52:24.879762
704,5,10,nord_ouest,,0.04219999937049579,56767.0,14,True,2026-04-23 15:52:24.887175
705,5,10,balas_hammer,,0.17409999964002054,20831.0,14,True,2026-04-23 15:52:24.890292
706,5,10,marche_pied,nord_ouest,0.7069999992381781,20777.0,14,True,2026-04-23 15:52:24.893629
707,5,10,marche_pied,balas_hammer,0.4226000000926433,20777.0,14,True,2026-04-23 15:52:24.896637
708,5,10,nord_ouest,,0.039599999581696466,48402.0,14,True,2026-04-23 15:52:24.903939
709,5,10,balas_hammer,,0.16959999993559904,39042.0,14,True,2026-04-23 15:52:24.907107
710,5,10,marche_pied,nord_ouest,0.4337999998824671,34482.0,14,True,2026-04-23 15:52:24.910198
711,5,10,marche_pied,balas_hammer,0.47530000119877513,34482.0,14,True,2026-04-23 15:52:24.913289
712,5,10,nord_ouest,,0.04149999949731864,78381.0,14,True,2026-04-23 15:52:24.920490
713,5,10,balas_hammer,,0.17269999989366625,23828.0,14,True,2026-04-23 15:52:24.923696
714,5,10,marche_pied,nord_ouest,0.8022000001801644,21998.0,14,True,2026-04-23 15:52:24.927261
715,5,10,marche_pied,balas_hammer,0.532599999132799,21998.0,14,True,2026-04-23 15:52:24.930448
716,5,10,nord_ouest,,0.039599999581696466,61513.0,14,True,2026-04-23 15:52:24.937914
717,5,10,balas_hammer,,0.17280000065511558,44113.0,14,True,2026-04-23 15:52:24.941054
718,5,10,marche_pied,nord_ouest,0.5590000000665896,38276.0,14,True,2026-04-23 15:52:24.944218
719,5,10,marche_pied,balas_hammer,0.5208000002312474,38276.0,14,True,2026-04-23 15:52:24.947368
720,5,10,nord_ouest,,0.04289999924367294,46917.0,14,True,2026-04-23 15:52:24.955031
721,5,10,balas_hammer,,0.17420000040146988,19370.0,14,True,2026-04-23 15:52:24.958249
722,5,10,marche_pied,nord_ouest,0.6833999996160856,17109.0,14,True,2026-04-23 15:52:24.961529
723,5,10,marche_pied,balas_hammer,0.5417000011220807,17109.0,14,True,2026-04-23 15:52:24.964697
724,5,10,nord_ouest,,0.03950000063923653,74378.0,14,True,2026-04-23 15:52:24.971979
725,5,10,balas_hammer,,0.17079999997804407,54836.0,14,True,2026-04-23 15:52:24.975139
726,5,10,marche_pied,nord_ouest,0.47110000014072284,51608.0,14,True,2026-04-23 15:52:24.978299
727,5,10,marche_pied,balas_hammer,0.6176999995659571,51608.0,14,True,2026-04-23 15:52:24.981527
728,5,10,nord_ouest,,0.042300000131945126,54436.0,14,True,2026-04-23 15:52:24.989597
729,5,10,balas_hammer,,0.16870000035851263,32122.0,14,True,2026-04-23 15:52:24.992805
730,5,10,marche_pied,nord_ouest,0.7493000011891127,29327.0,14,True,2026-04-23 15:52:24.996173
731,5,10,marche_pied,balas_hammer,0.675299999784329,29327.0,14,True,2026-04-23 15:52:24.999450
732,5,10,nord_ouest,,0.04380000063974876,51188.0,14,True,2026-04-23 15:52:25.006842
733,5,10,balas_hammer,,0.1736999984132126,41473.0,14,True,2026-04-23 15:52:25.010123
734,5,10,marche_pied,nord_ouest,0.6262999995669816,36229.0,14,True,2026-04-23 15:52:25.013409
735,5,10,marche_pied,balas_hammer,0.5911999996897066,36229.0,14,True,2026-04-23 15:52:25.016633
736,5,10,nord_ouest,,0.037999998312443495,58534.0,14,True,2026-04-23 15:52:25.024063
737,5,10,balas_hammer,,0.1709000007394934,39480.0,14,True,2026-04-23 15:52:25.027300
738,5,10,marche_pied,nord_ouest,0.5713000009563984,39089.0,14,True,2026-04-23 15:52:25.030563
739,5,10,marche_pied,balas_hammer,0.5161999997653766,39089.0,14,True,2026-04-23 15:52:25.033701
740,5,10,nord_ouest,,0.03929999911633786,74571.0,14,True,2026-04-23 15:52:25.041056
741,5,10,balas_hammer,,0.16700000014679972,47399.0,14,True,2026-04-23 15:52:25.044209
742,5,10,marche_pied,nord_ouest,0.43790000017907005,46796.0,14,True,2026-04-23 15:52:25.047383
743,5,10,marche_pied,balas_hammer,0.4764000004797708,46796.0,14,True,2026-04-23 15:52:25.050618
744,5,10,nord_ouest,,0.04040000021632295,50302.0,14,True,2026-04-23 15:52:25.058335
745,5,10,balas_hammer,,0.17110000044340268,33567.0,14,True,2026-04-23 15:52:25.061647
746,5,10,marche_pied,nord_ouest,0.6635999998252373,26732.0,14,True,2026-04-23 15:52:25.065082
747,5,10,marche_pied,balas_hammer,0.6130999991000863,26732.0,14,True,2026-04-23 15:52:25.068422
748,5,10,nord_ouest,,0.04240000089339446,74134.0,14,True,2026-04-23 15:52:25.076049
749,5,10,balas_hammer,,0.1669000012043398,45065.0,14,True,2026-04-23 15:52:25.079323
750,5,10,marche_pied,nord_ouest,0.6511000010505086,40456.0,14,True,2026-04-23 15:52:25.082754
751,5,10,marche_pied,balas_hammer,0.581899999815505,40456.0,14,True,2026-04-23 15:52:25.086056
752,5,10,nord_ouest,,0.040299999454873614,49281.0,14,True,2026-04-23 15:52:25.093455
753,5,10,balas_hammer,,0.17380000099365134,38514.0,14,True,2026-04-23 15:52:25.096739
754,5,10,marche_pied,nord_ouest,0.6300999993982259,30996.0,14,True,2026-04-23 15:52:25.100139
755,5,10,marche_pied,balas_hammer,0.584700001127203,30996.0,14,True,2026-04-23 15:52:25.103400
756,5,10,nord_ouest,,0.03860000106215011,61943.0,14,True,2026-04-23 15:52:25.110846
757,5,10,balas_hammer,,0.16349999896192458,27227.0,14,True,2026-04-23 15:52:25.114103
758,5,10,marche_pied,nord_ouest,0.6659999999101274,27227.0,14,True,2026-04-23 15:52:25.117551
759,5,10,marche_pied,balas_hammer,0.3768999995372724,27227.0,14,True,2026-04-23 15:52:25.120669
760,5,10,nord_ouest,,0.04070000068168156,61802.0,14,True,2026-04-23 15:52:25.128343
761,5,10,balas_hammer,,0.17420000040146988,46072.0,14,True,2026-04-23 15:52:25.131709
762,5,10,marche_pied,nord_ouest,0.5655999993905425,45975.0,14,True,2026-04-23 15:52:25.135037
763,5,10,marche_pied,balas_hammer,0.49229999967792537,45975.0,14,True,2026-04-23 15:52:25.138280
764,5,10,nord_ouest,,0.04269999953976367,49863.0,14,True,2026-04-23 15:52:25.145911
765,5,10,balas_hammer,,0.16710000090824906,28082.0,14,True,2026-04-23 15:52:25.149241
766,5,10,marche_pied,nord_ouest,0.6673999996564817,27502.0,14,True,2026-04-23 15:52:25.152623
767,5,10,marche_pied,balas_hammer,0.4976999989594333,27502.0,14,True,2026-04-23 15:52:25.155908
768,5,10,nord_ouest,,0.03870000000461005,103299.0,14,True,2026-04-23 15:52:25.163331
769,5,10,balas_hammer,,0.17189999925903976,60236.0,14,True,2026-04-23 15:52:25.166661
770,5,10,marche_pied,nord_ouest,0.8039000003918773,57226.0,14,True,2026-04-23 15:52:25.170251
771,5,10,marche_pied,balas_hammer,0.5873999998584623,57226.0,14,True,2026-04-23 15:52:25.173678
772,5,10,nord_ouest,,0.04240000089339446,52206.0,14,True,2026-04-23 15:52:25.182174
773,5,10,balas_hammer,,0.17140000090876129,21016.0,14,True,2026-04-23 15:52:25.185550
774,5,10,marche_pied,nord_ouest,0.6574999988515629,20451.0,14,True,2026-04-23 15:52:25.189119
775,5,10,marche_pied,balas_hammer,0.49059999946621247,20451.0,14,True,2026-04-23 15:52:25.192363
776,5,10,nord_ouest,,0.039399999877787195,80156.0,14,True,2026-04-23 15:52:25.199719
777,5,10,balas_hammer,,0.17130000014731195,59670.0,14,True,2026-04-23 15:52:25.203060
778,5,10,marche_pied,nord_ouest,0.6200000007083872,59652.0,14,True,2026-04-23 15:52:25.206493
779,5,10,marche_pied,balas_hammer,0.44020000132150017,59652.0,14,True,2026-04-23 15:52:25.209698
780,5,10,nord_ouest,,0.035799999750452116,30668.0,14,True,2026-04-23 15:52:25.217267
781,5,10,balas_hammer,,0.1635999997233739,24253.0,14,True,2026-04-23 15:52:25.220505
782,5,10,marche_pied,nord_ouest,0.5799999998998828,24253.0,14,True,2026-04-23 15:52:25.223882
783,5,10,marche_pied,balas_hammer,0.387399999453919,24253.0,14,True,2026-04-23 15:52:25.227047
784,5,10,nord_ouest,,0.04169999920122791,43744.0,14,True,2026-04-23 15:52:25.234754
785,5,10,balas_hammer,,0.17049999951268546,31257.0,14,True,2026-04-23 15:52:25.238120
786,5,10,marche_pied,nord_ouest,0.4337999998824671,28183.0,14,True,2026-04-23 15:52:25.241386
787,5,10,marche_pied,balas_hammer,0.4802999992534751,28183.0,14,True,2026-04-23 15:52:25.244613
788,5,10,nord_ouest,,0.03909999941242859,90645.0,14,True,2026-04-23 15:52:25.252230
789,5,10,balas_hammer,,0.1778999994712649,69562.0,14,True,2026-04-23 15:52:25.258062
790,5,10,marche_pied,nord_ouest,0.5662000003212597,63111.0,14,True,2026-04-23 15:52:25.261617
791,5,10,marche_pied,balas_hammer,0.7217000002128771,63111.0,14,True,2026-04-23 15:52:25.265132
792,5,10,nord_ouest,,0.039200000173877925,32716.0,14,True,2026-04-23 15:52:25.272770
793,5,10,balas_hammer,,0.1726000009512063,18497.0,14,True,2026-04-23 15:52:25.276130
794,5,10,marche_pied,nord_ouest,0.5727999996452127,17369.0,14,True,2026-04-23 15:52:25.279562
795,5,10,marche_pied,balas_hammer,0.6101000017224578,17369.0,14,True,2026-04-23 15:52:25.282980
796,5,10,nord_ouest,,0.03859999924316071,57207.0,14,True,2026-04-23 15:52:25.290600
797,5,10,balas_hammer,,0.16959999993559904,30703.0,14,True,2026-04-23 15:52:25.294027
798,5,10,marche_pied,nord_ouest,0.6950000006327173,25988.0,14,True,2026-04-23 15:52:25.297572
799,5,10,marche_pied,balas_hammer,0.6663999993179459,25988.0,14,True,2026-04-23 15:52:25.301053
800,5,10,nord_ouest,,0.039399999877787195,42911.0,14,True,2026-04-23 15:52:25.308505
801,5,10,balas_hammer,,0.17240000124729704,32752.0,14,True,2026-04-23 15:52:25.311799
802,5,10,marche_pied,nord_ouest,0.6021000008331612,29017.0,14,True,2026-04-23 15:52:25.315380
803,5,10,marche_pied,balas_hammer,0.47509999967587646,29017.0,14,True,2026-04-23 15:52:25.318760
804,5,10,nord_ouest,,0.0382999987778021,80340.0,14,True,2026-04-23 15:52:25.326206
805,5,10,balas_hammer,,0.16479999976581894,24200.0,14,True,2026-04-23 15:52:25.329638
806,5,10,marche_pied,nord_ouest,0.7767999995849095,24125.0,14,True,2026-04-23 15:52:25.333254
807,5,10,marche_pied,balas_hammer,0.4287000010663178,24125.0,14,True,2026-04-23 15:52:25.336533
808,5,10,nord_ouest,,0.03990000004705507,32615.0,14,True,2026-04-23 15:52:25.344167
809,5,10,balas_hammer,,0.1720000000204891,26266.0,14,True,2026-04-23 15:52:25.347535
810,5,10,marche_pied,nord_ouest,0.5756999998993706,23317.0,14,True,2026-04-23 15:52:25.350977
811,5,10,marche_pied,balas_hammer,0.5831000016769394,23317.0,14,True,2026-04-23 15:52:25.354417
812,5,10,nord_ouest,,0.040299999454873614,49194.0,14,True,2026-04-23 15:52:25.362017
813,5,10,balas_hammer,,0.17110000044340268,35850.0,14,True,2026-04-23 15:52:25.365408
814,5,10,marche_pied,nord_ouest,0.7111000013537705,26781.0,14,True,2026-04-23 15:52:25.369041
815,5,10,marche_pied,balas_hammer,0.5810999991808785,26781.0,14,True,2026-04-23 15:52:25.372530
816,5,10,nord_ouest,,0.039799999285605736,92699.0,14,True,2026-04-23 15:52:25.380202
817,5,10,balas_hammer,,0.16520000099262688,39762.0,14,True,2026-04-23 15:52:25.383515
818,5,10,marche_pied,nord_ouest,0.7857000000512926,38294.0,14,True,2026-04-23 15:52:25.387257
819,5,10,marche_pied,balas_hammer,0.47000000085972715,38294.0,14,True,2026-04-23 15:52:25.390625
820,5,10,nord_ouest,,0.04240000089339446,44741.0,14,True,2026-04-23 15:52:25.398307
821,5,10,balas_hammer,,0.17079999997804407,31482.0,14,True,2026-04-23 15:52:25.401760
822,5,10,marche_pied,nord_ouest,0.6233000003703637,29901.0,14,True,2026-04-23 15:52:25.405243
823,5,10,marche_pied,balas_hammer,0.5344000001059612,29901.0,14,True,2026-04-23 15:52:25.408631
824,5,10,nord_ouest,,0.040299999454873614,81185.0,14,True,2026-04-23 15:52:25.416194
825,5,10,balas_hammer,,0.17550000120536424,60485.0,14,True,2026-04-23 15:52:25.419619
826,5,10,marche_pied,nord_ouest,0.5290000008244533,59080.0,14,True,2026-04-23 15:52:25.423064
827,5,10,marche_pied,balas_hammer,0.5808000005345093,59080.0,14,True,2026-04-23 15:52:25.426627
828,5,10,nord_ouest,,0.04050000097777229,63515.0,14,True,2026-04-23 15:52:25.434220
829,5,10,balas_hammer,,0.18060000002151355,29520.0,14,True,2026-04-23 15:52:25.437744
830,5,10,marche_pied,nord_ouest,0.8066000009421259,28932.0,14,True,2026-04-23 15:52:25.441509
831,5,10,marche_pied,balas_hammer,0.4076000004715752,28932.0,14,True,2026-04-23 15:52:25.444783
832,5,10,nord_ouest,,0.038300000596791506,41315.0,14,True,2026-04-23 15:52:25.452390
833,5,10,balas_hammer,,0.16730000061215833,19684.0,14,True,2026-04-23 15:52:25.455801
834,5,10,marche_pied,nord_ouest,0.7126000000425847,17575.0,14,True,2026-04-23 15:52:25.459485
835,5,10,marche_pied,balas_hammer,0.49200000103155617,17575.0,14,True,2026-04-23 15:52:25.462960
836,5,10,nord_ouest,,0.04160000025876798,42894.0,14,True,2026-04-23 15:52:25.470592
837,5,10,balas_hammer,,0.16770000001997687,31069.0,14,True,2026-04-23 15:52:25.474129
838,5,10,marche_pied,nord_ouest,0.4716000003099907,30167.0,14,True,2026-04-23 15:52:25.477558
839,5,10,marche_pied,balas_hammer,0.4706999989139149,30167.0,14,True,2026-04-23 15:52:25.480928
840,5,10,nord_ouest,,0.041700001020217314,80535.0,14,True,2026-04-23 15:52:25.488544
841,5,10,balas_hammer,,0.1644000003580004,48692.0,14,True,2026-04-23 15:52:25.491989
842,5,10,marche_pied,nord_ouest,0.7523000003857305,48260.0,14,True,2026-04-23 15:52:25.495719
843,5,10,marche_pied,balas_hammer,0.4391000002215151,48260.0,14,True,2026-04-23 15:52:25.499120
844,5,10,nord_ouest,,0.04219999937049579,51551.0,14,True,2026-04-23 15:52:25.506705
845,5,10,balas_hammer,,0.17409999964002054,35171.0,14,True,2026-04-23 15:52:25.510226
846,5,10,marche_pied,nord_ouest,0.5063999997219071,34311.0,14,True,2026-04-23 15:52:25.513742
847,5,10,marche_pied,balas_hammer,0.5550999994738959,34311.0,14,True,2026-04-23 15:52:25.517231
848,10,5,nord_ouest,,0.043799998820759356,170518.0,14,True,2026-04-23 15:52:25.524800
849,10,5,balas_hammer,,0.1740000006975606,121870.0,14,True,2026-04-23 15:52:25.528257
850,10,5,marche_pied,nord_ouest,0.5789000006188871,119822.0,14,True,2026-04-23 15:52:25.531790
851,10,5,marche_pied,balas_hammer,0.4428000011102995,119822.0,14,True,2026-04-23 15:52:25.535193
852,10,5,nord_ouest,,0.0439000014011981,121625.0,14,True,2026-04-23 15:52:25.547885
853,10,5,balas_hammer,,0.1787999990483513,45235.0,14,True,2026-04-23 15:52:25.551445
854,10,5,marche_pied,nord_ouest,0.581499998588697,43908.0,14,True,2026-04-23 15:52:25.554956
855,10,5,marche_pied,balas_hammer,0.5616000016743783,43908.0,14,True,2026-04-23 15:52:25.558440
856,10,5,nord_ouest,,0.04189999890513718,141934.0,14,True,2026-04-23 15:52:25.566204
857,10,5,balas_hammer,,0.16180000056920107,112063.0,14,True,2026-04-23 15:52:25.569721
858,10,5,marche_pied,nord_ouest,0.5392000002757413,111188.0,14,True,2026-04-23 15:52:25.573230
859,10,5,marche_pied,balas_hammer,0.4164000001765089,111188.0,14,True,2026-04-23 15:52:25.576649
860,10,5,nord_ouest,,0.042100000428035855,105991.0,14,True,2026-04-23 15:52:25.584357
861,10,5,balas_hammer,,0.18260000069858506,65169.0,14,True,2026-04-23 15:52:25.587897
862,10,5,marche_pied,nord_ouest,0.6780000003345776,65169.0,14,True,2026-04-23 15:52:25.591589
863,10,5,marche_pied,balas_hammer,0.38049999966460746,65169.0,14,True,2026-04-23 15:52:25.594934
864,10,5,nord_ouest,,0.043199999709031545,145351.0,14,True,2026-04-23 15:52:25.602621
865,10,5,balas_hammer,,0.17010000010486692,102672.0,14,True,2026-04-23 15:52:25.606144
866,10,5,marche_pied,nord_ouest,0.7138999990274897,102388.0,14,True,2026-04-23 15:52:25.609889
867,10,5,marche_pied,balas_hammer,0.47540000014123507,102388.0,14,True,2026-04-23 15:52:25.613389
868,10,5,nord_ouest,,0.04160000025876798,137507.0,14,True,2026-04-23 15:52:25.621024
869,10,5,balas_hammer,,0.16969999887805898,92049.0,14,True,2026-04-23 15:52:25.624588
870,10,5,marche_pied,nord_ouest,0.4490999999688938,90642.0,14,True,2026-04-23 15:52:25.628092
871,10,5,marche_pied,balas_hammer,0.4322000004322035,90642.0,14,True,2026-04-23 15:52:25.631560
872,10,5,nord_ouest,,0.04140000055485871,165170.0,14,True,2026-04-23 15:52:25.639311
873,10,5,balas_hammer,,0.17250000018975697,116971.0,14,True,2026-04-23 15:52:25.642777
874,10,5,marche_pied,nord_ouest,0.5304999995132675,112511.0,14,True,2026-04-23 15:52:25.646345
875,10,5,marche_pied,balas_hammer,0.5939000002399553,112511.0,14,True,2026-04-23 15:52:25.650021
876,10,5,nord_ouest,,0.04189999890513718,158714.0,14,True,2026-04-23 15:52:25.657942
877,10,5,balas_hammer,,0.8385000000998843,108125.0,14,True,2026-04-23 15:52:25.667081
878,10,5,marche_pied,nord_ouest,0.5619999992632074,95387.0,14,True,2026-04-23 15:52:25.671302
879,10,5,marche_pied,balas_hammer,0.6704999996145489,95387.0,14,True,2026-04-23 15:52:25.684212
880,10,5,nord_ouest,,0.04710000030172523,102572.0,14,True,2026-04-23 15:52:25.695983
881,10,5,balas_hammer,,0.17729999854054768,30955.0,14,True,2026-04-23 15:52:25.700253
882,10,5,marche_pied,nord_ouest,0.7585999992443249,30937.0,14,True,2026-04-23 15:52:25.704191
883,10,5,marche_pied,balas_hammer,0.4616999995050719,30937.0,14,True,2026-04-23 15:52:25.707718
884,10,5,nord_ouest,,0.043000000005122274,100482.0,14,True,2026-04-23 15:52:25.715684
885,10,5,balas_hammer,,0.17689999913272914,78954.0,14,True,2026-04-23 15:52:25.719332
886,10,5,marche_pied,nord_ouest,0.5898999988858122,74969.0,14,True,2026-04-23 15:52:25.722954
887,10,5,marche_pied,balas_hammer,0.5854999999428401,74969.0,14,True,2026-04-23 15:52:25.726620
888,10,5,nord_ouest,,0.0455999997939216,170015.0,14,True,2026-04-23 15:52:25.734780
889,10,5,balas_hammer,,0.18119999913324136,85092.0,14,True,2026-04-23 15:52:25.738432
890,10,5,marche_pied,nord_ouest,0.5952999999863096,78309.0,14,True,2026-04-23 15:52:25.742066
891,10,5,marche_pied,balas_hammer,0.581499998588697,78309.0,14,True,2026-04-23 15:52:25.745722
892,10,5,nord_ouest,,0.04040000021632295,109994.0,14,True,2026-04-23 15:52:25.753493
893,10,5,balas_hammer,,0.18140000065614004,60642.0,14,True,2026-04-23 15:52:25.757095
894,10,5,marche_pied,nord_ouest,0.6350999992719153,60496.0,14,True,2026-04-23 15:52:25.760780
895,10,5,marche_pied,balas_hammer,0.44659999912255444,60496.0,14,True,2026-04-23 15:52:25.764222
896,10,5,nord_ouest,,0.041700001020217314,126325.0,14,True,2026-04-23 15:52:25.772444
897,10,5,balas_hammer,,0.1757000009092735,91851.0,14,True,2026-04-23 15:52:25.776070
898,10,5,marche_pied,nord_ouest,0.5752999986725627,90299.0,14,True,2026-04-23 15:52:25.779773
899,10,5,marche_pied,balas_hammer,0.4870000011578668,90299.0,14,True,2026-04-23 15:52:25.783305
900,10,5,nord_ouest,,0.04369999987829942,90965.0,14,True,2026-04-23 15:52:25.792215
901,10,5,balas_hammer,,0.18310000086785294,51600.0,14,True,2026-04-23 15:52:25.795908
902,10,5,marche_pied,nord_ouest,0.8730999998078914,49454.0,14,True,2026-04-23 15:52:25.799932
903,10,5,marche_pied,balas_hammer,0.5565999999816995,49454.0,14,True,2026-04-23 15:52:25.803581
904,10,5,nord_ouest,,0.039399999877787195,192109.0,14,True,2026-04-23 15:52:25.811459
905,10,5,balas_hammer,,0.18169999930250924,83767.0,14,True,2026-04-23 15:52:25.815068
906,10,5,marche_pied,nord_ouest,0.8863000002747867,77032.0,14,True,2026-04-23 15:52:25.819131
907,10,5,marche_pied,balas_hammer,0.6062000011297641,77032.0,14,True,2026-04-23 15:52:25.822829
908,10,5,nord_ouest,,0.042499999835854396,123253.0,14,True,2026-04-23 15:52:25.830405
909,10,5,balas_hammer,,0.1793000010366086,110730.0,14,True,2026-04-23 15:52:25.834099
910,10,5,marche_pied,nord_ouest,0.588400000196998,101190.0,14,True,2026-04-23 15:52:25.837793
911,10,5,marche_pied,balas_hammer,0.6739000000379747,101190.0,14,True,2026-04-23 15:52:25.841582
912,10,5,nord_ouest,,0.04010000156995375,160759.0,14,True,2026-04-23 15:52:25.849267
913,10,5,balas_hammer,,0.18280000040249433,49866.0,14,True,2026-04-23 15:52:25.852887
914,10,5,marche_pied,nord_ouest,0.830599999972037,46418.0,14,True,2026-04-23 15:52:25.856816
915,10,5,marche_pied,balas_hammer,0.5498000009538373,46418.0,14,True,2026-04-23 15:52:25.860459
916,10,5,nord_ouest,,0.04479999915929511,161249.0,14,True,2026-04-23 15:52:25.868410
917,10,5,balas_hammer,,0.17150000167021062,87352.0,14,True,2026-04-23 15:52:25.872182
918,10,5,marche_pied,nord_ouest,0.7311999997909879,83504.0,14,True,2026-04-23 15:52:25.876031
919,10,5,marche_pied,balas_hammer,0.5679000005329726,83504.0,14,True,2026-04-23 15:52:25.879678
920,10,5,nord_ouest,,0.042300000131945126,122494.0,14,True,2026-04-23 15:52:25.887606
921,10,5,balas_hammer,,0.1745000008668285,43555.0,14,True,2026-04-23 15:52:25.891254
922,10,5,marche_pied,nord_ouest,0.6061000003683148,43555.0,14,True,2026-04-23 15:52:25.894965
923,10,5,marche_pied,balas_hammer,0.37630000042554457,43555.0,14,True,2026-04-23 15:52:25.898473
924,10,5,nord_ouest,,0.04149999949731864,157444.0,14,True,2026-04-23 15:52:25.906437
925,10,5,balas_hammer,,0.16230000073846895,101869.0,14,True,2026-04-23 15:52:25.910198
926,10,5,marche_pied,nord_ouest,0.4434000002220273,100054.0,14,True,2026-04-23 15:52:25.913773
927,10,5,marche_pied,balas_hammer,0.41149999924527947,100054.0,14,True,2026-04-23 15:52:25.917262
928,10,5,nord_ouest,,0.04439999975147657,255225.0,14,True,2026-04-23 15:52:25.925312
929,10,5,balas_hammer,,0.17219999972439837,208312.0,14,True,2026-04-23 15:52:25.929019
930,10,5,marche_pied,nord_ouest,0.7779999996273546,206912.0,14,True,2026-04-23 15:52:25.933004
931,10,5,marche_pied,balas_hammer,0.4411000008985866,206912.0,14,True,2026-04-23 15:52:25.936685
932,10,5,nord_ouest,,0.04090000038559083,98696.0,14,True,2026-04-23 15:52:25.944512
933,10,5,balas_hammer,,0.17740000112098642,71669.0,14,True,2026-04-23 15:52:25.948237
934,10,5,marche_pied,nord_ouest,0.5879000000277301,62959.0,14,True,2026-04-23 15:52:25.951950
935,10,5,marche_pied,balas_hammer,0.632499999483116,62959.0,14,True,2026-04-23 15:52:25.955721
936,10,5,nord_ouest,,0.041700001020217314,147553.0,14,True,2026-04-23 15:52:25.963533
937,10,5,balas_hammer,,0.18350000027567148,71612.0,14,True,2026-04-23 15:52:25.967237
938,10,5,marche_pied,nord_ouest,0.5476999995153164,71079.0,14,True,2026-04-23 15:52:25.970959
939,10,5,marche_pied,balas_hammer,0.4609000006894348,71079.0,14,True,2026-04-23 15:52:25.974574
940,10,5,nord_ouest,,0.07449999975506216,109173.0,14,True,2026-04-23 15:52:25.982524
941,10,5,balas_hammer,,0.1815999985410599,59198.0,14,True,2026-04-23 15:52:25.986231
942,10,5,marche_pied,nord_ouest,0.6771000007574912,48510.0,14,True,2026-04-23 15:52:25.990066
943,10,5,marche_pied,balas_hammer,0.5400999998528278,48510.0,14,True,2026-04-23 15:52:25.993729
944,10,5,nord_ouest,,0.04070000068168156,69333.0,14,True,2026-04-23 15:52:26.001871
945,10,5,balas_hammer,,0.16940000023168977,52163.0,14,True,2026-04-23 15:52:26.005618
946,10,5,marche_pied,nord_ouest,0.6203000011737458,52150.0,14,True,2026-04-23 15:52:26.009399
947,10,5,marche_pied,balas_hammer,0.4298999992897734,52150.0,14,True,2026-04-23 15:52:26.013026
948,10,5,nord_ouest,,0.042100000428035855,96725.0,14,True,2026-04-23 15:52:26.020783
949,10,5,balas_hammer,,0.16770000001997687,93013.0,14,True,2026-04-23 15:52:26.024461
950,10,5,marche_pied,nord_ouest,0.3572999994503334,77564.0,14,True,2026-04-23 15:52:26.028075
951,10,5,marche_pied,balas_hammer,0.577000000703265,77564.0,14,True,2026-04-23 15:52:26.031878
952,10,5,nord_ouest,,0.04369999987829942,132057.0,14,True,2026-04-23 15:52:26.071582
953,10,5,balas_hammer,,0.17360000128974207,39737.0,14,True,2026-04-23 15:52:26.075403
954,10,5,marche_pied,nord_ouest,0.6831000009697163,39737.0,14,True,2026-04-23 15:52:26.079307
955,10,5,marche_pied,balas_hammer,0.38189999941096175,39737.0,14,True,2026-04-23 15:52:26.082874
956,10,5,nord_ouest,,0.043000000005122274,141097.0,14,True,2026-04-23 15:52:26.091478
957,10,5,balas_hammer,,0.173700000232202,54128.0,14,True,2026-04-23 15:52:26.095219
958,10,5,marche_pied,nord_ouest,0.6453000005421927,50208.0,14,True,2026-04-23 15:52:26.099123
959,10,5,marche_pied,balas_hammer,0.45930000123917125,50208.0,14,True,2026-04-23 15:52:26.102834
960,10,5,nord_ouest,,0.04129999979340937,131435.0,14,True,2026-04-23 15:52:26.110704
961,10,5,balas_hammer,,0.1757000009092735,84999.0,14,True,2026-04-23 15:52:26.114476
962,10,5,marche_pied,nord_ouest,0.44860000161861535,83602.0,14,True,2026-04-23 15:52:26.118146
963,10,5,marche_pied,balas_hammer,0.4841999998461688,83602.0,14,True,2026-04-23 15:52:26.121849
964,10,5,nord_ouest,,0.040899998566601425,181197.0,14,True,2026-04-23 15:52:26.129771
965,10,5,balas_hammer,,0.17269999989366625,86392.0,14,True,2026-04-23 15:52:26.133602
966,10,5,marche_pied,nord_ouest,0.7101000010152347,81228.0,14,True,2026-04-23 15:52:26.137565
967,10,5,marche_pied,balas_hammer,0.506800000948715,81228.0,14,True,2026-04-23 15:52:26.141251
968,10,5,nord_ouest,,0.04149999949731864,147190.0,14,True,2026-04-23 15:52:26.149401
969,10,5,balas_hammer,,0.1688999982434325,100555.0,14,True,2026-04-23 15:52:26.153211
970,10,5,marche_pied,nord_ouest,0.5569000004470581,88815.0,14,True,2026-04-23 15:52:26.157038
971,10,5,marche_pied,balas_hammer,0.5813999996462371,88815.0,14,True,2026-04-23 15:52:26.160848
972,10,5,nord_ouest,,0.04040000021632295,69131.0,14,True,2026-04-23 15:52:26.168750
973,10,5,balas_hammer,,0.16820000018924475,44868.0,14,True,2026-04-23 15:52:26.172507
974,10,5,marche_pied,nord_ouest,0.6523000010929536,44491.0,14,True,2026-04-23 15:52:26.176517
975,10,5,marche_pied,balas_hammer,0.5585999988397816,44491.0,14,True,2026-04-23 15:52:26.180461
976,10,5,nord_ouest,,0.04070000068168156,127686.0,14,True,2026-04-23 15:52:26.188612
977,10,5,balas_hammer,,0.180200000613695,80974.0,14,True,2026-04-23 15:52:26.192418
978,10,5,marche_pied,nord_ouest,0.7638999995833728,71147.0,14,True,2026-04-23 15:52:26.196512
979,10,5,marche_pied,balas_hammer,0.5060000003140885,71147.0,14,True,2026-04-23 15:52:26.200269
980,10,5,nord_ouest,,0.040800001443130895,104114.0,14,True,2026-04-23 15:52:26.208274
981,10,5,balas_hammer,,0.17950000074051786,54170.0,14,True,2026-04-23 15:52:26.212060
982,10,5,marche_pied,nord_ouest,0.6983999992371537,52263.0,14,True,2026-04-23 15:52:26.216062
983,10,5,marche_pied,balas_hammer,0.5710999994334998,52263.0,14,True,2026-04-23 15:52:26.219902
984,10,5,nord_ouest,,0.044600001274375245,143639.0,14,True,2026-04-23 15:52:26.227991
985,10,5,balas_hammer,,0.16660000073898118,140129.0,14,True,2026-04-23 15:52:26.231859
986,10,5,marche_pied,nord_ouest,0.35349999961908907,128873.0,14,True,2026-04-23 15:52:26.235471
987,10,5,marche_pied,balas_hammer,0.6257000004552538,128873.0,14,True,2026-04-23 15:52:26.239366
988,10,5,nord_ouest,,0.03980000110459514,134985.0,14,True,2026-04-23 15:52:26.247104
989,10,5,balas_hammer,,0.17160000061267056,54218.0,14,True,2026-04-23 15:52:26.250877
990,10,5,marche_pied,nord_ouest,0.7741999997961102,52180.0,14,True,2026-04-23 15:52:26.255029
991,10,5,marche_pied,balas_hammer,0.609200000326382,52180.0,14,True,2026-04-23 15:52:26.258926
992,10,5,nord_ouest,,0.043000000005122274,184056.0,14,True,2026-04-23 15:52:26.267054
993,10,5,balas_hammer,,0.17889999980980065,112949.0,14,True,2026-04-23 15:52:26.270899
994,10,5,marche_pied,nord_ouest,0.7346000002144137,99839.0,14,True,2026-04-23 15:52:26.274878
995,10,5,marche_pied,balas_hammer,0.6391000006260583,99839.0,14,True,2026-04-23 15:52:26.278768
996,10,5,nord_ouest,,0.04270000135875307,179213.0,14,True,2026-04-23 15:52:26.286800
997,10,5,balas_hammer,,0.1742999993439298,72699.0,14,True,2026-04-23 15:52:26.290682
998,10,5,marche_pied,nord_ouest,0.7822000006854068,71591.0,14,True,2026-04-23 15:52:26.294741
999,10,5,marche_pied,balas_hammer,0.5164000012882752,71591.0,14,True,2026-04-23 15:52:26.298548
1000,10,5,nord_ouest,,0.040499999158782884,108298.0,14,True,2026-04-23 15:52:26.306577
1001,10,5,balas_hammer,,0.1685999995970633,49752.0,14,True,2026-04-23 15:52:26.310405
1002,10,5,marche_pied,nord_ouest,0.5587000014202204,47791.0,14,True,2026-04-23 15:52:26.314367
1003,10,5,marche_pied,balas_hammer,0.5512000007001916,47791.0,14,True,2026-04-23 15:52:26.318343
1004,10,5,nord_ouest,,0.04140000055485871,117240.0,14,True,2026-04-23 15:52:26.326247
1005,10,5,balas_hammer,,0.17120000120485201,63556.0,14,True,2026-04-23 15:52:26.330142
1006,10,5,marche_pied,nord_ouest,0.8048999989114236,63556.0,14,True,2026-04-23 15:52:26.334292
1007,10,5,marche_pied,balas_hammer,0.4048999999213265,63556.0,14,True,2026-04-23 15:52:26.338085
1008,10,5,nord_ouest,,0.043399999412940815,112610.0,14,True,2026-04-23 15:52:26.350724
1009,10,5,balas_hammer,,0.1788000008673407,60649.0,14,True,2026-04-23 15:52:26.354724
1010,10,5,marche_pied,nord_ouest,0.7628999992448371,55749.0,14,True,2026-04-23 15:52:26.359259
1011,10,5,marche_pied,balas_hammer,0.6584000002476387,55749.0,14,True,2026-04-23 15:52:26.363653
1012,10,5,nord_ouest,,0.044499998693936504,125099.0,14,True,2026-04-23 15:52:26.383280
1013,10,5,balas_hammer,,0.167199999850709,76489.0,14,True,2026-04-23 15:52:26.387276
1014,10,5,marche_pied,nord_ouest,0.6060000014258549,69049.0,14,True,2026-04-23 15:52:26.391182
1015,10,5,marche_pied,balas_hammer,0.6501999996544328,69049.0,14,True,2026-04-23 15:52:26.395194
1016,10,5,nord_ouest,,0.03909999941242859,96297.0,14,True,2026-04-23 15:52:26.403286
1017,10,5,balas_hammer,,0.17280000065511558,87329.0,14,True,2026-04-23 15:52:26.407030
1018,10,5,marche_pied,nord_ouest,0.44320000051811803,86811.0,14,True,2026-04-23 15:52:26.410890
1019,10,5,marche_pied,balas_hammer,0.43449999975564424,86811.0,14,True,2026-04-23 15:52:26.414668
1020,10,5,nord_ouest,,0.04209999860904645,126778.0,14,True,2026-04-23 15:52:26.423254
1021,10,5,balas_hammer,,0.17430000116291922,72392.0,14,True,2026-04-23 15:52:26.427304
1022,10,5,marche_pied,nord_ouest,0.6376000001182547,67647.0,14,True,2026-04-23 15:52:26.431415
1023,10,5,marche_pied,balas_hammer,0.5992000005790032,67647.0,14,True,2026-04-23 15:52:26.435362
1024,10,5,nord_ouest,,0.040499999158782884,145169.0,14,True,2026-04-23 15:52:26.443480
1025,10,5,balas_hammer,,0.17890000162879005,79959.0,14,True,2026-04-23 15:52:26.447400
1026,10,5,marche_pied,nord_ouest,0.8330000000569271,78708.0,14,True,2026-04-23 15:52:26.451649
1027,10,5,marche_pied,balas_hammer,0.522399999681511,78708.0,14,True,2026-04-23 15:52:26.455543
1028,10,5,nord_ouest,,0.041000001147040166,183547.0,14,True,2026-04-23 15:52:26.463508
1029,10,5,balas_hammer,,0.17189999925903976,110903.0,14,True,2026-04-23 15:52:26.467436
1030,10,5,marche_pied,nord_ouest,0.6068999991839519,110890.0,14,True,2026-04-23 15:52:26.471557
1031,10,5,marche_pied,balas_hammer,0.44329999946057796,110890.0,14,True,2026-04-23 15:52:26.475497
1032,10,5,nord_ouest,,0.03950000063923653,144281.0,14,True,2026-04-23 15:52:26.483613
1033,10,5,balas_hammer,,0.17750000006344635,102846.0,14,True,2026-04-23 15:52:26.487582
1034,10,5,marche_pied,nord_ouest,0.6766999995306833,100288.0,14,True,2026-04-23 15:52:26.491676
1035,10,5,marche_pied,balas_hammer,0.6133999995654449,100288.0,14,True,2026-04-23 15:52:26.495649
1036,10,5,nord_ouest,,0.04189999890513718,123770.0,14,True,2026-04-23 15:52:26.503645
1037,10,5,balas_hammer,,0.17440000010537915,68554.0,14,True,2026-04-23 15:52:26.507628
1038,10,5,marche_pied,nord_ouest,0.7889999997132691,67207.0,14,True,2026-04-23 15:52:26.511892
1039,10,5,marche_pied,balas_hammer,0.5630999985442031,67207.0,14,True,2026-04-23 15:52:26.515794
1040,10,5,nord_ouest,,0.04439999975147657,95629.0,14,True,2026-04-23 15:52:26.524841
1041,10,5,balas_hammer,,0.18199999976786785,50337.0,14,True,2026-04-23 15:52:26.528822
1042,10,5,marche_pied,nord_ouest,0.6616999999096151,48698.0,14,True,2026-04-23 15:52:26.532913
1043,10,5,marche_pied,balas_hammer,0.635300000794814,48698.0,14,True,2026-04-23 15:52:26.536892
1044,10,5,nord_ouest,,0.041900000724126585,136538.0,14,True,2026-04-23 15:52:26.544984
1045,10,5,balas_hammer,,0.16560000040044542,96402.0,14,True,2026-04-23 15:52:26.548913
1046,10,5,marche_pied,nord_ouest,0.6407000000763219,96304.0,14,True,2026-04-23 15:52:26.552901
1047,10,5,marche_pied,balas_hammer,0.4414999984874157,96304.0,14,True,2026-04-23 15:52:26.556662
1048,10,5,nord_ouest,,0.04070000068168156,140359.0,14,True,2026-04-23 15:52:26.564607
1049,10,5,balas_hammer,,0.16369999866583385,85841.0,14,True,2026-04-23 15:52:26.568599
1050,10,5,marche_pied,nord_ouest,0.6040000007487833,85313.0,14,True,2026-04-23 15:52:26.572576
1051,10,5,marche_pied,balas_hammer,0.598699998590746,85313.0,14,True,2026-04-23 15:52:26.576555
1052,10,5,nord_ouest,,0.039599999581696466,138508.0,14,True,2026-04-23 15:52:26.584830
1053,10,5,balas_hammer,,0.1779000012902543,89519.0,14,True,2026-04-23 15:52:26.588738
1054,10,5,marche_pied,nord_ouest,0.6858999986434355,84172.0,14,True,2026-04-23 15:52:26.592877
1055,10,5,marche_pied,balas_hammer,0.61939999977767,84172.0,14,True,2026-04-23 15:52:26.596901
1056,10,5,nord_ouest,,0.040499999158782884,174065.0,14,True,2026-04-23 15:52:26.605025
1057,10,5,balas_hammer,,0.16710000090824906,106394.0,14,True,2026-04-23 15:52:26.609022
1058,10,5,marche_pied,nord_ouest,0.7532999989052769,97392.0,14,True,2026-04-23 15:52:26.613215
1059,10,5,marche_pied,balas_hammer,0.5474999998114072,97392.0,14,True,2026-04-23 15:52:26.617163
1060,10,5,nord_ouest,,0.04099999932805076,153227.0,14,True,2026-04-23 15:52:26.625285
1061,10,5,balas_hammer,,0.17459999980928842,69918.0,14,True,2026-04-23 15:52:26.629290
1062,10,5,marche_pied,nord_ouest,0.7753999998385552,68453.0,14,True,2026-04-23 15:52:26.633536
1063,10,5,marche_pied,balas_hammer,0.4991999994672369,68453.0,14,True,2026-04-23 15:52:26.637429
1064,10,5,nord_ouest,,0.04010000156995375,138361.0,14,True,2026-04-23 15:52:26.645564
1065,10,5,balas_hammer,,0.16930000128922984,101255.0,14,True,2026-04-23 15:52:26.649498
1066,10,5,marche_pied,nord_ouest,0.5590000000665896,90949.0,14,True,2026-04-23 15:52:26.653568
1067,10,5,marche_pied,balas_hammer,0.5956000004516682,90949.0,14,True,2026-04-23 15:52:26.657621
1068,10,5,nord_ouest,,0.04269999953976367,184150.0,14,True,2026-04-23 15:52:26.665798
1069,10,5,balas_hammer,,0.17440000010537915,61201.0,14,True,2026-04-23 15:52:26.669849
1070,10,5,marche_pied,nord_ouest,0.674099999741884,58249.0,14,True,2026-04-23 15:52:26.673972
1071,10,5,marche_pied,balas_hammer,0.4718000000139,58249.0,14,True,2026-04-23 15:52:26.677969
1072,10,5,nord_ouest,,0.04269999953976367,92195.0,14,True,2026-04-23 15:52:26.686195
1073,10,5,balas_hammer,,0.1689000000624219,42456.0,14,True,2026-04-23 15:52:26.690240
1074,10,5,marche_pied,nord_ouest,0.6099000001995591,41960.0,14,True,2026-04-23 15:52:26.694289
1075,10,5,marche_pied,balas_hammer,0.5110999991302378,41960.0,14,True,2026-04-23 15:52:26.698204
1076,10,5,nord_ouest,,0.04260000059730373,179396.0,14,True,2026-04-23 15:52:26.706229
1077,10,5,balas_hammer,,0.17499999921710696,75243.0,14,True,2026-04-23 15:52:26.710252
1078,10,5,marche_pied,nord_ouest,0.6901000015204772,75243.0,14,True,2026-04-23 15:52:26.714425
1079,10,5,marche_pied,balas_hammer,0.39569999898958486,75243.0,14,True,2026-04-23 15:52:26.718384
1080,10,5,nord_ouest,,0.04129999979340937,88781.0,14,True,2026-04-23 15:52:26.726430
1081,10,5,balas_hammer,,0.16689999938535038,52472.0,14,True,2026-04-23 15:52:26.730493
1082,10,5,marche_pied,nord_ouest,0.5921000010857824,50720.0,14,True,2026-04-23 15:52:26.734610
1083,10,5,marche_pied,balas_hammer,0.5216000008658739,50720.0,14,True,2026-04-23 15:52:26.738555
1084,10,5,nord_ouest,,0.04290000106266234,144711.0,14,True,2026-04-23 15:52:26.746770
1085,10,5,balas_hammer,,0.17240000124729704,70743.0,14,True,2026-04-23 15:52:26.750797
1086,10,5,marche_pied,nord_ouest,0.5975000003672903,68950.0,14,True,2026-04-23 15:52:26.755008
1087,10,5,marche_pied,balas_hammer,0.5393999999796506,68950.0,14,True,2026-04-23 15:52:26.759048
1088,10,5,nord_ouest,,0.04160000025876798,88207.0,14,True,2026-04-23 15:52:26.767362
1089,10,5,balas_hammer,,0.17130000014731195,62434.0,14,True,2026-04-23 15:52:26.771824
1090,10,5,marche_pied,nord_ouest,0.5940999999438645,57550.0,14,True,2026-04-23 15:52:26.776030
1091,10,5,marche_pied,balas_hammer,0.5958000001555774,57550.0,14,True,2026-04-23 15:52:26.780199
1092,10,5,nord_ouest,,0.040699998862692155,121353.0,14,True,2026-04-23 15:52:26.788865
1093,10,5,balas_hammer,,0.16829999913170468,68999.0,14,True,2026-04-23 15:52:26.792973
1094,10,5,marche_pied,nord_ouest,0.7418999994115438,61183.0,14,True,2026-04-23 15:52:26.797228
1095,10,5,marche_pied,balas_hammer,0.766200000725803,61183.0,14,True,2026-04-23 15:52:26.801480
1096,10,5,nord_ouest,,0.042499999835854396,110212.0,14,True,2026-04-23 15:52:26.809827
1097,10,5,balas_hammer,,0.17549999938637484,54835.0,14,True,2026-04-23 15:52:26.813805
1098,10,5,marche_pied,nord_ouest,0.7069000002957182,53081.0,14,True,2026-04-23 15:52:26.818048
1099,10,5,marche_pied,balas_hammer,0.4988000000594184,53081.0,14,True,2026-04-23 15:52:26.822080
1100,10,5,nord_ouest,,0.0397000003431458,149800.0,14,True,2026-04-23 15:52:26.830236
1101,10,5,balas_hammer,,0.16990000040095765,104679.0,14,True,2026-04-23 15:52:26.834282
1102,10,5,marche_pied,nord_ouest,0.675299999784329,97839.0,14,True,2026-04-23 15:52:26.838519
1103,10,5,marche_pied,balas_hammer,0.6021999997756211,97839.0,14,True,2026-04-23 15:52:26.842608
1104,10,5,nord_ouest,,0.03760000072361436,153519.0,14,True,2026-04-23 15:52:26.850859
1105,10,5,balas_hammer,,0.1599000006535789,77163.0,14,True,2026-04-23 15:52:26.854836
1106,10,5,marche_pied,nord_ouest,0.7944999997562263,73469.0,14,True,2026-04-23 15:52:26.859289
1107,10,5,marche_pied,balas_hammer,0.6286000007094117,73469.0,14,True,2026-04-23 15:52:26.863519
1108,10,5,nord_ouest,,0.039599999581696466,138570.0,14,True,2026-04-23 15:52:26.871831
1109,10,5,balas_hammer,,0.16899999900488183,104612.0,14,True,2026-04-23 15:52:26.876003
1110,10,5,marche_pied,nord_ouest,0.543199999810895,97508.0,14,True,2026-04-23 15:52:26.880104
1111,10,5,marche_pied,balas_hammer,0.586000000112108,97508.0,14,True,2026-04-23 15:52:26.884256
1112,10,5,nord_ouest,,0.041900000724126585,78621.0,14,True,2026-04-23 15:52:26.892741
1113,10,5,balas_hammer,,0.17810000099416357,56397.0,14,True,2026-04-23 15:52:26.896876
1114,10,5,marche_pied,nord_ouest,0.40970000009110663,51729.0,14,True,2026-04-23 15:52:26.900835
1115,10,5,marche_pied,balas_hammer,0.5547000000660773,51729.0,14,True,2026-04-23 15:52:26.904911
1116,10,5,nord_ouest,,0.03999999898951501,175281.0,14,True,2026-04-23 15:52:26.913231
1117,10,5,balas_hammer,,0.1801999987947056,70616.0,14,True,2026-04-23 15:52:26.917257
1118,10,5,marche_pied,nord_ouest,0.7246999994094949,69935.0,14,True,2026-04-23 15:52:26.921639
1119,10,5,marche_pied,balas_hammer,0.5129000001034001,69935.0,14,True,2026-04-23 15:52:26.925706
1120,10,5,nord_ouest,,0.04260000059730373,106027.0,14,True,2026-04-23 15:52:26.934197
1121,10,5,balas_hammer,,0.16940000023168977,66955.0,14,True,2026-04-23 15:52:26.938345
1122,10,5,marche_pied,nord_ouest,0.5474999998114072,61207.0,14,True,2026-04-23 15:52:26.942484
1123,10,5,marche_pied,balas_hammer,0.4946000008203555,61207.0,14,True,2026-04-23 15:52:26.946771
1124,10,5,nord_ouest,,0.038100000892882235,67333.0,14,True,2026-04-23 15:52:26.955133
1125,10,5,balas_hammer,,0.16760000107751694,42298.0,14,True,2026-04-23 15:52:26.959151
1126,10,5,marche_pied,nord_ouest,0.5834000003233086,42018.0,14,True,2026-04-23 15:52:26.963366
1127,10,5,marche_pied,balas_hammer,0.4324999990785727,42018.0,14,True,2026-04-23 15:52:26.967428
1128,10,5,nord_ouest,,0.04169999920122791,95123.0,14,True,2026-04-23 15:52:26.975859
1129,10,5,balas_hammer,,0.1723000004858477,72021.0,14,True,2026-04-23 15:52:26.980010
1130,10,5,marche_pied,nord_ouest,0.5368000001908513,70328.0,14,True,2026-04-23 15:52:26.984164
1131,10,5,marche_pied,balas_hammer,0.5010999993828591,70328.0,14,True,2026-04-23 15:52:26.988183
1132,10,5,nord_ouest,,0.040099999750964344,70295.0,14,True,2026-04-23 15:52:26.996490
1133,10,5,balas_hammer,,0.16839999989315402,41717.0,14,True,2026-04-23 15:52:27.000564
1134,10,5,marche_pied,nord_ouest,0.6042000004526926,40813.0,14,True,2026-04-23 15:52:27.004835
1135,10,5,marche_pied,balas_hammer,0.5095000014989637,40813.0,14,True,2026-04-23 15:52:27.009045
1136,10,5,nord_ouest,,0.04350000017439015,146669.0,14,True,2026-04-23 15:52:27.018016
1137,10,5,balas_hammer,,0.1666999996814411,96881.0,14,True,2026-04-23 15:52:27.022221
1138,10,5,marche_pied,nord_ouest,0.6745999999111518,84813.0,14,True,2026-04-23 15:52:27.026444
1139,10,5,marche_pied,balas_hammer,0.6754000005457783,84813.0,14,True,2026-04-23 15:52:27.030721
1140,10,5,nord_ouest,,0.042100000428035855,95669.0,14,True,2026-04-23 15:52:27.039453
1141,10,5,balas_hammer,,0.1750999999785563,49244.0,14,True,2026-04-23 15:52:27.043542
1142,10,5,marche_pied,nord_ouest,0.7765999998810003,49224.0,14,True,2026-04-23 15:52:27.047952
1143,10,5,marche_pied,balas_hammer,0.45250000039231963,49224.0,14,True,2026-04-23 15:52:27.052059
1144,10,5,nord_ouest,,0.04239999907440506,105942.0,14,True,2026-04-23 15:52:27.060579
1145,10,5,balas_hammer,,0.1754000004439149,77351.0,14,True,2026-04-23 15:52:27.064754
1146,10,5,marche_pied,nord_ouest,0.6809999995311955,74559.0,14,True,2026-04-23 15:52:27.069083
1147,10,5,marche_pied,balas_hammer,0.49250000120082404,74559.0,14,True,2026-04-23 15:52:27.073251
1148,10,5,nord_ouest,,0.0442000000475673,83930.0,14,True,2026-04-23 15:52:27.082029
1149,10,5,balas_hammer,,0.15730000086477958,62305.0,14,True,2026-04-23 15:52:27.086148
1150,10,5,marche_pied,nord_ouest,0.692400000843918,60130.0,14,True,2026-04-23 15:52:27.090487
1151,10,5,marche_pied,balas_hammer,0.5657000001519918,60130.0,14,True,2026-04-23 15:52:27.094857
1152,10,5,nord_ouest,,0.04219999937049579,172457.0,14,True,2026-04-23 15:52:27.103528
1153,10,5,balas_hammer,,0.15999999959603883,116589.0,14,True,2026-04-23 15:52:27.107797
1154,10,5,marche_pied,nord_ouest,0.5928000009589596,113397.0,14,True,2026-04-23 15:52:27.112005
1155,10,5,marche_pied,balas_hammer,0.4745999995066086,113397.0,14,True,2026-04-23 15:52:27.116079
1156,10,5,nord_ouest,,0.040099999750964344,85968.0,14,True,2026-04-23 15:52:27.124505
1157,10,5,balas_hammer,,0.17719999959808774,71466.0,14,True,2026-04-23 15:52:27.128726
1158,10,5,marche_pied,nord_ouest,0.3897000005963491,59776.0,14,True,2026-04-23 15:52:27.132833
1159,10,5,marche_pied,balas_hammer,0.6356000012601726,59776.0,14,True,2026-04-23 15:52:27.137151
1160,10,5,nord_ouest,,0.04260000059730373,174075.0,14,True,2026-04-23 15:52:27.145628
1161,10,5,balas_hammer,,0.1768000001902692,92833.0,14,True,2026-04-23 15:52:27.149924
1162,10,5,marche_pied,nord_ouest,0.6484999994427199,88304.0,14,True,2026-04-23 15:52:27.154221
1163,10,5,marche_pied,balas_hammer,0.5165999991731951,88304.0,14,True,2026-04-23 15:52:27.158400
1164,10,5,nord_ouest,,0.043399999412940815,90910.0,14,True,2026-04-23 15:52:27.166881
1165,10,5,balas_hammer,,0.1733999997668434,70271.0,14,True,2026-04-23 15:52:27.171091
1166,10,5,marche_pied,nord_ouest,0.6391000006260583,65229.0,14,True,2026-04-23 15:52:27.175439
1167,10,5,marche_pied,balas_hammer,0.49899999976332765,65229.0,14,True,2026-04-23 15:52:27.179799
1168,10,5,nord_ouest,,0.04119999903196003,115792.0,14,True,2026-04-23 15:52:27.188409
1169,10,5,balas_hammer,,0.1771000006556278,78670.0,14,True,2026-04-23 15:52:27.192706
1170,10,5,marche_pied,nord_ouest,0.6319999993138481,66917.0,14,True,2026-04-23 15:52:27.197049
1171,10,5,marche_pied,balas_hammer,0.6984000010561431,66917.0,14,True,2026-04-23 15:52:27.201365
1172,10,5,nord_ouest,,0.04330000047048088,143475.0,14,True,2026-04-23 15:52:27.209931
1173,10,5,balas_hammer,,0.1742999993439298,42611.0,14,True,2026-04-23 15:52:27.214210
1174,10,5,marche_pied,nord_ouest,0.7951999996294035,41670.0,14,True,2026-04-23 15:52:27.218728
1175,10,5,marche_pied,balas_hammer,0.5903000001126202,41670.0,14,True,2026-04-23 15:52:27.223054
1176,10,5,nord_ouest,,0.039399999877787195,127648.0,14,True,2026-04-23 15:52:27.231548
1177,10,5,balas_hammer,,0.17780000052880496,56551.0,14,True,2026-04-23 15:52:27.235740
1178,10,5,marche_pied,nord_ouest,0.7316999999602558,54377.0,14,True,2026-04-23 15:52:27.240240
1179,10,5,marche_pied,balas_hammer,0.6456999999500113,54377.0,14,True,2026-04-23 15:52:27.244603
1180,10,5,nord_ouest,,0.03930000093532726,91433.0,14,True,2026-04-23 15:52:27.253097
1181,10,5,balas_hammer,,0.17490000027464703,67751.0,14,True,2026-04-23 15:52:27.257336
1182,10,5,marche_pied,nord_ouest,0.4413999995449558,64776.0,14,True,2026-04-23 15:52:27.261567
1183,10,5,marche_pied,balas_hammer,0.5047000013291836,64776.0,14,True,2026-04-23 15:52:27.265775
1184,10,5,nord_ouest,,0.042300000131945126,115157.0,14,True,2026-04-23 15:52:27.274303
1185,10,5,balas_hammer,,0.16970000069704838,48051.0,14,True,2026-04-23 15:52:27.278570
1186,10,5,marche_pied,nord_ouest,0.6493999990198063,47488.0,14,True,2026-04-23 15:52:27.282971
1187,10,5,marche_pied,balas_hammer,0.5144000006112037,47488.0,14,True,2026-04-23 15:52:27.287241
1188,10,5,nord_ouest,,0.041599998439778574,165626.0,14,True,2026-04-23 15:52:27.295662
1189,10,5,balas_hammer,,0.17939999997906853,111554.0,14,True,2026-04-23 15:52:27.300003
1190,10,5,marche_pied,nord_ouest,0.6908999985171249,92939.0,14,True,2026-04-23 15:52:27.304527
1191,10,5,marche_pied,balas_hammer,0.6573999999091029,92939.0,14,True,2026-04-23 15:52:27.309030
1192,10,5,nord_ouest,,0.0455999997939216,119450.0,14,True,2026-04-23 15:52:27.317810
1193,10,5,balas_hammer,,0.1686000014160527,78876.0,14,True,2026-04-23 15:52:27.322186
1194,10,5,marche_pied,nord_ouest,0.6082999989303062,78876.0,14,True,2026-04-23 15:52:27.327166
1195,10,5,marche_pied,balas_hammer,0.3999999989900971,78876.0,14,True,2026-04-23 15:52:27.331492
1196,10,5,nord_ouest,,0.0455999997939216,124074.0,14,True,2026-04-23 15:52:27.340165
1197,10,5,balas_hammer,,0.17909999951370992,61437.0,14,True,2026-04-23 15:52:27.344524
1198,10,5,marche_pied,nord_ouest,0.643899998976849,58357.0,14,True,2026-04-23 15:52:27.349023
1199,10,5,marche_pied,balas_hammer,0.5008999996789498,58357.0,14,True,2026-04-23 15:52:27.353310
1200,10,5,nord_ouest,,0.04020000051241368,123280.0,14,True,2026-04-23 15:52:27.361719
1201,10,5,balas_hammer,,0.1781999999366235,89746.0,14,True,2026-04-23 15:52:27.366020
1202,10,5,marche_pied,nord_ouest,0.5918999995628837,83609.0,14,True,2026-04-23 15:52:27.370572
1203,10,5,marche_pied,balas_hammer,0.5667999994329875,83609.0,14,True,2026-04-23 15:52:27.375079
1204,10,5,nord_ouest,,0.041200000850949436,86569.0,14,True,2026-04-23 15:52:27.383547
1205,10,5,balas_hammer,,0.17219999972439837,61598.0,14,True,2026-04-23 15:52:27.387946
1206,10,5,marche_pied,nord_ouest,0.4554999995889375,61598.0,14,True,2026-04-23 15:52:27.392298
1207,10,5,marche_pied,balas_hammer,0.38779999886173755,61598.0,14,True,2026-04-23 15:52:27.396461
1208,10,5,nord_ouest,,0.03999999898951501,138279.0,14,True,2026-04-23 15:52:27.405077
1209,10,5,balas_hammer,,0.17610000031709205,99185.0,14,True,2026-04-23 15:52:27.409406
1210,10,5,marche_pied,nord_ouest,0.5504000000655651,95639.0,14,True,2026-04-23 15:52:27.413892
1211,10,5,marche_pied,balas_hammer,0.7198999992397148,95639.0,14,True,2026-04-23 15:52:27.418388
1212,10,5,nord_ouest,,0.042300000131945126,170212.0,14,True,2026-04-23 15:52:27.427175
1213,10,5,balas_hammer,,0.1706000002741348,108218.0,14,True,2026-04-23 15:52:27.431522
1214,10,5,marche_pied,nord_ouest,0.5904999998165295,96854.0,14,True,2026-04-23 15:52:27.436014
1215,10,5,marche_pied,balas_hammer,0.6468999999924563,96854.0,14,True,2026-04-23 15:52:27.440606
1216,10,5,nord_ouest,,0.04260000059730373,89312.0,14,True,2026-04-23 15:52:27.450861
1217,10,5,balas_hammer,,0.17690000095171854,43550.0,14,True,2026-04-23 15:52:27.455288
1218,10,5,marche_pied,nord_ouest,0.8570000009058276,38685.0,14,True,2026-04-23 15:52:27.460055
1219,10,5,marche_pied,balas_hammer,0.6011999994370854,38685.0,14,True,2026-04-23 15:52:27.464531
1220,10,5,nord_ouest,,0.043599999116850086,162050.0,14,True,2026-04-23 15:52:27.473160
1221,10,5,balas_hammer,,0.17130000014731195,108901.0,14,True,2026-04-23 15:52:27.477626
1222,10,5,marche_pied,nord_ouest,0.7287999997060979,89417.0,14,True,2026-04-23 15:52:27.482373
1223,10,5,marche_pied,balas_hammer,0.7351000003836816,89417.0,14,True,2026-04-23 15:52:27.486950
1224,10,5,nord_ouest,,0.041700001020217314,162782.0,14,True,2026-04-23 15:52:27.495333
1225,10,5,balas_hammer,,0.18040000031760428,78124.0,14,True,2026-04-23 15:52:27.499742
1226,10,5,marche_pied,nord_ouest,0.9047999992617406,69738.0,14,True,2026-04-23 15:52:27.504527
1227,10,5,marche_pied,balas_hammer,0.5588999993051402,69738.0,14,True,2026-04-23 15:52:27.508990
1228,10,5,nord_ouest,,0.04119999903196003,190680.0,14,True,2026-04-23 15:52:27.517529
1229,10,5,balas_hammer,,0.170000001162407,82307.0,14,True,2026-04-23 15:52:27.521938
1230,10,5,marche_pied,nord_ouest,0.7707999993726844,68427.0,14,True,2026-04-23 15:52:27.526639
1231,10,5,marche_pied,balas_hammer,0.5572999998548767,68427.0,14,True,2026-04-23 15:52:27.531195
1232,10,5,nord_ouest,,0.04479999915929511,124266.0,14,True,2026-04-23 15:52:27.543617
1233,10,5,balas_hammer,,0.17349999870930333,76936.0,14,True,2026-04-23 15:52:27.548105
1234,10,5,marche_pied,nord_ouest,0.6372000007104361,72694.0,14,True,2026-04-23 15:52:27.552607
1235,10,5,marche_pied,balas_hammer,0.5101000006106915,72694.0,14,True,2026-04-23 15:52:27.556972
1236,10,5,nord_ouest,,0.04389999958220869,64189.0,14,True,2026-04-23 15:52:27.565575
1237,10,5,balas_hammer,,0.1709000007394934,30852.0,14,True,2026-04-23 15:52:27.569969
1238,10,5,marche_pied,nord_ouest,0.7265999993251171,27548.0,14,True,2026-04-23 15:52:27.574607
1239,10,5,marche_pied,balas_hammer,0.553399999262183,27548.0,14,True,2026-04-23 15:52:27.579096
1240,10,5,nord_ouest,,0.04510000144364312,128134.0,14,True,2026-04-23 15:52:27.588052
1241,10,5,balas_hammer,,0.17610000031709205,50804.0,14,True,2026-04-23 15:52:27.592463
1242,10,5,marche_pied,nord_ouest,0.6445999988500262,46978.0,14,True,2026-04-23 15:52:27.597002
1243,10,5,marche_pied,balas_hammer,0.5086999990453478,46978.0,14,True,2026-04-23 15:52:27.601443
1244,10,5,nord_ouest,,0.04199999966658652,104407.0,14,True,2026-04-23 15:52:27.609864
1245,10,5,balas_hammer,,0.17020000086631626,77902.0,14,True,2026-04-23 15:52:27.614258
1246,10,5,marche_pied,nord_ouest,0.5901000004087109,71367.0,14,True,2026-04-23 15:52:27.618851
1247,10,5,marche_pied,balas_hammer,0.4984999995940598,71367.0,14,True,2026-04-23 15:52:27.623295
1248,10,10,nord_ouest,,0.05120000059832819,105075.0,19,True,2026-04-23 15:52:27.632285
1249,10,10,balas_hammer,,0.3006000006280374,48242.0,19,True,2026-04-23 15:52:27.637339
1250,10,10,marche_pied,nord_ouest,1.4189000012265751,45350.0,19,True,2026-04-23 15:52:27.642724
1251,10,10,marche_pied,balas_hammer,1.1294000014459016,45350.0,19,True,2026-04-23 15:52:27.647847
1252,10,10,nord_ouest,,0.05109999983687885,121661.0,19,True,2026-04-23 15:52:27.656448
1253,10,10,balas_hammer,,0.2762000003713183,69022.0,19,True,2026-04-23 15:52:27.661061
1254,10,10,marche_pied,nord_ouest,14.297199999418808,65810.0,19,True,2026-04-23 15:52:27.679407
1255,10,10,marche_pied,balas_hammer,0.9433999985049013,65810.0,19,True,2026-04-23 15:52:27.684673
1256,10,10,nord_ouest,,0.05469999996421393,109533.0,19,True,2026-04-23 15:52:27.693541
1257,10,10,balas_hammer,,0.3077000001212582,81029.0,19,True,2026-04-23 15:52:27.698187
1258,10,10,marche_pied,nord_ouest,1.0844999997061677,72927.0,19,True,2026-04-23 15:52:27.703204
1259,10,10,marche_pied,balas_hammer,1.1668000006466173,72927.0,19,True,2026-04-23 15:52:27.708384
1260,10,10,nord_ouest,,0.053499999921768904,170305.0,19,True,2026-04-23 15:52:27.717429
1261,10,10,balas_hammer,,0.30330000117828604,43666.0,19,True,2026-04-23 15:52:27.722070
1262,10,10,marche_pied,nord_ouest,2.136600000085309,40155.0,19,True,2026-04-23 15:52:27.728168
1263,10,10,marche_pied,balas_hammer,1.0587999986455543,40155.0,19,True,2026-04-23 15:52:27.733286
1264,10,10,nord_ouest,,0.05020000025979243,141676.0,19,True,2026-04-23 15:52:27.741956
1265,10,10,balas_hammer,,0.2977999993163394,103884.0,19,True,2026-04-23 15:52:27.746570
1266,10,10,marche_pied,nord_ouest,1.2330000008660136,90639.0,19,True,2026-04-23 15:52:27.751851
1267,10,10,marche_pied,balas_hammer,1.1087000002589775,90639.0,19,True,2026-04-23 15:52:27.757046
1268,10,10,nord_ouest,,0.05219999911787454,117199.0,19,True,2026-04-23 15:52:27.765686
1269,10,10,balas_hammer,,0.31040000067150686,63679.0,19,True,2026-04-23 15:52:27.770359
1270,10,10,marche_pied,nord_ouest,1.5737000012450153,52089.0,19,True,2026-04-23 15:52:27.776081
1271,10,10,marche_pied,balas_hammer,1.3359999993554084,52089.0,19,True,2026-04-23 15:52:27.781598
1272,10,10,nord_ouest,,0.04999999873689376,98042.0,19,True,2026-04-23 15:52:27.790499
1273,10,10,balas_hammer,,0.3190000006725313,51637.0,19,True,2026-04-23 15:52:27.795187
1274,10,10,marche_pied,nord_ouest,1.4723000003868947,49352.0,19,True,2026-04-23 15:52:27.800739
1275,10,10,marche_pied,balas_hammer,1.1338999993313337,49352.0,19,True,2026-04-23 15:52:27.805863
1276,10,10,nord_ouest,,0.05230000169831328,108541.0,19,True,2026-04-23 15:52:27.814914
1277,10,10,balas_hammer,,0.3032000004168367,49310.0,19,True,2026-04-23 15:52:27.819618
1278,10,10,marche_pied,nord_ouest,1.7324000000371598,43912.0,19,True,2026-04-23 15:52:27.825363
1279,10,10,marche_pied,balas_hammer,0.9915999999066116,43912.0,19,True,2026-04-23 15:52:27.830500
1280,10,10,nord_ouest,,0.051300001359777525,101476.0,19,True,2026-04-23 15:52:27.839859
1281,10,10,balas_hammer,,0.31230000058712903,51442.0,19,True,2026-04-23 15:52:27.844544
1282,10,10,marche_pied,nord_ouest,1.4288999991549645,51442.0,19,True,2026-04-23 15:52:27.850136
1283,10,10,marche_pied,balas_hammer,0.6837000000814442,51442.0,19,True,2026-04-23 15:52:27.854886
1284,10,10,nord_ouest,,0.04949999856762588,164143.0,19,True,2026-04-23 15:52:27.863749
1285,10,10,balas_hammer,,0.31690000105299987,83933.0,19,True,2026-04-23 15:52:27.868447
1286,10,10,marche_pied,nord_ouest,1.6780000005383044,72205.0,19,True,2026-04-23 15:52:27.874267
1287,10,10,marche_pied,balas_hammer,1.283999999941443,72205.0,19,True,2026-04-23 15:52:27.879671
1288,10,10,nord_ouest,,0.05000000055588316,102849.0,19,True,2026-04-23 15:52:27.888671
1289,10,10,balas_hammer,,0.3195000008417992,43853.0,19,True,2026-04-23 15:52:27.893401
1290,10,10,marche_pied,nord_ouest,1.8421999993734062,35929.0,19,True,2026-04-23 15:52:27.899278
1291,10,10,marche_pied,balas_hammer,1.0870000005525071,35929.0,19,True,2026-04-23 15:52:27.904760
1292,10,10,nord_ouest,,0.04889999945589807,160090.0,19,True,2026-04-23 15:52:27.913703
1293,10,10,balas_hammer,,0.32169999940379057,55486.0,19,True,2026-04-23 15:52:27.918393
1294,10,10,marche_pied,nord_ouest,1.833000000260654,55147.0,19,True,2026-04-23 15:52:27.924287
1295,10,10,marche_pied,balas_hammer,0.8797999998932937,55147.0,19,True,2026-04-23 15:52:27.929327
1296,10,10,nord_ouest,,0.047700001232442446,93895.0,19,True,2026-04-23 15:52:27.938197
1297,10,10,balas_hammer,,0.31229999876813963,34729.0,19,True,2026-04-23 15:52:27.942973
1298,10,10,marche_pied,nord_ouest,1.6583000015089056,33556.0,19,True,2026-04-23 15:52:27.949599
1299,10,10,marche_pied,balas_hammer,1.0220000003755558,33556.0,19,True,2026-04-23 15:52:27.955132
1300,10,10,nord_ouest,,0.05520000013348181,166474.0,19,True,2026-04-23 15:52:27.968259
1301,10,10,balas_hammer,,0.30669999978272244,74245.0,19,True,2026-04-23 15:52:27.973585
1302,10,10,marche_pied,nord_ouest,1.872999999250169,69604.0,19,True,2026-04-23 15:52:27.979927
1303,10,10,marche_pied,balas_hammer,1.0832000007212628,69604.0,19,True,2026-04-23 15:52:27.985460
1304,10,10,nord_ouest,,0.05109999983687885,84698.0,19,True,2026-04-23 15:52:27.994281
1305,10,10,balas_hammer,,0.31259999923349824,35029.0,19,True,2026-04-23 15:52:27.999026
1306,10,10,marche_pied,nord_ouest,1.7336000000796048,27948.0,19,True,2026-04-23 15:52:28.004848
1307,10,10,marche_pied,balas_hammer,1.3264999997772975,27948.0,19,True,2026-04-23 15:52:28.010323
1308,10,10,nord_ouest,,0.04890000127488747,101973.0,19,True,2026-04-23 15:52:28.019448
1309,10,10,balas_hammer,,0.29969999923196156,52378.0,19,True,2026-04-23 15:52:28.024187
1310,10,10,marche_pied,nord_ouest,1.6072999987954972,46609.0,19,True,2026-04-23 15:52:28.029906
1311,10,10,marche_pied,balas_hammer,0.9781000007933471,46609.0,19,True,2026-04-23 15:52:28.035032
1312,10,10,nord_ouest,,0.04859999899053946,128920.0,19,True,2026-04-23 15:52:28.043951
1313,10,10,balas_hammer,,0.3152999997837469,42068.0,19,True,2026-04-23 15:52:28.048676
1314,10,10,marche_pied,nord_ouest,1.6023999996832572,36119.0,19,True,2026-04-23 15:52:28.054376
1315,10,10,marche_pied,balas_hammer,1.1472999995021382,36119.0,19,True,2026-04-23 15:52:28.059767
1316,10,10,nord_ouest,,0.04859999899053946,186439.0,19,True,2026-04-23 15:52:28.068912
1317,10,10,balas_hammer,,0.3054000007978175,102609.0,19,True,2026-04-23 15:52:28.073653
1318,10,10,marche_pied,nord_ouest,1.5223999998852378,100638.0,19,True,2026-04-23 15:52:28.079355
1319,10,10,marche_pied,balas_hammer,0.9167999996861909,100638.0,19,True,2026-04-23 15:52:28.084524
1320,10,10,nord_ouest,,0.05239999882178381,106706.0,19,True,2026-04-23 15:52:28.094180
1321,10,10,balas_hammer,,0.31289999969885685,44018.0,19,True,2026-04-23 15:52:28.099026
1322,10,10,marche_pied,nord_ouest,1.7549000003782567,34525.0,19,True,2026-04-23 15:52:28.104951
1323,10,10,marche_pied,balas_hammer,1.1644999995041871,34525.0,19,True,2026-04-23 15:52:28.110303
1324,10,10,nord_ouest,,0.052999999752501026,143413.0,19,True,2026-04-23 15:52:28.129818
1325,10,10,balas_hammer,,0.3114000010100426,75654.0,19,True,2026-04-23 15:52:28.134657
1326,10,10,marche_pied,nord_ouest,1.7472999988967786,72946.0,19,True,2026-04-23 15:52:28.140612
1327,10,10,marche_pied,balas_hammer,1.036999999996624,72946.0,19,True,2026-04-23 15:52:28.145771
1328,10,10,nord_ouest,,0.05140000030223746,98015.0,19,True,2026-04-23 15:52:28.154770
1329,10,10,balas_hammer,,0.3102999999100575,55977.0,19,True,2026-04-23 15:52:28.159658
1330,10,10,marche_pied,nord_ouest,1.4467000000877306,49529.0,19,True,2026-04-23 15:52:28.165275
1331,10,10,marche_pied,balas_hammer,1.3656999999511754,49529.0,19,True,2026-04-23 15:52:28.170856
1332,10,10,nord_ouest,,0.04960000114806462,123480.0,19,True,2026-04-23 15:52:28.179722
1333,10,10,balas_hammer,,0.3018000006704824,38139.0,19,True,2026-04-23 15:52:28.184580
1334,10,10,marche_pied,nord_ouest,1.612300000488176,28345.0,19,True,2026-04-23 15:52:28.190539
1335,10,10,marche_pied,balas_hammer,1.067900000634836,28345.0,19,True,2026-04-23 15:52:28.195875
1336,10,10,nord_ouest,,0.05459999920276459,104935.0,19,True,2026-04-23 15:52:28.214792
1337,10,10,balas_hammer,,0.307099999190541,49528.0,19,True,2026-04-23 15:52:28.219748
1338,10,10,marche_pied,nord_ouest,1.8600999992486322,46111.0,19,True,2026-04-23 15:52:28.225984
1339,10,10,marche_pied,balas_hammer,0.9265999997296603,46111.0,19,True,2026-04-23 15:52:28.231387
1340,10,10,nord_ouest,,0.04969999827153515,95260.0,19,True,2026-04-23 15:52:28.240508
1341,10,10,balas_hammer,,0.309900000502239,65907.0,19,True,2026-04-23 15:52:28.245394
1342,10,10,marche_pied,nord_ouest,1.2368999996397179,58270.0,19,True,2026-04-23 15:52:28.250923
1343,10,10,marche_pied,balas_hammer,1.1734999989130301,58270.0,19,True,2026-04-23 15:52:28.256432
1344,10,10,nord_ouest,,0.05149999924469739,101275.0,19,True,2026-04-23 15:52:28.265914
1345,10,10,balas_hammer,,0.3059999999095453,52359.0,19,True,2026-04-23 15:52:28.270815
1346,10,10,marche_pied,nord_ouest,2.069199999823468,43910.0,19,True,2026-04-23 15:52:28.277267
1347,10,10,marche_pied,balas_hammer,1.4109999992797384,43910.0,19,True,2026-04-23 15:52:28.284769
1348,10,10,nord_ouest,,0.05269999928714242,196982.0,19,True,2026-04-23 15:52:28.294434
1349,10,10,balas_hammer,,0.3195999997842591,92483.0,19,True,2026-04-23 15:52:28.299407
1350,10,10,marche_pied,nord_ouest,1.810900001146365,73880.0,19,True,2026-04-23 15:52:28.305615
1351,10,10,marche_pied,balas_hammer,1.4019000009284355,73880.0,19,True,2026-04-23 15:52:28.311419
1352,10,10,nord_ouest,,0.05469999996421393,157574.0,19,True,2026-04-23 15:52:28.321171
1353,10,10,balas_hammer,,0.31800000033399556,61357.0,19,True,2026-04-23 15:52:28.326293
1354,10,10,marche_pied,nord_ouest,1.8260000015288824,54843.0,19,True,2026-04-23 15:52:28.332651
1355,10,10,marche_pied,balas_hammer,1.1623000009421958,54843.0,19,True,2026-04-23 15:52:28.338305
1356,10,10,nord_ouest,,0.05360000068321824,154360.0,19,True,2026-04-23 15:52:28.348374
1357,10,10,balas_hammer,,0.31400000079884194,76645.0,19,True,2026-04-23 15:52:28.353308
1358,10,10,marche_pied,nord_ouest,1.5991000000212807,75538.0,19,True,2026-04-23 15:52:28.359234
1359,10,10,marche_pied,balas_hammer,0.8772000001044944,75538.0,19,True,2026-04-23 15:52:28.364582
1360,10,10,nord_ouest,,0.05210000017541461,114334.0,19,True,2026-04-23 15:52:28.374464
1361,10,10,balas_hammer,,0.3116000007139519,59735.0,19,True,2026-04-23 15:52:28.379665
1362,10,10,marche_pied,nord_ouest,1.3763999995717313,50272.0,19,True,2026-04-23 15:52:28.385437
1363,10,10,marche_pied,balas_hammer,1.0959999999613501,50272.0,19,True,2026-04-23 15:52:28.390999
1364,10,10,nord_ouest,,0.05340000097930897,131705.0,19,True,2026-04-23 15:52:28.404195
1365,10,10,balas_hammer,,0.31010000020614825,74677.0,19,True,2026-04-23 15:52:28.409719
1366,10,10,marche_pied,nord_ouest,1.540200000818004,62413.0,19,True,2026-04-23 15:52:28.415722
1367,10,10,marche_pied,balas_hammer,1.1206999988644384,62413.0,19,True,2026-04-23 15:52:28.421445
1368,10,10,nord_ouest,,0.05210000017541461,102662.0,19,True,2026-04-23 15:52:28.431404
1369,10,10,balas_hammer,,0.3102999999100575,88858.0,19,True,2026-04-23 15:52:28.436513
1370,10,10,marche_pied,nord_ouest,0.9812999996938743,71110.0,19,True,2026-04-23 15:52:28.441948
1371,10,10,marche_pied,balas_hammer,1.2192000012873905,71110.0,19,True,2026-04-23 15:52:28.447686
1372,10,10,nord_ouest,,0.051399998483248055,127109.0,19,True,2026-04-23 15:52:28.457516
1373,10,10,balas_hammer,,0.3119000011793105,69670.0,19,True,2026-04-23 15:52:28.462557
1374,10,10,marche_pied,nord_ouest,1.773099998899852,64428.0,19,True,2026-04-23 15:52:28.468839
1375,10,10,marche_pied,balas_hammer,1.0653000008460367,64428.0,19,True,2026-04-23 15:52:28.474514
1376,10,10,nord_ouest,,0.05090000013296958,133760.0,19,True,2026-04-23 15:52:28.483844
1377,10,10,balas_hammer,,0.3001000004587695,65766.0,19,True,2026-04-23 15:52:28.488828
1378,10,10,marche_pied,nord_ouest,1.3884999989386415,65566.0,19,True,2026-04-23 15:52:28.494745
1379,10,10,marche_pied,balas_hammer,0.766200000725803,65566.0,19,True,2026-04-23 15:52:28.500198
1380,10,10,nord_ouest,,0.04939999962516595,88337.0,19,True,2026-04-23 15:52:28.509541
1381,10,10,balas_hammer,,0.3094000003329711,45974.0,19,True,2026-04-23 15:52:28.514551
1382,10,10,marche_pied,nord_ouest,1.231000000188942,42217.0,19,True,2026-04-23 15:52:28.520290
1383,10,10,marche_pied,balas_hammer,1.3206000003265217,42217.0,19,True,2026-04-23 15:52:28.526196
1384,10,10,nord_ouest,,0.051900000471505336,78178.0,19,True,2026-04-23 15:52:28.536030
1385,10,10,balas_hammer,,0.3157999999530148,43635.0,19,True,2026-04-23 15:52:28.541049
1386,10,10,marche_pied,nord_ouest,1.1403000007703668,36067.0,19,True,2026-04-23 15:52:28.546647
1387,10,10,marche_pied,balas_hammer,0.9327999996457947,36067.0,19,True,2026-04-23 15:52:28.552155
1388,10,10,nord_ouest,,0.05289999899105169,190253.0,19,True,2026-04-23 15:52:28.563093
1389,10,10,balas_hammer,,0.3147000006720191,85939.0,19,True,2026-04-23 15:52:28.568375
1390,10,10,marche_pied,nord_ouest,2.118200000040815,79592.0,19,True,2026-04-23 15:52:28.574933
1391,10,10,marche_pied,balas_hammer,1.0208999992755707,79592.0,19,True,2026-04-23 15:52:28.580662
1392,10,10,nord_ouest,,0.05419999979494605,118241.0,19,True,2026-04-23 15:52:28.590437
1393,10,10,balas_hammer,,0.31630000012228265,38789.0,19,True,2026-04-23 15:52:28.595578
1394,10,10,marche_pied,nord_ouest,1.640999998926418,31897.0,19,True,2026-04-23 15:52:28.601788
1395,10,10,marche_pied,balas_hammer,1.1044999992009252,31897.0,19,True,2026-04-23 15:52:28.607499
1396,10,10,nord_ouest,,0.04960000114806462,137257.0,19,True,2026-04-23 15:52:28.617213
1397,10,10,balas_hammer,,0.32439999995403923,68641.0,19,True,2026-04-23 15:52:28.622318
1398,10,10,marche_pied,nord_ouest,1.9228000001021428,62240.0,19,True,2026-04-23 15:52:28.628841
1399,10,10,marche_pied,balas_hammer,1.1629000000539236,62240.0,19,True,2026-04-23 15:52:28.634632
1400,10,10,nord_ouest,,0.05520000013348181,140762.0,19,True,2026-04-23 15:52:28.644309
1401,10,10,balas_hammer,,0.3214999996998813,77622.0,19,True,2026-04-23 15:52:28.649533
1402,10,10,marche_pied,nord_ouest,1.5691000007791445,66849.0,19,True,2026-04-23 15:52:28.655677
1403,10,10,marche_pied,balas_hammer,1.1260999999649357,66849.0,19,True,2026-04-23 15:52:28.661965
1404,10,10,nord_ouest,,0.05239999882178381,186287.0,19,True,2026-04-23 15:52:28.671322
1405,10,10,balas_hammer,,0.31039999885251746,70261.0,19,True,2026-04-23 15:52:28.676422
1406,10,10,marche_pied,nord_ouest,1.8440999992890283,66838.0,19,True,2026-04-23 15:52:28.682778
1407,10,10,marche_pied,balas_hammer,1.1403999997128267,66838.0,19,True,2026-04-23 15:52:28.690226
1408,10,10,nord_ouest,,0.053699999625678174,90035.0,19,True,2026-04-23 15:52:28.700043
1409,10,10,balas_hammer,,0.3062999985559145,45693.0,19,True,2026-04-23 15:52:28.705041
1410,10,10,marche_pied,nord_ouest,1.4914000003045658,37724.0,19,True,2026-04-23 15:52:28.711064
1411,10,10,marche_pied,balas_hammer,1.2666999991779448,37724.0,19,True,2026-04-23 15:52:28.716943
1412,10,10,nord_ouest,,0.04959999932907522,150139.0,19,True,2026-04-23 15:52:28.726382
1413,10,10,balas_hammer,,0.31370000033348333,50709.0,19,True,2026-04-23 15:52:28.731361
1414,10,10,marche_pied,nord_ouest,2.0850000000791624,45546.0,19,True,2026-04-23 15:52:28.737938
1415,10,10,marche_pied,balas_hammer,1.3144000004103873,45546.0,19,True,2026-04-23 15:52:28.743798
1416,10,10,nord_ouest,,0.05080000119050965,134524.0,19,True,2026-04-23 15:52:28.753490
1417,10,10,balas_hammer,,0.3011999997397652,85694.0,19,True,2026-04-23 15:52:28.758423
1418,10,10,marche_pied,nord_ouest,1.8314999997528503,73773.0,19,True,2026-04-23 15:52:28.764659
1419,10,10,marche_pied,balas_hammer,1.2246000005688984,73773.0,19,True,2026-04-23 15:52:28.770424
1420,10,10,nord_ouest,,0.04810000064026099,94062.0,19,True,2026-04-23 15:52:28.779359
1421,10,10,balas_hammer,,0.3156000002491055,54017.0,19,True,2026-04-23 15:52:28.784249
1422,10,10,marche_pied,nord_ouest,1.6712000015104422,44958.0,19,True,2026-04-23 15:52:28.790378
1423,10,10,marche_pied,balas_hammer,1.066299999365583,44958.0,19,True,2026-04-23 15:52:28.795771
1424,10,10,nord_ouest,,0.0503999999637017,166456.0,19,True,2026-04-23 15:52:28.807252
1425,10,10,balas_hammer,,0.3099999994446989,41920.0,19,True,2026-04-23 15:52:28.812249
1426,10,10,marche_pied,nord_ouest,1.631999999517575,39313.0,19,True,2026-04-23 15:52:28.818141
1427,10,10,marche_pied,balas_hammer,0.9962000003724825,39313.0,19,True,2026-04-23 15:52:28.823445
1428,10,10,nord_ouest,,0.049500000386615284,111548.0,19,True,2026-04-23 15:52:28.832569
1429,10,10,balas_hammer,,0.31180000041786116,57688.0,19,True,2026-04-23 15:52:28.837519
1430,10,10,marche_pied,nord_ouest,1.5449000002263347,56628.0,19,True,2026-04-23 15:52:28.843398
1431,10,10,marche_pied,balas_hammer,0.9175999985018279,56628.0,19,True,2026-04-23 15:52:28.848579
1432,10,10,nord_ouest,,0.04960000114806462,117819.0,19,True,2026-04-23 15:52:28.858341
1433,10,10,balas_hammer,,0.307099999190541,59086.0,19,True,2026-04-23 15:52:28.863384
1434,10,10,marche_pied,nord_ouest,1.5053999995870981,56539.0,19,True,2026-04-23 15:52:28.869195
1435,10,10,marche_pied,balas_hammer,1.1966000001848442,56539.0,19,True,2026-04-23 15:52:28.874777
1436,10,10,nord_ouest,,0.05030000102124177,144607.0,19,True,2026-04-23 15:52:28.884349
1437,10,10,balas_hammer,,0.29040000117674936,73242.0,19,True,2026-04-23 15:52:28.889363
1438,10,10,marche_pied,nord_ouest,1.5574000008200528,67938.0,19,True,2026-04-23 15:52:28.895336
1439,10,10,marche_pied,balas_hammer,1.0378000006312504,67938.0,19,True,2026-04-23 15:52:28.900988
1440,10,10,nord_ouest,,0.05340000097930897,130779.0,19,True,2026-04-23 15:52:28.910710
1441,10,10,balas_hammer,,0.31429999944521114,69727.0,19,True,2026-04-23 15:52:28.915901
1442,10,10,marche_pied,nord_ouest,1.81469999915862,62619.0,19,True,2026-04-23 15:52:28.922296
1443,10,10,marche_pied,balas_hammer,1.1425000011513475,62619.0,19,True,2026-04-23 15:52:28.928067
1444,10,10,nord_ouest,,0.049500000386615284,141633.0,19,True,2026-04-23 15:52:28.937508
1445,10,10,balas_hammer,,0.3121999998256797,52243.0,19,True,2026-04-23 15:52:28.942601
1446,10,10,marche_pied,nord_ouest,1.6316999990522163,50430.0,19,True,2026-04-23 15:52:28.948831
1447,10,10,marche_pied,balas_hammer,1.2317000000621192,50430.0,19,True,2026-04-23 15:52:28.954693
1448,10,10,nord_ouest,,0.05080000119050965,130631.0,19,True,2026-04-23 15:52:28.964413
1449,10,10,balas_hammer,,0.2936999990197364,51052.0,19,True,2026-04-23 15:52:28.969554
1450,10,10,marche_pied,nord_ouest,1.8966999996337108,47341.0,19,True,2026-04-23 15:52:28.975862
1451,10,10,marche_pied,balas_hammer,1.0770000008051284,47341.0,19,True,2026-04-23 15:52:28.981550
1452,10,10,nord_ouest,,0.050099999498343095,120510.0,19,True,2026-04-23 15:52:28.990767
1453,10,10,balas_hammer,,0.31289999969885685,56896.0,19,True,2026-04-23 15:52:28.995825
1454,10,10,marche_pied,nord_ouest,1.6573000011703698,40079.0,19,True,2026-04-23 15:52:29.002036
1455,10,10,marche_pied,balas_hammer,1.1391999996703817,40079.0,19,True,2026-04-23 15:52:29.007763
1456,10,10,nord_ouest,,0.048800000513438135,69234.0,19,True,2026-04-23 15:52:29.017188
1457,10,10,balas_hammer,,0.30279999919002876,20689.0,19,True,2026-04-23 15:52:29.022233
1458,10,10,marche_pied,nord_ouest,1.403500000378699,19259.0,19,True,2026-04-23 15:52:29.028130
1459,10,10,marche_pied,balas_hammer,1.1346000010235002,19259.0,19,True,2026-04-23 15:52:29.033654
1460,10,10,nord_ouest,,0.046999999540275894,78009.0,19,True,2026-04-23 15:52:29.042946
1461,10,10,balas_hammer,,0.3085999996983446,30520.0,19,True,2026-04-23 15:52:29.048008
1462,10,10,marche_pied,nord_ouest,1.6571000014664605,24139.0,19,True,2026-04-23 15:52:29.054095
1463,10,10,marche_pied,balas_hammer,1.2724999996862607,24139.0,19,True,2026-04-23 15:52:29.059845
1464,10,10,nord_ouest,,0.05069999861007091,105498.0,19,True,2026-04-23 15:52:29.069473
1465,10,10,balas_hammer,,0.3141999986837618,67792.0,19,True,2026-04-23 15:52:29.074668
1466,10,10,marche_pied,nord_ouest,1.3491000008798437,67030.0,19,True,2026-04-23 15:52:29.080492
1467,10,10,marche_pied,balas_hammer,0.9178000000247266,67030.0,19,True,2026-04-23 15:52:29.085911
1468,10,10,nord_ouest,,0.050799999371520244,103168.0,19,True,2026-04-23 15:52:29.095901
1469,10,10,balas_hammer,,0.289100000372855,60366.0,19,True,2026-04-23 15:52:29.100968
1470,10,10,marche_pied,nord_ouest,10.653600000296137,53247.0,19,True,2026-04-23 15:52:29.116107
1471,10,10,marche_pied,balas_hammer,1.0844999997061677,53247.0,19,True,2026-04-23 15:52:29.121963
1472,10,10,nord_ouest,,0.05069999861007091,75957.0,19,True,2026-04-23 15:52:29.131174
1473,10,10,balas_hammer,,0.30329999935929663,29537.0,19,True,2026-04-23 15:52:29.136331
1474,10,10,marche_pied,nord_ouest,1.8020999996224418,29040.0,19,True,2026-04-23 15:52:29.142607
1475,10,10,marche_pied,balas_hammer,1.0052999987237854,29040.0,19,True,2026-04-23 15:52:29.148100
1476,10,10,nord_ouest,,0.050499998906161636,53906.0,19,True,2026-04-23 15:52:29.157302
1477,10,10,balas_hammer,,0.3008999992744066,34578.0,19,True,2026-04-23 15:52:29.162701
1478,10,10,marche_pied,nord_ouest,1.9761000003200024,22711.0,19,True,2026-04-23 15:52:29.169582
1479,10,10,marche_pied,balas_hammer,1.0567999997874722,22711.0,19,True,2026-04-23 15:52:29.178115
1480,10,10,nord_ouest,,0.05059999966761097,132621.0,19,True,2026-04-23 15:52:29.190195
1481,10,10,balas_hammer,,0.3027000002475688,52732.0,19,True,2026-04-23 15:52:29.195702
1482,10,10,marche_pied,nord_ouest,1.6715000001568114,42824.0,19,True,2026-04-23 15:52:29.202283
1483,10,10,marche_pied,balas_hammer,1.1563000007299706,42824.0,19,True,2026-04-23 15:52:29.208298
1484,10,10,nord_ouest,,0.053899999329587445,103300.0,19,True,2026-04-23 15:52:29.217901
1485,10,10,balas_hammer,,0.3114000010100426,51250.0,19,True,2026-04-23 15:52:29.223150
1486,10,10,marche_pied,nord_ouest,1.984200000151759,36192.0,19,True,2026-04-23 15:52:29.229789
1487,10,10,marche_pied,balas_hammer,1.2617000011232449,36192.0,19,True,2026-04-23 15:52:29.235805
1488,10,10,nord_ouest,,0.05269999928714242,149262.0,19,True,2026-04-23 15:52:29.245378
1489,10,10,balas_hammer,,0.29600000016216654,71491.0,19,True,2026-04-23 15:52:29.250628
1490,10,10,marche_pied,nord_ouest,1.5877000005275477,64545.0,19,True,2026-04-23 15:52:29.256857
1491,10,10,marche_pied,balas_hammer,1.274300000659423,64545.0,19,True,2026-04-23 15:52:29.262857
1492,10,10,nord_ouest,,0.05020000025979243,139414.0,19,True,2026-04-23 15:52:29.272355
1493,10,10,balas_hammer,,0.30479999986710027,66469.0,19,True,2026-04-23 15:52:29.277661
1494,10,10,marche_pied,nord_ouest,2.035999999861815,61510.0,19,True,2026-04-23 15:52:29.284371
1495,10,10,marche_pied,balas_hammer,1.2968999999429798,61510.0,19,True,2026-04-23 15:52:29.290473
1496,10,10,nord_ouest,,0.050099999498343095,102675.0,19,True,2026-04-23 15:52:29.299967
1497,10,10,balas_hammer,,0.3096000000368804,52531.0,19,True,2026-04-23 15:52:29.305154
1498,10,10,marche_pied,nord_ouest,1.4936000006855465,41256.0,19,True,2026-04-23 15:52:29.311329
1499,10,10,marche_pied,balas_hammer,1.0818000009749085,41256.0,19,True,2026-04-23 15:52:29.317103
1500,10,10,nord_ouest,,0.05249999958323315,137059.0,19,True,2026-04-23 15:52:29.326768
1501,10,10,balas_hammer,,0.30559999868273735,47855.0,19,True,2026-04-23 15:52:29.332058
1502,10,10,marche_pied,nord_ouest,1.3732000006712042,43045.0,19,True,2026-04-23 15:52:29.338078
1503,10,10,marche_pied,balas_hammer,0.7616000002599321,43045.0,19,True,2026-04-23 15:52:29.343534
1504,10,10,nord_ouest,,0.05200000123295467,97484.0,19,True,2026-04-23 15:52:29.353166
1505,10,10,balas_hammer,,0.30220000007830095,65870.0,19,True,2026-04-23 15:52:29.358398
1506,10,10,marche_pied,nord_ouest,1.3834999990649521,52944.0,19,True,2026-04-23 15:52:29.364491
1507,10,10,marche_pied,balas_hammer,1.1472000005596783,52944.0,19,True,2026-04-23 15:52:29.370393
1508,10,10,nord_ouest,,0.0501000013173325,97881.0,19,True,2026-04-23 15:52:29.380065
1509,10,10,balas_hammer,,0.30140000126266386,71344.0,19,True,2026-04-23 15:52:29.385287
1510,10,10,marche_pied,nord_ouest,1.7733999993652105,54579.0,19,True,2026-04-23 15:52:29.391739
1511,10,10,marche_pied,balas_hammer,1.1464999988675117,54579.0,19,True,2026-04-23 15:52:29.397575
1512,10,10,nord_ouest,,0.051799999710056,100039.0,19,True,2026-04-23 15:52:29.407656
1513,10,10,balas_hammer,,0.29969999923196156,25123.0,19,True,2026-04-23 15:52:29.413003
1514,10,10,marche_pied,nord_ouest,1.828800001021591,24587.0,19,True,2026-04-23 15:52:29.419514
1515,10,10,marche_pied,balas_hammer,0.952500000494183,24587.0,19,True,2026-04-23 15:52:29.425151
1516,10,10,nord_ouest,,0.05390000114857685,89898.0,19,True,2026-04-23 15:52:29.434692
1517,10,10,balas_hammer,,0.28530000054161064,42868.0,19,True,2026-04-23 15:52:29.439997
1518,10,10,marche_pied,nord_ouest,1.74440000046161,39220.0,19,True,2026-04-23 15:52:29.446458
1519,10,10,marche_pied,balas_hammer,1.1252999993303092,39220.0,19,True,2026-04-23 15:52:29.452393
1520,10,10,nord_ouest,,0.049199999921256676,133249.0,19,True,2026-04-23 15:52:29.462428
1521,10,10,balas_hammer,,0.3015000002051238,59220.0,19,True,2026-04-23 15:52:29.467663
1522,10,10,marche_pied,nord_ouest,1.969999999346328,49477.0,19,True,2026-04-23 15:52:29.474305
1523,10,10,marche_pied,balas_hammer,1.2911999983771238,49477.0,19,True,2026-04-23 15:52:29.480323
1524,10,10,nord_ouest,,0.050799999371520244,140421.0,19,True,2026-04-23 15:52:29.489830
1525,10,10,balas_hammer,,0.2989000004163245,44229.0,19,True,2026-04-23 15:52:29.495086
1526,10,10,marche_pied,nord_ouest,1.2917000003653811,39351.0,19,True,2026-04-23 15:52:29.501129
1527,10,10,marche_pied,balas_hammer,1.0676000001694774,39351.0,19,True,2026-04-23 15:52:29.506908
1528,10,10,nord_ouest,,0.05100000089441892,130321.0,19,True,2026-04-23 15:52:29.516371
1529,10,10,balas_hammer,,0.30189999961294234,65050.0,19,True,2026-04-23 15:52:29.521662
1530,10,10,marche_pied,nord_ouest,1.5386000013677403,55727.0,19,True,2026-04-23 15:52:29.527980
1531,10,10,marche_pied,balas_hammer,1.2419000013323966,55727.0,19,True,2026-04-23 15:52:29.534018
1532,10,10,nord_ouest,,0.04819999958272092,102643.0,19,True,2026-04-23 15:52:29.543194
1533,10,10,balas_hammer,,0.30389999847102445,71043.0,19,True,2026-04-23 15:52:29.548468
1534,10,10,marche_pied,nord_ouest,1.658000001043547,50431.0,19,True,2026-04-23 15:52:29.554795
1535,10,10,marche_pied,balas_hammer,1.423199999408098,50431.0,19,True,2026-04-23 15:52:29.561000
1536,10,10,nord_ouest,,0.04909999915980734,92886.0,19,True,2026-04-23 15:52:29.570709
1537,10,10,balas_hammer,,0.30610000067099463,50350.0,19,True,2026-04-23 15:52:29.576027
1538,10,10,marche_pied,nord_ouest,1.311800000621588,46163.0,19,True,2026-04-23 15:52:29.582043
1539,10,10,marche_pied,balas_hammer,0.9947999988071388,46163.0,19,True,2026-04-23 15:52:29.587752
1540,10,10,nord_ouest,,0.04859999899053946,78327.0,19,True,2026-04-23 15:52:29.597276
1541,10,10,balas_hammer,,0.3071000010095304,40772.0,19,True,2026-04-23 15:52:29.602562
1542,10,10,marche_pied,nord_ouest,1.5049000012368197,34463.0,19,True,2026-04-23 15:52:29.608765
1543,10,10,marche_pied,balas_hammer,1.3049999997747364,34463.0,19,True,2026-04-23 15:52:29.614756
1544,10,10,nord_ouest,,0.05239999882178381,171770.0,19,True,2026-04-23 15:52:29.624314
1545,10,10,balas_hammer,,0.302999998893938,110508.0,19,True,2026-04-23 15:52:29.629701
1546,10,10,marche_pied,nord_ouest,1.941800001077354,92888.0,19,True,2026-04-23 15:52:29.636283
1547,10,10,marche_pied,balas_hammer,1.6572999993513804,92888.0,19,True,2026-04-23 15:52:29.642749
1548,10,10,nord_ouest,,0.04760000047099311,141350.0,19,True,2026-04-23 15:52:29.652152
1549,10,10,balas_hammer,,0.3085000007558847,88519.0,19,True,2026-04-23 15:52:29.657561
1550,10,10,marche_pied,nord_ouest,1.5197000011539785,83531.0,19,True,2026-04-23 15:52:29.663826
1551,10,10,marche_pied,balas_hammer,1.1994999986200128,83531.0,19,True,2026-04-23 15:52:29.669669
1552,10,10,nord_ouest,,0.053499999921768904,149563.0,19,True,2026-04-23 15:52:29.679494
1553,10,10,balas_hammer,,0.31320000016421545,109430.0,19,True,2026-04-23 15:52:29.684894
1554,10,10,marche_pied,nord_ouest,1.49280000005092,94223.0,19,True,2026-04-23 15:52:29.691174
1555,10,10,marche_pied,balas_hammer,1.2124999993829988,94223.0,19,True,2026-04-23 15:52:29.697185
1556,10,10,nord_ouest,,0.04960000114806462,153347.0,19,True,2026-04-23 15:52:29.706973
1557,10,10,balas_hammer,,0.30080000033194665,62405.0,19,True,2026-04-23 15:52:29.712299
1558,10,10,marche_pied,nord_ouest,1.7137999984697672,56103.0,19,True,2026-04-23 15:52:29.718720
1559,10,10,marche_pied,balas_hammer,1.2692999989667442,56103.0,19,True,2026-04-23 15:52:29.724730
1560,10,10,nord_ouest,,0.051300001359777525,91390.0,19,True,2026-04-23 15:52:29.734361
1561,10,10,balas_hammer,,0.3102000009675976,70014.0,19,True,2026-04-23 15:52:29.739778
1562,10,10,marche_pied,nord_ouest,1.338699999905657,64977.0,19,True,2026-04-23 15:52:29.745863
1563,10,10,marche_pied,balas_hammer,1.273899999432615,64977.0,19,True,2026-04-23 15:52:29.751919
1564,10,10,nord_ouest,,0.04830000034417026,81013.0,19,True,2026-04-23 15:52:29.761333
1565,10,10,balas_hammer,,0.3008999992744066,43943.0,19,True,2026-04-23 15:52:29.766672
1566,10,10,marche_pied,nord_ouest,1.9356000011612196,27944.0,19,True,2026-04-23 15:52:29.773396
1567,10,10,marche_pied,balas_hammer,1.4128999991953606,27944.0,19,True,2026-04-23 15:52:29.779694
1568,10,10,nord_ouest,,0.05109999983687885,138868.0,19,True,2026-04-23 15:52:29.789679
1569,10,10,balas_hammer,,0.3034999990632059,78865.0,19,True,2026-04-23 15:52:29.795064
1570,10,10,marche_pied,nord_ouest,1.7987999999604654,71874.0,19,True,2026-04-23 15:52:29.801603
1571,10,10,marche_pied,balas_hammer,1.324800001384574,71874.0,19,True,2026-04-23 15:52:29.807645
1572,10,10,nord_ouest,,0.05239999882178381,125254.0,19,True,2026-04-23 15:52:29.817244
1573,10,10,balas_hammer,,0.3001000004587695,40989.0,19,True,2026-04-23 15:52:29.822611
1574,10,10,marche_pied,nord_ouest,1.359500000035041,39119.0,19,True,2026-04-23 15:52:29.828674
1575,10,10,marche_pied,balas_hammer,1.0696999997890089,39119.0,19,True,2026-04-23 15:52:29.834492
1576,10,10,nord_ouest,,0.053199999456410296,139367.0,19,True,2026-04-23 15:52:29.844203
1577,10,10,balas_hammer,,0.30700000024808105,67101.0,19,True,2026-04-23 15:52:29.849613
1578,10,10,marche_pied,nord_ouest,1.537300000563846,62587.0,19,True,2026-04-23 15:52:29.855932
1579,10,10,marche_pied,balas_hammer,1.0955999987345422,62587.0,19,True,2026-04-23 15:52:29.861816
1580,10,10,nord_ouest,,0.04850000004807953,180300.0,19,True,2026-04-23 15:52:29.871497
1581,10,10,balas_hammer,,0.2858000007108785,98500.0,19,True,2026-04-23 15:52:29.876835
1582,10,10,marche_pied,nord_ouest,1.764099999491009,91892.0,19,True,2026-04-23 15:52:29.883514
1583,10,10,marche_pied,balas_hammer,1.1799000003520632,91892.0,19,True,2026-04-23 15:52:29.889610
1584,10,10,nord_ouest,,0.050499998906161636,102966.0,19,True,2026-04-23 15:52:29.899556
1585,10,10,balas_hammer,,0.3223000003345078,27353.0,19,True,2026-04-23 15:52:29.904976
1586,10,10,marche_pied,nord_ouest,1.9714000009116717,25390.0,19,True,2026-04-23 15:52:29.911752
1587,10,10,marche_pied,balas_hammer,1.0583999992377358,25390.0,19,True,2026-04-23 15:52:29.917592
1588,10,10,nord_ouest,,0.05270000110613182,186959.0,19,True,2026-04-23 15:52:29.927289
1589,10,10,balas_hammer,,0.3085999996983446,109269.0,19,True,2026-04-23 15:52:29.932761
1590,10,10,marche_pied,nord_ouest,1.5330000005633337,94375.0,19,True,2026-04-23 15:52:29.939013
1591,10,10,marche_pied,balas_hammer,1.074599998901249,94375.0,19,True,2026-04-23 15:52:29.944949
1592,10,10,nord_ouest,,0.049500000386615284,82615.0,19,True,2026-04-23 15:52:29.954455
1593,10,10,balas_hammer,,0.30979999974078964,43998.0,19,True,2026-04-23 15:52:29.959935
1594,10,10,marche_pied,nord_ouest,1.1801000000559725,36299.0,19,True,2026-04-23 15:52:29.965994
1595,10,10,marche_pied,balas_hammer,1.2212000001454726,36299.0,19,True,2026-04-23 15:52:29.971991
1596,10,10,nord_ouest,,0.05140000030223746,137331.0,19,True,2026-04-23 15:52:29.982165
1597,10,10,balas_hammer,,0.28639999982260633,58455.0,19,True,2026-04-23 15:52:29.987659
1598,10,10,marche_pied,nord_ouest,1.916499999424559,51463.0,19,True,2026-04-23 15:52:29.994335
1599,10,10,marche_pied,balas_hammer,1.1089999989053467,51463.0,19,True,2026-04-23 15:52:30.000253
1600,10,10,nord_ouest,,0.04859999899053946,175095.0,19,True,2026-04-23 15:52:30.009809
1601,10,10,balas_hammer,,0.29939999876660295,78706.0,19,True,2026-04-23 15:52:30.015294
1602,10,10,marche_pied,nord_ouest,1.9410000004427275,72009.0,19,True,2026-04-23 15:52:30.022118
1603,10,10,marche_pied,balas_hammer,0.9272000006603776,72009.0,19,True,2026-04-23 15:52:30.028030
1604,10,10,nord_ouest,,0.052600000344682485,123232.0,19,True,2026-04-23 15:52:30.037923
1605,10,10,balas_hammer,,0.31849999868427403,74348.0,19,True,2026-04-23 15:52:30.043430
1606,10,10,marche_pied,nord_ouest,1.5769000001455424,67786.0,19,True,2026-04-23 15:52:30.049935
1607,10,10,marche_pied,balas_hammer,1.1598000000958564,67786.0,19,True,2026-04-23 15:52:30.056240
1608,10,10,nord_ouest,,0.05090000013296958,164839.0,19,True,2026-04-23 15:52:30.071857
1609,10,10,balas_hammer,,0.31459999991056975,83236.0,19,True,2026-04-23 15:52:30.077388
1610,10,10,marche_pied,nord_ouest,1.7817999996623257,63843.0,19,True,2026-04-23 15:52:30.083969
1611,10,10,marche_pied,balas_hammer,1.0065999995276798,63843.0,19,True,2026-04-23 15:52:30.089745
1612,10,10,nord_ouest,,0.05050000072515104,148335.0,19,True,2026-04-23 15:52:30.100056
1613,10,10,balas_hammer,,0.3089000001637032,74894.0,19,True,2026-04-23 15:52:30.105633
1614,10,10,marche_pied,nord_ouest,1.835400000345544,57332.0,19,True,2026-04-23 15:52:30.112224
1615,10,10,marche_pied,balas_hammer,1.1355999995430466,57332.0,19,True,2026-04-23 15:52:30.118090
1616,10,10,nord_ouest,,0.051799999710056,139309.0,19,True,2026-04-23 15:52:30.127839
1617,10,10,balas_hammer,,0.29569999969680794,48616.0,19,True,2026-04-23 15:52:30.133294
1618,10,10,marche_pied,nord_ouest,2.188899999964633,45570.0,19,True,2026-04-23 15:52:30.140313
1619,10,10,marche_pied,balas_hammer,1.0503000012249686,45570.0,19,True,2026-04-23 15:52:30.146286
1620,10,10,nord_ouest,,0.05060000148660038,180904.0,19,True,2026-04-23 15:52:30.155823
1621,10,10,balas_hammer,,0.29940000058559235,93771.0,19,True,2026-04-23 15:52:30.161339
1622,10,10,marche_pied,nord_ouest,1.4191999998729443,80735.0,19,True,2026-04-23 15:52:30.167671
1623,10,10,marche_pied,balas_hammer,1.2497000006987946,80735.0,19,True,2026-04-23 15:52:30.173809
1624,10,10,nord_ouest,,0.049199999921256676,118105.0,19,True,2026-04-23 15:52:30.184091
1625,10,10,balas_hammer,,0.29549999999289867,98685.0,19,True,2026-04-23 15:52:30.189635
1626,10,10,marche_pied,nord_ouest,1.4936000006855465,88688.0,19,True,2026-04-23 15:52:30.195924
1627,10,10,marche_pied,balas_hammer,1.019100000121398,88688.0,19,True,2026-04-23 15:52:30.201727
1628,10,10,nord_ouest,,0.04850000004807953,108078.0,19,True,2026-04-23 15:52:30.211492
1629,10,10,balas_hammer,,0.3044000004592817,31894.0,19,True,2026-04-23 15:52:30.217050
1630,10,10,marche_pied,nord_ouest,1.7288999988522846,30593.0,19,True,2026-04-23 15:52:30.223589
1631,10,10,marche_pied,balas_hammer,1.0583000002952758,30593.0,19,True,2026-04-23 15:52:30.229521
1632,10,10,nord_ouest,,0.05140000030223746,142510.0,19,True,2026-04-23 15:52:30.239172
1633,10,10,balas_hammer,,0.3011999997397652,39761.0,19,True,2026-04-23 15:52:30.244761
1634,10,10,marche_pied,nord_ouest,1.6267000009975163,34862.0,19,True,2026-04-23 15:52:30.251278
1635,10,10,marche_pied,balas_hammer,1.3010999991820427,34862.0,19,True,2026-04-23 15:52:30.257417
1636,10,10,nord_ouest,,0.04980000085197389,117877.0,19,True,2026-04-23 15:52:30.267086
1637,10,10,balas_hammer,,0.2972999991470715,44937.0,19,True,2026-04-23 15:52:30.272660
1638,10,10,marche_pied,nord_ouest,2.1764000011899043,41769.0,19,True,2026-04-23 15:52:30.279621
1639,10,10,marche_pied,balas_hammer,1.1334999999235151,41769.0,19,True,2026-04-23 15:52:30.285593
1640,10,10,nord_ouest,,0.05019999844080303,114398.0,19,True,2026-04-23 15:52:30.295404
1641,10,10,balas_hammer,,0.2961000009236159,65052.0,19,True,2026-04-23 15:52:30.300941
1642,10,10,marche_pied,nord_ouest,1.5669000003981637,60076.0,19,True,2026-04-23 15:52:30.307346
1643,10,10,marche_pied,balas_hammer,1.0390999996161554,60076.0,19,True,2026-04-23 15:52:30.313246
1644,10,10,nord_ouest,,0.05199999941396527,159531.0,19,True,2026-04-23 15:52:30.323202
1645,10,10,balas_hammer,,0.3015000002051238,43958.0,19,True,2026-04-23 15:52:30.328792
1646,10,10,marche_pied,nord_ouest,1.459499999327818,38894.0,19,True,2026-04-23 15:52:30.335118
1647,10,10,marche_pied,balas_hammer,1.1183999995409977,38894.0,19,True,2026-04-23 15:52:30.341068
1648,15,15,nord_ouest,,0.0655999992886791,223606.0,29,True,2026-04-23 15:52:30.351214
1649,15,15,balas_hammer,,0.7229000002553221,105494.0,29,True,2026-04-23 15:52:30.357298
1650,15,15,marche_pied,nord_ouest,4.962199998772121,71962.0,29,True,2026-04-23 15:52:30.367172
1651,15,15,marche_pied,balas_hammer,3.3213000006071525,71962.0,29,True,2026-04-23 15:52:30.375587
1652,15,15,nord_ouest,,0.06790000043110922,172810.0,29,True,2026-04-23 15:52:30.385540
1653,15,15,balas_hammer,,0.7269999987329356,66848.0,29,True,2026-04-23 15:52:30.391595
1654,15,15,marche_pied,nord_ouest,6.507799998871633,52845.0,29,True,2026-04-23 15:52:30.402989
1655,15,15,marche_pied,balas_hammer,3.6283999997976935,52845.0,29,True,2026-04-23 15:52:30.411544
1656,15,15,nord_ouest,,0.06639999992330559,204673.0,29,True,2026-04-23 15:52:30.421500
1657,15,15,balas_hammer,,0.7345000012719538,56557.0,29,True,2026-04-23 15:52:30.427581
1658,15,15,marche_pied,nord_ouest,5.805299999337876,50835.0,29,True,2026-04-23 15:52:30.438330
1659,15,15,marche_pied,balas_hammer,2.6216999995085644,50835.0,29,True,2026-04-23 15:52:30.445881
1660,15,15,nord_ouest,,0.06779999966965988,213381.0,29,True,2026-04-23 15:52:30.456149
1661,15,15,balas_hammer,,0.7261000009748386,80085.0,29,True,2026-04-23 15:52:30.462203
1662,15,15,marche_pied,nord_ouest,5.073300000731251,75759.0,29,True,2026-04-23 15:52:30.472260
1663,15,15,marche_pied,balas_hammer,3.2386999992013443,75759.0,29,True,2026-04-23 15:52:30.480520
1664,15,15,nord_ouest,,0.07100000038917642,186807.0,29,True,2026-04-23 15:52:30.493165
1665,15,15,balas_hammer,,0.7141000005503884,68592.0,29,True,2026-04-23 15:52:30.499215
1666,15,15,marche_pied,nord_ouest,5.892799999855924,64839.0,29,True,2026-04-23 15:52:30.509980
1667,15,15,marche_pied,balas_hammer,2.734400000917958,64839.0,29,True,2026-04-23 15:52:30.517786
1668,15,15,nord_ouest,,0.06810000013501849,195899.0,29,True,2026-04-23 15:52:30.528185
1669,15,15,balas_hammer,,0.7795000001351582,72526.0,29,True,2026-04-23 15:52:30.534406
1670,15,15,marche_pied,nord_ouest,9.584499999618856,60688.0,29,True,2026-04-23 15:52:30.549002
1671,15,15,marche_pied,balas_hammer,3.3225999995920574,60688.0,29,True,2026-04-23 15:52:30.557745
1672,15,15,nord_ouest,,0.06779999966965988,238747.0,29,True,2026-04-23 15:52:30.568261
1673,15,15,balas_hammer,,0.7577000014862278,72054.0,29,True,2026-04-23 15:52:30.574452
1674,15,15,marche_pied,nord_ouest,5.765399999290821,67145.0,29,True,2026-04-23 15:52:30.585261
1675,15,15,marche_pied,balas_hammer,3.438300000198069,67145.0,29,True,2026-04-23 15:52:30.593845
1676,15,15,nord_ouest,,0.06289999873843044,130390.0,29,True,2026-04-23 15:52:30.603940
1677,15,15,balas_hammer,,0.7676999994146172,57551.0,29,True,2026-04-23 15:52:30.610072
1678,15,15,marche_pied,nord_ouest,4.3737000014516525,48151.0,29,True,2026-04-23 15:52:30.619386
1679,15,15,marche_pied,balas_hammer,3.2958000010694377,48151.0,29,True,2026-04-23 15:52:30.627773
1680,15,15,nord_ouest,,0.06829999983892776,246677.0,29,True,2026-04-23 15:52:30.638102
1681,15,15,balas_hammer,,0.7464000009349547,62775.0,29,True,2026-04-23 15:52:30.644255
1682,15,15,marche_pied,nord_ouest,6.902999999510939,58969.0,29,True,2026-04-23 15:52:30.656159
1683,15,15,marche_pied,balas_hammer,2.8476999996200902,58969.0,29,True,2026-04-23 15:52:30.664250
1684,15,15,nord_ouest,,0.06290000055741984,244393.0,29,True,2026-04-23 15:52:30.674184
1685,15,15,balas_hammer,,0.7464000009349547,79407.0,29,True,2026-04-23 15:52:30.680358
1686,15,15,marche_pied,nord_ouest,7.16880000072706,65364.0,29,True,2026-04-23 15:52:30.692550
1687,15,15,marche_pied,balas_hammer,2.880299998651026,65364.0,29,True,2026-04-23 15:52:30.700626
1688,15,15,nord_ouest,,0.06740000026184134,149977.0,29,True,2026-04-23 15:52:30.710975
1689,15,15,balas_hammer,,0.7501000000047497,80084.0,29,True,2026-04-23 15:52:30.717217
1690,15,15,marche_pied,nord_ouest,5.098199999338249,50601.0,29,True,2026-04-23 15:52:30.727291
1691,15,15,marche_pied,balas_hammer,3.1096000002435176,50601.0,29,True,2026-04-23 15:52:30.735593
1692,15,15,nord_ouest,,0.07080000068526715,122112.0,29,True,2026-04-23 15:52:30.745803
1693,15,15,balas_hammer,,0.7599000000482192,53968.0,29,True,2026-04-23 15:52:30.751957
1694,15,15,marche_pied,nord_ouest,4.5915000009699725,37111.0,29,True,2026-04-23 15:52:30.761506
1695,15,15,marche_pied,balas_hammer,3.1089000003703404,37111.0,29,True,2026-04-23 15:52:30.769686
1696,15,15,nord_ouest,,0.06750000102329068,162197.0,29,True,2026-04-23 15:52:30.779741
1697,15,15,balas_hammer,,0.7277999993675621,77998.0,29,True,2026-04-23 15:52:30.785901
1698,15,15,marche_pied,nord_ouest,6.671499999356456,68804.0,29,True,2026-04-23 15:52:30.797572
1699,15,15,marche_pied,balas_hammer,2.6763000005303184,68804.0,29,True,2026-04-23 15:52:30.805309
1700,15,15,nord_ouest,,0.07069999992381781,255437.0,29,True,2026-04-23 15:52:30.817518
1701,15,15,balas_hammer,,0.7387000005110167,116245.0,29,True,2026-04-23 15:52:30.823666
1702,15,15,marche_pied,nord_ouest,6.907900000442169,85469.0,29,True,2026-04-23 15:52:30.835559
1703,15,15,marche_pied,balas_hammer,3.7451999996847007,85469.0,29,True,2026-04-23 15:52:30.844589
1704,15,15,nord_ouest,,0.06500000017695129,119395.0,29,True,2026-04-23 15:52:30.854814
1705,15,15,balas_hammer,,0.7386999986920273,45059.0,29,True,2026-04-23 15:52:30.861063
1706,15,15,marche_pied,nord_ouest,4.912899999908404,42854.0,29,True,2026-04-23 15:52:30.871019
1707,15,15,marche_pied,balas_hammer,2.612000000226544,42854.0,29,True,2026-04-23 15:52:30.878794
1708,15,15,nord_ouest,,0.06659999962721486,166336.0,29,True,2026-04-23 15:52:30.889715
1709,15,15,balas_hammer,,0.7554999992862577,56428.0,29,True,2026-04-23 15:52:30.895971
1710,15,15,marche_pied,nord_ouest,4.655200000343029,52872.0,29,True,2026-04-23 15:52:30.905640
1711,15,15,marche_pied,balas_hammer,2.6436999996803934,52872.0,29,True,2026-04-23 15:52:30.913464
1712,15,15,nord_ouest,,0.06800000119255856,251995.0,29,True,2026-04-23 15:52:30.923354
1713,15,15,balas_hammer,,0.724600000467035,121765.0,29,True,2026-04-23 15:52:30.929635
1714,15,15,marche_pied,nord_ouest,5.033400000684196,90282.0,29,True,2026-04-23 15:52:30.939763
1715,15,15,marche_pied,balas_hammer,3.565899998648092,90282.0,29,True,2026-04-23 15:52:30.948541
1716,15,15,nord_ouest,,0.06720000055793207,135613.0,29,True,2026-04-23 15:52:30.961878
1717,15,15,balas_hammer,,0.7716000000073109,52419.0,29,True,2026-04-23 15:52:30.968162
1718,15,15,marche_pied,nord_ouest,7.023400001344271,50045.0,29,True,2026-04-23 15:52:30.980196
1719,15,15,marche_pied,balas_hammer,2.4382000010518823,50045.0,29,True,2026-04-23 15:52:30.987837
1720,15,15,nord_ouest,,0.06759999996575061,160574.0,29,True,2026-04-23 15:52:30.998271
1721,15,15,balas_hammer,,0.7510999985242961,75604.0,29,True,2026-04-23 15:52:31.004538
1722,15,15,marche_pied,nord_ouest,5.76309999996738,60739.0,29,True,2026-04-23 15:52:31.015436
1723,15,15,marche_pied,balas_hammer,2.5665999983175425,60739.0,29,True,2026-04-23 15:52:31.023192
1724,15,15,nord_ouest,,0.06969999958528206,217729.0,29,True,2026-04-23 15:52:31.033268
1725,15,15,balas_hammer,,0.7285000010597287,67118.0,29,True,2026-04-23 15:52:31.039641
1726,15,15,marche_pied,nord_ouest,6.633400000282563,60821.0,29,True,2026-04-23 15:52:31.051322
1727,15,15,marche_pied,balas_hammer,2.5802000000112457,60821.0,29,True,2026-04-23 15:52:31.059028
1728,15,15,nord_ouest,,0.06720000055793207,217868.0,29,True,2026-04-23 15:52:31.069038
1729,15,15,balas_hammer,,0.7409999998344574,63049.0,29,True,2026-04-23 15:52:31.075278
1730,15,15,marche_pied,nord_ouest,5.571399999098503,62441.0,29,True,2026-04-23 15:52:31.085955
1731,15,15,marche_pied,balas_hammer,1.8914999982371228,62441.0,29,True,2026-04-23 15:52:31.093027
1732,15,15,nord_ouest,,0.07120000009308569,174554.0,29,True,2026-04-23 15:52:31.103771
1733,15,15,balas_hammer,,0.7436000014422461,55000.0,29,True,2026-04-23 15:52:31.110019
1734,15,15,marche_pied,nord_ouest,6.521999999677064,42935.0,29,True,2026-04-23 15:52:31.121631
1735,15,15,marche_pied,balas_hammer,3.5760000009759096,42935.0,29,True,2026-04-23 15:52:31.130438
1736,15,15,nord_ouest,,0.06569999823113903,173420.0,29,True,2026-04-23 15:52:31.140727
1737,15,15,balas_hammer,,0.7215999994514277,34587.0,29,True,2026-04-23 15:52:31.147014
1738,15,15,marche_pied,nord_ouest,6.03890000093088,29165.0,29,True,2026-04-23 15:52:31.158216
1739,15,15,marche_pied,balas_hammer,3.692999998747837,29165.0,29,True,2026-04-23 15:52:31.167236
1740,15,15,nord_ouest,,0.06539999958476983,198932.0,29,True,2026-04-23 15:52:31.177496
1741,15,15,balas_hammer,,0.7290000012289966,78095.0,29,True,2026-04-23 15:52:31.183758
1742,15,15,marche_pied,nord_ouest,6.0391000006347895,67021.0,29,True,2026-04-23 15:52:31.194892
1743,15,15,marche_pied,balas_hammer,2.569000000221422,67021.0,29,True,2026-04-23 15:52:31.202749
1744,15,15,nord_ouest,,0.06899999971210491,156923.0,29,True,2026-04-23 15:52:31.212905
1745,15,15,balas_hammer,,0.7566000003862428,50429.0,29,True,2026-04-23 15:52:31.219227
1746,15,15,marche_pied,nord_ouest,5.815500000608154,49518.0,29,True,2026-04-23 15:52:31.230162
1747,15,15,marche_pied,balas_hammer,2.0220000005792826,49518.0,29,True,2026-04-23 15:52:31.237616
1748,15,15,nord_ouest,,0.07120000009308569,106927.0,29,True,2026-04-23 15:52:31.247807
1749,15,15,balas_hammer,,0.7206000009318814,35595.0,29,True,2026-04-23 15:52:31.254149
1750,15,15,marche_pied,nord_ouest,6.15769999967597,31393.0,29,True,2026-04-23 15:52:31.265509
1751,15,15,marche_pied,balas_hammer,3.067400000873022,31393.0,29,True,2026-04-23 15:52:31.273866
1752,15,15,nord_ouest,,0.0683999987813877,159068.0,29,True,2026-04-23 15:52:31.284148
1753,15,15,balas_hammer,,0.7318999996641651,54325.0,29,True,2026-04-23 15:52:31.290471
1754,15,15,marche_pied,nord_ouest,5.236799999693176,45176.0,29,True,2026-04-23 15:52:31.300876
1755,15,15,marche_pied,balas_hammer,2.382800001214491,45176.0,29,True,2026-04-23 15:52:31.308518
1756,15,15,nord_ouest,,0.06930000017746352,227567.0,29,True,2026-04-23 15:52:31.319436
1757,15,15,balas_hammer,,0.7714000003034016,71332.0,29,True,2026-04-23 15:52:31.327242
1758,15,15,marche_pied,nord_ouest,8.238000000346801,68423.0,29,True,2026-04-23 15:52:31.340744
1759,15,15,marche_pied,balas_hammer,2.5974999989557546,68423.0,29,True,2026-04-23 15:52:31.348605
1760,15,15,nord_ouest,,0.06969999958528206,196880.0,29,True,2026-04-23 15:52:31.359145
1761,15,15,balas_hammer,,0.7405000014841789,89581.0,29,True,2026-04-23 15:52:31.365499
1762,15,15,marche_pied,nord_ouest,6.283200000325451,71142.0,29,True,2026-04-23 15:52:31.376977
1763,15,15,marche_pied,balas_hammer,4.089199999725679,71142.0,29,True,2026-04-23 15:52:31.386427
1764,15,15,nord_ouest,,0.06720000055793207,154852.0,29,True,2026-04-23 15:52:31.396615
1765,15,15,balas_hammer,,0.7412000013573561,63644.0,29,True,2026-04-23 15:52:31.403042
1766,15,15,marche_pied,nord_ouest,5.708500000764616,54631.0,29,True,2026-04-23 15:52:31.413958
1767,15,15,marche_pied,balas_hammer,2.7070999985880917,54631.0,29,True,2026-04-23 15:52:31.423069
1768,15,15,nord_ouest,,0.06620000021939632,173287.0,29,True,2026-04-23 15:52:31.433286
1769,15,15,balas_hammer,,0.7322999990719836,84561.0,29,True,2026-04-23 15:52:31.439588
1770,15,15,marche_pied,nord_ouest,5.269100000077742,65620.0,29,True,2026-04-23 15:52:31.450039
1771,15,15,marche_pied,balas_hammer,3.1897999997454463,65620.0,29,True,2026-04-23 15:52:31.458771
1772,15,15,nord_ouest,,0.06489999941550195,217626.0,29,True,2026-04-23 15:52:31.468989
1773,15,15,balas_hammer,,0.7440999997925246,77205.0,29,True,2026-04-23 15:52:31.475412
1774,15,15,marche_pied,nord_ouest,7.235700000819634,70755.0,29,True,2026-04-23 15:52:31.487918
1775,15,15,marche_pied,balas_hammer,3.140100001473911,70755.0,29,True,2026-04-23 15:52:31.496327
1776,15,15,nord_ouest,,0.07100000038917642,178345.0,29,True,2026-04-23 15:52:31.506475
1777,15,15,balas_hammer,,0.7624999998370185,54848.0,29,True,2026-04-23 15:52:31.512867
1778,15,15,marche_pied,nord_ouest,6.194300000061048,48668.0,29,True,2026-04-23 15:52:31.524271
1779,15,15,marche_pied,balas_hammer,2.6099000006070128,48668.0,29,True,2026-04-23 15:52:31.532297
1780,15,15,nord_ouest,,0.06739999844285194,157476.0,29,True,2026-04-23 15:52:31.542463
1781,15,15,balas_hammer,,0.7327999992412515,52825.0,29,True,2026-04-23 15:52:31.548903
1782,15,15,marche_pied,nord_ouest,5.945400000200607,47212.0,29,True,2026-04-23 15:52:31.560070
1783,15,15,marche_pied,balas_hammer,3.1221999997796956,47212.0,29,True,2026-04-23 15:52:31.568503
1784,15,15,nord_ouest,,0.06949999988137279,162440.0,29,True,2026-04-23 15:52:31.578938
1785,15,15,balas_hammer,,0.7230000010167714,47090.0,29,True,2026-04-23 15:52:31.585369
1786,15,15,marche_pied,nord_ouest,5.3740999992442084,42133.0,29,True,2026-04-23 15:52:31.596008
1787,15,15,marche_pied,balas_hammer,2.7578000008361414,42133.0,29,True,2026-04-23 15:52:31.604126
1788,15,15,nord_ouest,,0.06759999996575061,204501.0,29,True,2026-04-23 15:52:31.614258
1789,15,15,balas_hammer,,0.8075999994616723,88467.0,29,True,2026-04-23 15:52:31.622096
1790,15,15,marche_pied,nord_ouest,5.951600000116741,81949.0,29,True,2026-04-23 15:52:31.634851
1791,15,15,marche_pied,balas_hammer,2.6377000012871576,81949.0,29,True,2026-04-23 15:52:31.643693
1792,15,15,nord_ouest,,0.0714999987394549,194732.0,29,True,2026-04-23 15:52:31.662678
1793,15,15,balas_hammer,,0.7506999991164776,44617.0,29,True,2026-04-23 15:52:31.669157
1794,15,15,marche_pied,nord_ouest,7.04070000028878,41595.0,29,True,2026-04-23 15:52:31.681400
1795,15,15,marche_pied,balas_hammer,2.9940000003989553,41595.0,29,True,2026-04-23 15:52:31.689792
1796,15,15,nord_ouest,,0.06759999996575061,220968.0,29,True,2026-04-23 15:52:31.700330
1797,15,15,balas_hammer,,0.7273999999597436,120933.0,29,True,2026-04-23 15:52:31.706808
1798,15,15,marche_pied,nord_ouest,4.885999998805346,85626.0,29,True,2026-04-23 15:52:31.717179
1799,15,15,marche_pied,balas_hammer,3.706199999214732,85626.0,29,True,2026-04-23 15:52:31.726325
1800,15,15,nord_ouest,,0.07060000098135788,237788.0,29,True,2026-04-23 15:52:31.736526
1801,15,15,balas_hammer,,0.747800000681309,141820.0,29,True,2026-04-23 15:52:31.743013
1802,15,15,marche_pied,nord_ouest,5.096400000184076,117611.0,29,True,2026-04-23 15:52:31.753390
1803,15,15,marche_pied,balas_hammer,2.412799998637638,117611.0,29,True,2026-04-23 15:52:31.761120
1804,15,15,nord_ouest,,0.06709999979648273,302341.0,29,True,2026-04-23 15:52:31.771542
1805,15,15,balas_hammer,,0.7476000009773998,101432.0,29,True,2026-04-23 15:52:31.778011
1806,15,15,marche_pied,nord_ouest,5.489199998919503,74689.0,29,True,2026-04-23 15:52:31.788768
1807,15,15,marche_pied,balas_hammer,3.7664999999833526,74689.0,29,True,2026-04-23 15:52:31.797955
1808,15,15,nord_ouest,,0.07010000081209,155349.0,29,True,2026-04-23 15:52:31.808269
1809,15,15,balas_hammer,,0.7095999990269775,52006.0,29,True,2026-04-23 15:52:31.814780
1810,15,15,marche_pied,nord_ouest,4.824600000574719,47011.0,29,True,2026-04-23 15:52:31.824912
1811,15,15,marche_pied,balas_hammer,4.08900000002177,47011.0,29,True,2026-04-23 15:52:31.834343
1812,15,15,nord_ouest,,0.07120000009308569,264833.0,29,True,2026-04-23 15:52:31.844713
1813,15,15,balas_hammer,,0.7344999994529644,69573.0,29,True,2026-04-23 15:52:31.851213
1814,15,15,marche_pied,nord_ouest,6.194800000230316,60778.0,29,True,2026-04-23 15:52:31.862706
1815,15,15,marche_pied,balas_hammer,3.1644999999116408,60778.0,29,True,2026-04-23 15:52:31.871173
1816,15,15,nord_ouest,,0.06920000123500358,137459.0,29,True,2026-04-23 15:52:31.881634
1817,15,15,balas_hammer,,0.7109000016498612,67140.0,29,True,2026-04-23 15:52:31.888094
1818,15,15,marche_pied,nord_ouest,5.117699998663738,55892.0,29,True,2026-04-23 15:52:31.898502
1819,15,15,marche_pied,balas_hammer,3.1423999989783624,55892.0,29,True,2026-04-23 15:52:31.906982
1820,15,15,nord_ouest,,0.07249999907799065,162899.0,29,True,2026-04-23 15:52:31.919700
1821,15,15,balas_hammer,,0.7304999999178108,106629.0,29,True,2026-04-23 15:52:31.926233
1822,15,15,marche_pied,nord_ouest,5.717800000638817,83203.0,29,True,2026-04-23 15:52:31.937412
1823,15,15,marche_pied,balas_hammer,3.844000000754022,83203.0,29,True,2026-04-23 15:52:31.946623
1824,15,15,nord_ouest,,0.07230000119307078,217887.0,29,True,2026-04-23 15:52:31.957197
1825,15,15,balas_hammer,,0.7053999997879146,128183.0,29,True,2026-04-23 15:52:31.963753
1826,15,15,marche_pied,nord_ouest,5.433000000266475,99636.0,29,True,2026-04-23 15:52:31.974563
1827,15,15,marche_pied,balas_hammer,3.6421999993763166,99636.0,29,True,2026-04-23 15:52:31.983567
1828,15,15,nord_ouest,,0.06819999907747842,192192.0,29,True,2026-04-23 15:52:31.993858
1829,15,15,balas_hammer,,0.7234999993670499,88929.0,29,True,2026-04-23 15:52:32.000376
1830,15,15,marche_pied,nord_ouest,5.437700001493795,75499.0,29,True,2026-04-23 15:52:32.011230
1831,15,15,marche_pied,balas_hammer,3.9182999989861855,75499.0,29,True,2026-04-23 15:52:32.020581
1832,15,15,nord_ouest,,0.0667000003886642,232544.0,29,True,2026-04-23 15:52:32.034213
1833,15,15,balas_hammer,,0.7455000013578683,55685.0,29,True,2026-04-23 15:52:32.040737
1834,15,15,marche_pied,nord_ouest,6.534699999974691,53282.0,29,True,2026-04-23 15:52:32.052646
1835,15,15,marche_pied,balas_hammer,2.6090000010299264,53282.0,29,True,2026-04-23 15:52:32.060641
1836,15,15,nord_ouest,,0.06570000005012844,208457.0,29,True,2026-04-23 15:52:32.071438
1837,15,15,balas_hammer,,0.7324000016524224,81603.0,29,True,2026-04-23 15:52:32.077933
1838,15,15,marche_pied,nord_ouest,5.797300000267569,73224.0,29,True,2026-04-23 15:52:32.089064
1839,15,15,marche_pied,balas_hammer,3.383400000529946,73224.0,29,True,2026-04-23 15:52:32.097902
1840,15,15,nord_ouest,,0.06660000144620426,182715.0,29,True,2026-04-23 15:52:32.110350
1841,15,15,balas_hammer,,0.7513999989896547,60084.0,29,True,2026-04-23 15:52:32.116876
1842,15,15,marche_pied,nord_ouest,5.70260000131384,58314.0,29,True,2026-04-23 15:52:32.127844
1843,15,15,marche_pied,balas_hammer,2.3873000009189127,58314.0,29,True,2026-04-23 15:52:32.135736
1844,15,15,nord_ouest,,0.06829999983892776,141845.0,29,True,2026-04-23 15:52:32.148408
1845,15,15,balas_hammer,,0.7358999991993187,76151.0,29,True,2026-04-23 15:52:32.154876
1846,15,15,marche_pied,nord_ouest,4.935499999191961,60194.0,29,True,2026-04-23 15:52:32.165111
1847,15,15,marche_pied,balas_hammer,2.932699999291799,60194.0,29,True,2026-04-23 15:52:32.173482
1848,15,15,nord_ouest,,0.06810000013501849,214714.0,29,True,2026-04-23 15:52:32.183819
1849,15,15,balas_hammer,,0.7624999998370185,80236.0,29,True,2026-04-23 15:52:32.190359
1850,15,15,marche_pied,nord_ouest,7.349499999691034,70176.0,29,True,2026-04-23 15:52:32.203092
1851,15,15,marche_pied,balas_hammer,3.159100000630133,70176.0,29,True,2026-04-23 15:52:32.211786
1852,15,15,nord_ouest,,0.06860000030428637,184648.0,29,True,2026-04-23 15:52:32.224487
1853,15,15,balas_hammer,,0.7100000002537854,71628.0,29,True,2026-04-23 15:52:32.231032
1854,15,15,marche_pied,nord_ouest,5.389600000853534,64324.0,29,True,2026-04-23 15:52:32.241785
1855,15,15,marche_pied,balas_hammer,3.4666999999899417,64324.0,29,True,2026-04-23 15:52:32.250743
1856,15,15,nord_ouest,,0.07079999886627775,163372.0,29,True,2026-04-23 15:52:32.263403
1857,15,15,balas_hammer,,0.7415000000037253,92617.0,29,True,2026-04-23 15:52:32.269950
1858,15,15,marche_pied,nord_ouest,5.428999998912332,67084.0,29,True,2026-04-23 15:52:32.280773
1859,15,15,marche_pied,balas_hammer,3.2083999994938495,67084.0,29,True,2026-04-23 15:52:32.289571
1860,15,15,nord_ouest,,0.06580000081157777,191064.0,29,True,2026-04-23 15:52:32.300113
1861,15,15,balas_hammer,,0.7203999994089827,59878.0,29,True,2026-04-23 15:52:32.306651
1862,15,15,marche_pied,nord_ouest,4.697800000940333,51922.0,29,True,2026-04-23 15:52:32.316840
1863,15,15,marche_pied,balas_hammer,2.98320000001695,51922.0,29,True,2026-04-23 15:52:32.325444
1864,15,15,nord_ouest,,0.06859999848529696,149302.0,29,True,2026-04-23 15:52:32.338078
1865,15,15,balas_hammer,,0.7084999997459818,76747.0,29,True,2026-04-23 15:52:32.344706
1866,15,15,marche_pied,nord_ouest,4.041899999720044,63970.0,29,True,2026-04-23 15:52:32.354170
1867,15,15,marche_pied,balas_hammer,2.6943999982904643,63970.0,29,True,2026-04-23 15:52:32.362378
1868,15,15,nord_ouest,,0.0669999990350334,174759.0,29,True,2026-04-23 15:52:32.372887
1869,15,15,balas_hammer,,0.7611000000906643,52867.0,29,True,2026-04-23 15:52:32.379476
1870,15,15,marche_pied,nord_ouest,6.747600000380771,44120.0,29,True,2026-04-23 15:52:32.391767
1871,15,15,marche_pied,balas_hammer,2.57919999967271,44120.0,29,True,2026-04-23 15:52:32.399859
1872,15,15,nord_ouest,,0.06750000102329068,166341.0,29,True,2026-04-23 15:52:32.410220
1873,15,15,balas_hammer,,0.7196999995358055,68947.0,29,True,2026-04-23 15:52:32.416745
1874,15,15,marche_pied,nord_ouest,5.272700000205077,52857.0,29,True,2026-04-23 15:52:32.427525
1875,15,15,marche_pied,balas_hammer,2.312500000698492,52857.0,29,True,2026-04-23 15:52:32.435288
1876,15,15,nord_ouest,,0.0655999992886791,155445.0,29,True,2026-04-23 15:52:32.445826
1877,15,15,balas_hammer,,0.7547999994130805,81122.0,29,True,2026-04-23 15:52:32.452438
1878,15,15,marche_pied,nord_ouest,5.070499999419553,54218.0,29,True,2026-04-23 15:52:32.463044
1879,15,15,marche_pied,balas_hammer,3.8531999998667743,54218.0,29,True,2026-04-23 15:52:32.472468
1880,15,15,nord_ouest,,0.06849999954283703,188851.0,29,True,2026-04-23 15:52:32.483046
1881,15,15,balas_hammer,,0.7570999987365212,55532.0,29,True,2026-04-23 15:52:32.489541
1882,15,15,marche_pied,nord_ouest,7.296299998415634,44299.0,29,True,2026-04-23 15:52:32.502288
1883,15,15,marche_pied,balas_hammer,4.021900000225287,44299.0,29,True,2026-04-23 15:52:32.511938
1884,15,15,nord_ouest,,0.07019999975454994,245957.0,29,True,2026-04-23 15:52:32.524619
1885,15,15,balas_hammer,,0.7064999990689103,86462.0,29,True,2026-04-23 15:52:32.531121
1886,15,15,marche_pied,nord_ouest,5.342800001017167,75926.0,29,True,2026-04-23 15:52:32.541850
1887,15,15,marche_pied,balas_hammer,3.089100000579492,75926.0,29,True,2026-04-23 15:52:32.550683
1888,15,15,nord_ouest,,0.0684000006003771,115288.0,29,True,2026-04-23 15:52:32.563440
1889,15,15,balas_hammer,,0.7402000010188203,52374.0,29,True,2026-04-23 15:52:32.570179
1890,15,15,marche_pied,nord_ouest,5.927100000917562,39698.0,29,True,2026-04-23 15:52:32.581537
1891,15,15,marche_pied,balas_hammer,3.6559000000124797,39698.0,29,True,2026-04-23 15:52:32.590712
1892,15,15,nord_ouest,,0.06709999979648273,210802.0,29,True,2026-04-23 15:52:32.601256
1893,15,15,balas_hammer,,0.7499000003008405,66816.0,29,True,2026-04-23 15:52:32.607883
1894,15,15,marche_pied,nord_ouest,6.4407000008941395,58320.0,29,True,2026-04-23 15:52:32.619756
1895,15,15,marche_pied,balas_hammer,3.1041000002005603,58320.0,29,True,2026-04-23 15:52:32.628610
1896,15,15,nord_ouest,,0.06509999911941122,213656.0,29,True,2026-04-23 15:52:32.639349
1897,15,15,balas_hammer,,0.7616000002599321,46363.0,29,True,2026-04-23 15:52:32.645959
1898,15,15,marche_pied,nord_ouest,6.311799999821233,43559.0,29,True,2026-04-23 15:52:32.657801
1899,15,15,marche_pied,balas_hammer,2.432700001008925,43559.0,29,True,2026-04-23 15:52:32.665951
1900,15,15,nord_ouest,,0.06709999979648273,217821.0,29,True,2026-04-23 15:52:32.676893
1901,15,15,balas_hammer,,0.7058999999571824,58075.0,29,True,2026-04-23 15:52:32.683397
1902,15,15,marche_pied,nord_ouest,7.071399999404093,47760.0,29,True,2026-04-23 15:52:32.695993
1903,15,15,marche_pied,balas_hammer,2.982900001370581,47760.0,29,True,2026-04-23 15:52:32.704582
1904,15,15,nord_ouest,,0.06770000072719995,222113.0,29,True,2026-04-23 15:52:32.714888
1905,15,15,balas_hammer,,0.7256999997480307,99902.0,29,True,2026-04-23 15:52:32.721502
1906,15,15,marche_pied,nord_ouest,6.213099999513361,93187.0,29,True,2026-04-23 15:52:32.733327
1907,15,15,marche_pied,balas_hammer,2.679799999896204,93187.0,29,True,2026-04-23 15:52:32.741732
1908,15,15,nord_ouest,,0.06609999945794698,170151.0,29,True,2026-04-23 15:52:32.752400
1909,15,15,balas_hammer,,0.7547999994130805,66259.0,29,True,2026-04-23 15:52:32.759055
1910,15,15,marche_pied,nord_ouest,5.390299998907722,49147.0,29,True,2026-04-23 15:52:32.769986
1911,15,15,marche_pied,balas_hammer,3.313200000775396,49147.0,29,True,2026-04-23 15:52:32.779047
1912,15,15,nord_ouest,,0.06909999865456484,212860.0,29,True,2026-04-23 15:52:32.789719
1913,15,15,balas_hammer,,0.7069000002957182,85517.0,29,True,2026-04-23 15:52:32.796450
1914,15,15,marche_pied,nord_ouest,5.548299999645678,68144.0,29,True,2026-04-23 15:52:32.807652
1915,15,15,marche_pied,balas_hammer,3.4173000003647758,68144.0,29,True,2026-04-23 15:52:32.816602
1916,15,15,nord_ouest,,0.06860000030428637,225823.0,29,True,2026-04-23 15:52:32.827495
1917,15,15,balas_hammer,,0.7643999997526407,124193.0,29,True,2026-04-23 15:52:32.834158
1918,15,15,marche_pied,nord_ouest,5.004200000257697,90516.0,29,True,2026-04-23 15:52:32.844801
1919,15,15,marche_pied,balas_hammer,3.845999999612104,90516.0,29,True,2026-04-23 15:52:32.854279
1920,15,15,nord_ouest,,0.06619999840040691,176143.0,29,True,2026-04-23 15:52:32.865051
1921,15,15,balas_hammer,,0.7300999986910028,47150.0,29,True,2026-04-23 15:52:32.871701
1922,15,15,marche_pied,nord_ouest,5.756200000178069,44099.0,29,True,2026-04-23 15:52:32.882983
1923,15,15,marche_pied,balas_hammer,2.682000000277185,44099.0,29,True,2026-04-23 15:52:32.891261
1924,15,15,nord_ouest,,0.06519999988086056,140690.0,29,True,2026-04-23 15:52:32.902058
1925,15,15,balas_hammer,,0.7383000011031982,63285.0,29,True,2026-04-23 15:52:32.908734
1926,15,15,marche_pied,nord_ouest,6.036000000676722,55387.0,29,True,2026-04-23 15:52:32.920333
1927,15,15,marche_pied,balas_hammer,3.541100000802544,55387.0,29,True,2026-04-23 15:52:32.929610
1928,15,15,nord_ouest,,0.06329999996523838,197742.0,29,True,2026-04-23 15:52:32.940437
1929,15,15,balas_hammer,,0.7480000003852183,55858.0,29,True,2026-04-23 15:52:32.947172
1930,15,15,marche_pied,nord_ouest,5.645899998853565,50384.0,29,True,2026-04-23 15:52:32.958482
1931,15,15,marche_pied,balas_hammer,2.5562000009813346,50384.0,29,True,2026-04-23 15:52:32.966740
1932,15,15,nord_ouest,,0.06580000081157777,145385.0,29,True,2026-04-23 15:52:32.977433
1933,15,15,balas_hammer,,0.7553000014013378,52481.0,29,True,2026-04-23 15:52:32.984188
1934,15,15,marche_pied,nord_ouest,5.507500000021537,47449.0,29,True,2026-04-23 15:52:32.995334
1935,15,15,marche_pied,balas_hammer,2.6674999990063952,47449.0,29,True,2026-04-23 15:52:33.003680
1936,15,15,nord_ouest,,0.06800000119255856,158723.0,29,True,2026-04-23 15:52:33.014151
1937,15,15,balas_hammer,,0.7334000001719687,58269.0,29,True,2026-04-23 15:52:33.020885
1938,15,15,marche_pied,nord_ouest,5.980799998724251,44420.0,29,True,2026-04-23 15:52:33.032486
1939,15,15,marche_pied,balas_hammer,2.643499999976484,44420.0,29,True,2026-04-23 15:52:33.040754
1940,15,15,nord_ouest,,0.06489999941550195,217011.0,29,True,2026-04-23 15:52:33.051804
1941,15,15,balas_hammer,,0.7635000001755543,90357.0,29,True,2026-04-23 15:52:33.058601
1942,15,15,marche_pied,nord_ouest,5.399300000135554,76098.0,29,True,2026-04-23 15:52:33.069572
1943,15,15,marche_pied,balas_hammer,3.2710000014049,76098.0,29,True,2026-04-23 15:52:33.078627
1944,15,15,nord_ouest,,0.06579999899258837,166484.0,29,True,2026-04-23 15:52:33.089558
1945,15,15,balas_hammer,,0.7263999996212078,78926.0,29,True,2026-04-23 15:52:33.096179
1946,15,15,marche_pied,nord_ouest,3.9365000011457596,64973.0,29,True,2026-04-23 15:52:33.105922
1947,15,15,marche_pied,balas_hammer,3.033899998627021,64973.0,29,True,2026-04-23 15:52:33.114876
1948,15,15,nord_ouest,,0.06519999988086056,165561.0,29,True,2026-04-23 15:52:33.126494
1949,15,15,balas_hammer,,0.7392999996227445,61324.0,29,True,2026-04-23 15:52:33.133232
1950,15,15,marche_pied,nord_ouest,6.502100000943756,49701.0,29,True,2026-04-23 15:52:33.145420
1951,15,15,marche_pied,balas_hammer,2.500000000509317,49701.0,29,True,2026-04-23 15:52:33.153594
1952,15,15,nord_ouest,,0.06510000093840063,207659.0,29,True,2026-04-23 15:52:33.166619
1953,15,15,balas_hammer,,0.7397000008495525,70659.0,29,True,2026-04-23 15:52:33.173302
1954,15,15,marche_pied,nord_ouest,19.932599998355727,57701.0,29,True,2026-04-23 15:52:33.198964
1955,15,15,marche_pied,balas_hammer,2.888600000005681,57701.0,29,True,2026-04-23 15:52:33.208033
1956,15,15,nord_ouest,,0.06889999895065557,176721.0,29,True,2026-04-23 15:52:33.218989
1957,15,15,balas_hammer,,0.7044000012683682,101137.0,29,True,2026-04-23 15:52:33.225739
1958,15,15,marche_pied,nord_ouest,5.115499998282758,81661.0,29,True,2026-04-23 15:52:33.236525
1959,15,15,marche_pied,balas_hammer,3.4381999994366197,81661.0,29,True,2026-04-23 15:52:33.245733
1960,15,15,nord_ouest,,0.06860000030428637,219907.0,29,True,2026-04-23 15:52:33.258576
1961,15,15,balas_hammer,,0.7038999992801109,149972.0,29,True,2026-04-23 15:52:33.265303
1962,15,15,marche_pied,nord_ouest,4.089100000783219,102123.0,29,True,2026-04-23 15:52:33.275003
1963,15,15,marche_pied,balas_hammer,3.410400000575464,102123.0,29,True,2026-04-23 15:52:33.284126
1964,15,15,nord_ouest,,0.06749999920430128,155215.0,29,True,2026-04-23 15:52:33.295003
1965,15,15,balas_hammer,,0.7733000002190238,60647.0,29,True,2026-04-23 15:52:33.301812
1966,15,15,marche_pied,nord_ouest,6.30269999965094,52480.0,29,True,2026-04-23 15:52:33.313751
1967,15,15,marche_pied,balas_hammer,3.183599999829312,52480.0,29,True,2026-04-23 15:52:33.322656
1968,15,15,nord_ouest,,0.06709999979648273,252106.0,29,True,2026-04-23 15:52:33.333313
1969,15,15,balas_hammer,,0.7470000000466825,112467.0,29,True,2026-04-23 15:52:33.340256
1970,15,15,marche_pied,nord_ouest,5.387900000641821,101433.0,29,True,2026-04-23 15:52:33.351355
1971,15,15,marche_pied,balas_hammer,3.3777999997255392,101433.0,29,True,2026-04-23 15:52:33.360555
1972,15,15,nord_ouest,,0.06750000102329068,210084.0,29,True,2026-04-23 15:52:33.371175
1973,15,15,balas_hammer,,0.7129000005079433,51829.0,29,True,2026-04-23 15:52:33.377951
1974,15,15,marche_pied,nord_ouest,6.021000001055654,48979.0,29,True,2026-04-23 15:52:33.389700
1975,15,15,marche_pied,balas_hammer,2.7110999999422347,48979.0,29,True,2026-04-23 15:52:33.398160
1976,15,15,nord_ouest,,0.0669999990350334,224420.0,29,True,2026-04-23 15:52:33.409100
1977,15,15,balas_hammer,,0.7144999999582069,59661.0,29,True,2026-04-23 15:52:33.415870
1978,15,15,marche_pied,nord_ouest,5.50660000044445,51665.0,29,True,2026-04-23 15:52:33.427083
1979,15,15,marche_pied,balas_hammer,2.4948000009317184,51665.0,29,True,2026-04-23 15:52:33.435330
1980,15,15,nord_ouest,,0.06340000072668772,240009.0,29,True,2026-04-23 15:52:33.446179
1981,15,15,balas_hammer,,0.7428999997500796,81052.0,29,True,2026-04-23 15:52:33.453003
1982,15,15,marche_pied,nord_ouest,5.326400001649745,67103.0,29,True,2026-04-23 15:52:33.464033
1983,15,15,marche_pied,balas_hammer,2.5444000002607936,67103.0,29,True,2026-04-23 15:52:33.472317
1984,15,15,nord_ouest,,0.0667000003886642,192128.0,29,True,2026-04-23 15:52:33.483044
1985,15,15,balas_hammer,,0.7057999991957331,61886.0,29,True,2026-04-23 15:52:33.489835
1986,15,15,marche_pied,nord_ouest,5.990100000417442,52476.0,29,True,2026-04-23 15:52:33.501509
1987,15,15,marche_pied,balas_hammer,2.936000000772765,52476.0,29,True,2026-04-23 15:52:33.510273
1988,15,15,nord_ouest,,0.06919999941601418,110211.0,29,True,2026-04-23 15:52:33.520969
1989,15,15,balas_hammer,,0.7452999998349696,43511.0,29,True,2026-04-23 15:52:33.527865
1990,15,15,marche_pied,nord_ouest,6.945400000404334,30463.0,29,True,2026-04-23 15:52:33.540893
1991,15,15,marche_pied,balas_hammer,3.451900000072783,30463.0,29,True,2026-04-23 15:52:33.550372
1992,15,15,nord_ouest,,0.06910000047355425,186327.0,29,True,2026-04-23 15:52:33.560879
1993,15,15,balas_hammer,,0.7144999999582069,73798.0,29,True,2026-04-23 15:52:33.567643
1994,15,15,marche_pied,nord_ouest,4.857500000071013,56138.0,29,True,2026-04-23 15:52:33.578271
1995,15,15,marche_pied,balas_hammer,3.177000000505359,56138.0,29,True,2026-04-23 15:52:33.587321
1996,15,15,nord_ouest,,0.06630000098084565,238172.0,29,True,2026-04-23 15:52:33.598100
1997,15,15,balas_hammer,,0.7495999998354819,85042.0,29,True,2026-04-23 15:52:33.605133
1998,15,15,marche_pied,nord_ouest,6.609699999899021,75245.0,29,True,2026-04-23 15:52:33.618430
1999,15,15,marche_pied,balas_hammer,2.961100000902661,75245.0,29,True,2026-04-23 15:52:33.628308
2000,15,15,nord_ouest,,0.06740000026184134,168964.0,29,True,2026-04-23 15:52:33.645073
2001,15,15,balas_hammer,,0.7157000000006519,84019.0,29,True,2026-04-23 15:52:33.651945
2002,15,15,marche_pied,nord_ouest,4.775499999595922,67640.0,29,True,2026-04-23 15:52:33.662400
2003,15,15,marche_pied,balas_hammer,3.2412000000476837,67640.0,29,True,2026-04-23 15:52:33.671327
2004,15,15,nord_ouest,,0.06489999941550195,251417.0,29,True,2026-04-23 15:52:33.682076
2005,15,15,balas_hammer,,0.7308999993256293,78403.0,29,True,2026-04-23 15:52:33.688908
2006,15,15,marche_pied,nord_ouest,5.2978000003349734,64083.0,29,True,2026-04-23 15:52:33.699906
2007,15,15,marche_pied,balas_hammer,3.3958999993046746,64083.0,29,True,2026-04-23 15:52:33.709261
2008,15,15,nord_ouest,,0.06850000136182643,167369.0,29,True,2026-04-23 15:52:33.720031
2009,15,15,balas_hammer,,0.7322000001295237,96542.0,29,True,2026-04-23 15:52:33.726995
2010,15,15,marche_pied,nord_ouest,4.4308000015007565,79351.0,29,True,2026-04-23 15:52:33.737298
2011,15,15,marche_pied,balas_hammer,4.169600000750506,79351.0,29,True,2026-04-23 15:52:33.747396
2012,15,15,nord_ouest,,0.06519999988086056,127127.0,29,True,2026-04-23 15:52:33.758150
2013,15,15,balas_hammer,,0.7623000001331093,50797.0,29,True,2026-04-23 15:52:33.765140
2014,15,15,marche_pied,nord_ouest,4.411600000821636,38388.0,29,True,2026-04-23 15:52:33.775344
2015,15,15,marche_pied,balas_hammer,3.27340000148979,38388.0,29,True,2026-04-23 15:52:33.784493
2016,15,15,nord_ouest,,0.06439999924623407,204314.0,29,True,2026-04-23 15:52:33.795275
2017,15,15,balas_hammer,,0.7525000000896398,44794.0,29,True,2026-04-23 15:52:33.802205
2018,15,15,marche_pied,nord_ouest,5.191899999772431,39685.0,29,True,2026-04-23 15:52:33.813207
2019,15,15,marche_pied,balas_hammer,2.966000000014901,39685.0,29,True,2026-04-23 15:52:33.821964
2020,15,15,nord_ouest,,0.06819999907747842,171841.0,29,True,2026-04-23 15:52:33.832573
2021,15,15,balas_hammer,,0.7163000009313691,75367.0,29,True,2026-04-23 15:52:33.839415
2022,15,15,marche_pied,nord_ouest,4.733200001282967,69421.0,29,True,2026-04-23 15:52:33.849960
2023,15,15,marche_pied,balas_hammer,2.956399999675341,69421.0,29,True,2026-04-23 15:52:33.858757
2024,15,15,nord_ouest,,0.06409999878087547,195445.0,29,True,2026-04-23 15:52:33.869499
2025,15,15,balas_hammer,,0.7666000001336215,63732.0,29,True,2026-04-23 15:52:33.876527
2026,15,15,marche_pied,nord_ouest,5.452900000818772,56169.0,29,True,2026-04-23 15:52:33.887814
2027,15,15,marche_pied,balas_hammer,3.1023999999888474,56169.0,29,True,2026-04-23 15:52:33.896792
2028,15,15,nord_ouest,,0.06810000013501849,184454.0,29,True,2026-04-23 15:52:33.907695
2029,15,15,balas_hammer,,0.6956000015634345,68709.0,29,True,2026-04-23 15:52:33.914574
2030,15,15,marche_pied,nord_ouest,6.001800000376534,61932.0,29,True,2026-04-23 15:52:33.926514
2031,15,15,marche_pied,balas_hammer,2.83560000025318,61932.0,29,True,2026-04-23 15:52:33.935214
2032,15,15,nord_ouest,,0.06519999988086056,246576.0,29,True,2026-04-23 15:52:33.945862
2033,15,15,balas_hammer,,0.7625999987794785,98320.0,29,True,2026-04-23 15:52:33.952784
2034,15,15,marche_pied,nord_ouest,5.573500000537024,92289.0,29,True,2026-04-23 15:52:33.964079
2035,15,15,marche_pied,balas_hammer,2.82350000088627,92289.0,29,True,2026-04-23 15:52:33.972834
2036,15,15,nord_ouest,,0.06709999979648273,183202.0,29,True,2026-04-23 15:52:33.983539
2037,15,15,balas_hammer,,0.7451000001310604,62291.0,29,True,2026-04-23 15:52:33.990553
2038,15,15,marche_pied,nord_ouest,4.941600000165636,59227.0,29,True,2026-04-23 15:52:34.001326
2039,15,15,marche_pied,balas_hammer,2.5972000003093854,59227.0,29,True,2026-04-23 15:52:34.009863
2040,15,15,nord_ouest,,0.06709999979648273,130829.0,29,True,2026-04-23 15:52:34.020627
2041,15,15,balas_hammer,,0.7271000013133744,45052.0,29,True,2026-04-23 15:52:34.027523
2042,15,15,marche_pied,nord_ouest,6.048199998986092,35700.0,29,True,2026-04-23 15:52:34.039437
2043,15,15,marche_pied,balas_hammer,2.8043000002071494,35700.0,29,True,2026-04-23 15:52:34.048134
2044,15,15,nord_ouest,,0.06310000026132911,161990.0,29,True,2026-04-23 15:52:34.058907
2045,15,15,balas_hammer,,0.7566999993287027,71648.0,29,True,2026-04-23 15:52:34.065898
2046,15,15,marche_pied,nord_ouest,15.73840000128257,54783.0,29,True,2026-04-23 15:52:34.087504
2047,15,15,marche_pied,balas_hammer,3.153000001475448,54783.0,29,True,2026-04-23 15:52:34.097038
2048,20,20,nord_ouest,,0.08259999958681874,213102.0,39,True,2026-04-23 15:52:34.108575
2049,20,20,balas_hammer,,1.5354000006482238,65012.0,39,True,2026-04-23 15:52:34.116517
2050,20,20,marche_pied,nord_ouest,12.279499998840038,52301.0,39,True,2026-04-23 15:52:34.134686
2051,20,20,marche_pied,balas_hammer,6.3326999988930766,52301.0,39,True,2026-04-23 15:52:34.148764
2052,20,20,nord_ouest,,0.0869999985297909,228401.0,39,True,2026-04-23 15:52:34.160781
2053,20,20,balas_hammer,,1.476199999160599,74709.0,39,True,2026-04-23 15:52:34.168565
2054,20,20,marche_pied,nord_ouest,12.277900001208764,66246.0,39,True,2026-04-23 15:52:34.186741
2055,20,20,marche_pied,balas_hammer,5.598399999144021,66246.0,39,True,2026-04-23 15:52:34.198559
2056,20,20,nord_ouest,,0.08600000001024455,279227.0,39,True,2026-04-23 15:52:34.209971
2057,20,20,balas_hammer,,1.5480999991268618,70792.0,39,True,2026-04-23 15:52:34.217755
2058,20,20,marche_pied,nord_ouest,13.658800000484916,63239.0,39,True,2026-04-23 15:52:34.237478
2059,20,20,marche_pied,balas_hammer,6.932199999937438,63239.0,39,True,2026-04-23 15:52:34.250669
2060,20,20,nord_ouest,,0.08369999886781443,189606.0,39,True,2026-04-23 15:52:34.261830
2061,20,20,balas_hammer,,1.5569999995932449,38266.0,39,True,2026-04-23 15:52:34.269836
2062,20,20,marche_pied,nord_ouest,16.436399999292917,35566.0,39,True,2026-04-23 15:52:34.292143
2063,20,20,marche_pied,balas_hammer,5.617099999653874,35566.0,39,True,2026-04-23 15:52:34.303917
2064,20,20,nord_ouest,,0.08720000005268957,293485.0,39,True,2026-04-23 15:52:34.315300
2065,20,20,balas_hammer,,1.5358000000560423,70417.0,39,True,2026-04-23 15:52:34.323201
2066,20,20,marche_pied,nord_ouest,14.141499999823282,52002.0,39,True,2026-04-23 15:52:34.343263
2067,20,20,marche_pied,balas_hammer,7.064400000672322,52002.0,39,True,2026-04-23 15:52:34.356439
2068,20,20,nord_ouest,,0.08490000072924886,232175.0,39,True,2026-04-23 15:52:34.368479
2069,20,20,balas_hammer,,1.5636999996786471,61233.0,39,True,2026-04-23 15:52:34.376308
2070,20,20,marche_pied,nord_ouest,12.638199999855715,54134.0,39,True,2026-04-23 15:52:34.394872
2071,20,20,marche_pied,balas_hammer,6.450599999880069,54134.0,39,True,2026-04-23 15:52:34.407494
2072,20,20,nord_ouest,,0.08820000039122533,263079.0,39,True,2026-04-23 15:52:34.419016
2073,20,20,balas_hammer,,1.505100000940729,101395.0,39,True,2026-04-23 15:52:34.426857
2074,20,20,marche_pied,nord_ouest,13.596799999504583,81062.0,39,True,2026-04-23 15:52:34.446395
2075,20,20,marche_pied,balas_hammer,8.32520000039949,81062.0,39,True,2026-04-23 15:52:34.461025
2076,20,20,nord_ouest,,0.08609999895270448,208984.0,39,True,2026-04-23 15:52:34.472629
2077,20,20,balas_hammer,,1.481499999499647,74990.0,39,True,2026-04-23 15:52:34.480466
2078,20,20,marche_pied,nord_ouest,20.07709999998042,65059.0,39,True,2026-04-23 15:52:34.506566
2079,20,20,marche_pied,balas_hammer,6.467700000939658,65059.0,39,True,2026-04-23 15:52:34.519336
2080,20,20,nord_ouest,,0.08709999929124024,194349.0,39,True,2026-04-23 15:52:34.533187
2081,20,20,balas_hammer,,1.5359999997599516,82892.0,39,True,2026-04-23 15:52:34.541057
2082,20,20,marche_pied,nord_ouest,14.431200001126854,49953.0,39,True,2026-04-23 15:52:34.561520
2083,20,20,marche_pied,balas_hammer,8.356199999980163,49953.0,39,True,2026-04-23 15:52:34.576055
2084,20,20,nord_ouest,,0.08329999945999589,306115.0,39,True,2026-04-23 15:52:34.587376
2085,20,20,balas_hammer,,1.5074000002641696,51451.0,39,True,2026-04-23 15:52:34.595329
2086,20,20,marche_pied,nord_ouest,15.766900000016904,44008.0,39,True,2026-04-23 15:52:34.617146
2087,20,20,marche_pied,balas_hammer,6.239600001208601,44008.0,39,True,2026-04-23 15:52:34.629589
2088,20,20,nord_ouest,,0.08470000102533959,282493.0,39,True,2026-04-23 15:52:34.642819
2089,20,20,balas_hammer,,1.548700000057579,103787.0,39,True,2026-04-23 15:52:34.650706
2090,20,20,marche_pied,nord_ouest,13.287599998875521,81348.0,39,True,2026-04-23 15:52:34.669987
2091,20,20,marche_pied,balas_hammer,8.283699999083183,81348.0,39,True,2026-04-23 15:52:34.684458
2092,20,20,nord_ouest,,0.08540000089851674,285090.0,39,True,2026-04-23 15:52:34.696011
2093,20,20,balas_hammer,,1.4943000005587237,75966.0,39,True,2026-04-23 15:52:34.703887
2094,20,20,marche_pied,nord_ouest,16.383599999244325,67670.0,39,True,2026-04-23 15:52:34.726206
2095,20,20,marche_pied,balas_hammer,6.684799998765811,67670.0,39,True,2026-04-23 15:52:34.739315
2096,20,20,nord_ouest,,0.08279999929072801,252857.0,39,True,2026-04-23 15:52:34.751225
2097,20,20,balas_hammer,,1.4888000005157664,119594.0,39,True,2026-04-23 15:52:34.759104
2098,20,20,marche_pied,nord_ouest,11.599399998885929,89084.0,39,True,2026-04-23 15:52:34.776689
2099,20,20,marche_pied,balas_hammer,6.891999999425025,89084.0,39,True,2026-04-23 15:52:34.794791
2100,20,20,nord_ouest,,0.08639999941806309,287262.0,39,True,2026-04-23 15:52:34.806489
2101,20,20,balas_hammer,,1.5660000008210773,73508.0,39,True,2026-04-23 15:52:34.814455
2102,20,20,marche_pied,nord_ouest,16.441600000689505,67201.0,39,True,2026-04-23 15:52:34.836897
2103,20,20,marche_pied,balas_hammer,6.473900000855792,67201.0,39,True,2026-04-23 15:52:34.849706
2104,20,20,nord_ouest,,0.08580000030633528,182160.0,39,True,2026-04-23 15:52:34.861774
2105,20,20,balas_hammer,,1.446399999622372,72735.0,39,True,2026-04-23 15:52:34.869641
2106,20,20,marche_pied,nord_ouest,14.298400001280243,54768.0,39,True,2026-04-23 15:52:34.889936
2107,20,20,marche_pied,balas_hammer,9.770599999683327,54768.0,39,True,2026-04-23 15:52:34.905922
2108,20,20,nord_ouest,,0.08870000056049321,266746.0,39,True,2026-04-23 15:52:34.919737
2109,20,20,balas_hammer,,1.518900000519352,92563.0,39,True,2026-04-23 15:52:34.927693
2110,20,20,marche_pied,nord_ouest,14.442600000620587,74788.0,39,True,2026-04-23 15:52:34.948198
2111,20,20,marche_pied,balas_hammer,6.168699999761884,74788.0,39,True,2026-04-23 15:52:34.960745
2112,20,20,nord_ouest,,0.08750000051804818,180186.0,39,True,2026-04-23 15:52:34.972259
2113,20,20,balas_hammer,,1.4869000006001443,83009.0,39,True,2026-04-23 15:52:34.980180
2114,20,20,marche_pied,nord_ouest,17.038899999533896,52256.0,39,True,2026-04-23 15:52:35.003304
2115,20,20,marche_pied,balas_hammer,7.175200000347104,52256.0,39,True,2026-04-23 15:52:35.016897
2116,20,20,nord_ouest,,0.08680000064487103,288167.0,39,True,2026-04-23 15:52:35.028829
2117,20,20,balas_hammer,,1.5233999984047841,117886.0,39,True,2026-04-23 15:52:35.036850
2118,20,20,marche_pied,nord_ouest,11.187199999767472,87736.0,39,True,2026-04-23 15:52:35.054140
2119,20,20,marche_pied,balas_hammer,7.073599999785074,87736.0,39,True,2026-04-23 15:52:35.067398
2120,20,20,nord_ouest,,0.08350000098289456,171843.0,39,True,2026-04-23 15:52:35.079249
2121,20,20,balas_hammer,,1.5379000014945632,46043.0,39,True,2026-04-23 15:52:35.087223
2122,20,20,marche_pied,nord_ouest,12.959699999555596,41597.0,39,True,2026-04-23 15:52:35.106202
2123,20,20,marche_pied,balas_hammer,5.294599999615457,41597.0,39,True,2026-04-23 15:52:35.117845
2124,20,20,nord_ouest,,0.08820000039122533,216616.0,39,True,2026-04-23 15:52:35.132538
2125,20,20,balas_hammer,,1.5131000000110362,70643.0,39,True,2026-04-23 15:52:35.140530
2126,20,20,marche_pied,nord_ouest,14.204299999619252,55679.0,39,True,2026-04-23 15:52:35.160786
2127,20,20,marche_pied,balas_hammer,6.145999999716878,55679.0,39,True,2026-04-23 15:52:35.173223
2128,20,20,nord_ouest,,0.08279999929072801,275793.0,39,True,2026-04-23 15:52:35.186781
2129,20,20,balas_hammer,,1.5192000009847106,59297.0,39,True,2026-04-23 15:52:35.194843
2130,20,20,marche_pied,nord_ouest,12.81109999945329,52728.0,39,True,2026-04-23 15:52:35.213843
2131,20,20,marche_pied,balas_hammer,5.179899999347981,52728.0,39,True,2026-04-23 15:52:35.225272
2132,20,20,nord_ouest,,0.08410000009462237,271022.0,39,True,2026-04-23 15:52:35.236785
2133,20,20,balas_hammer,,1.512300001195399,46901.0,39,True,2026-04-23 15:52:35.244867
2134,20,20,marche_pied,nord_ouest,16.86890000019048,41132.0,39,True,2026-04-23 15:52:35.267910
2135,20,20,marche_pied,balas_hammer,5.180499998459709,41132.0,39,True,2026-04-23 15:52:35.279425
2136,20,20,nord_ouest,,0.08750000051804818,330715.0,39,True,2026-04-23 15:52:35.290991
2137,20,20,balas_hammer,,1.506300000983174,77137.0,39,True,2026-04-23 15:52:35.299126
2138,20,20,marche_pied,nord_ouest,15.49449999947683,67751.0,39,True,2026-04-23 15:52:35.320742
2139,20,20,marche_pied,balas_hammer,6.226500001503155,67751.0,39,True,2026-04-23 15:52:35.333269
2140,20,20,nord_ouest,,0.08929999967222102,271800.0,39,True,2026-04-23 15:52:35.344778
2141,20,20,balas_hammer,,1.5102000015758676,61799.0,39,True,2026-04-23 15:52:35.352780
2142,20,20,marche_pied,nord_ouest,16.71870000063791,55236.0,39,True,2026-04-23 15:52:35.375624
2143,20,20,marche_pied,balas_hammer,5.070499999419553,55236.0,39,True,2026-04-23 15:52:35.387026
2144,20,20,nord_ouest,,0.09049999971466605,203473.0,39,True,2026-04-23 15:52:35.398678
2145,20,20,balas_hammer,,1.5660999997635372,64365.0,39,True,2026-04-23 15:52:35.406775
2146,20,20,marche_pied,nord_ouest,14.406899999812595,55472.0,39,True,2026-04-23 15:52:35.427297
2147,20,20,marche_pied,balas_hammer,6.347400001686765,55472.0,39,True,2026-04-23 15:52:35.439959
2148,20,20,nord_ouest,,0.08479999996779952,268471.0,39,True,2026-04-23 15:52:35.451412
2149,20,20,balas_hammer,,1.5311999995901715,118334.0,39,True,2026-04-23 15:52:35.459429
2150,20,20,marche_pied,nord_ouest,13.287400000990601,97795.0,39,True,2026-04-23 15:52:35.478843
2151,20,20,marche_pied,balas_hammer,8.989100000690087,97795.0,39,True,2026-04-23 15:52:35.494210
2152,20,20,nord_ouest,,0.09719999980006833,222533.0,39,True,2026-04-23 15:52:35.505830
2153,20,20,balas_hammer,,1.4811999990342883,76147.0,39,True,2026-04-23 15:52:35.513965
2154,20,20,marche_pied,nord_ouest,13.30489999963902,70193.0,39,True,2026-04-23 15:52:35.533471
2155,20,20,marche_pied,balas_hammer,5.614399999103625,70193.0,39,True,2026-04-23 15:52:35.545538
2156,20,20,nord_ouest,,0.08909999996831175,292814.0,39,True,2026-04-23 15:52:35.557344
2157,20,20,balas_hammer,,1.5519999997195555,138153.0,39,True,2026-04-23 15:52:35.565546
2158,20,20,marche_pied,nord_ouest,13.942399998995825,117875.0,39,True,2026-04-23 15:52:35.585607
2159,20,20,marche_pied,balas_hammer,6.301999999777763,117875.0,39,True,2026-04-23 15:52:35.598376
2160,20,20,nord_ouest,,0.08689999958733097,305457.0,39,True,2026-04-23 15:52:35.609647
2161,20,20,balas_hammer,,1.5274000015779166,78554.0,39,True,2026-04-23 15:52:35.617669
2162,20,20,marche_pied,nord_ouest,15.846899999814923,57444.0,39,True,2026-04-23 15:52:35.639885
2163,20,20,marche_pied,balas_hammer,6.481300000814372,57444.0,39,True,2026-04-23 15:52:35.653072
2164,20,20,nord_ouest,,0.08690000140632037,287062.0,39,True,2026-04-23 15:52:35.664549
2165,20,20,balas_hammer,,1.5027999997982988,104550.0,39,True,2026-04-23 15:52:35.672678
2166,20,20,marche_pied,nord_ouest,16.94820000011532,80492.0,39,True,2026-04-23 15:52:35.695820
2167,20,20,marche_pied,balas_hammer,8.569099998567253,80492.0,39,True,2026-04-23 15:52:35.710896
2168,20,20,nord_ouest,,0.09099999988393392,341452.0,39,True,2026-04-23 15:52:35.722849
2169,20,20,balas_hammer,,1.4673000005132053,78172.0,39,True,2026-04-23 15:52:35.730986
2170,20,20,marche_pied,nord_ouest,14.150400000289665,73574.0,39,True,2026-04-23 15:52:35.751331
2171,20,20,marche_pied,balas_hammer,7.402699999147444,73574.0,39,True,2026-04-23 15:52:35.765133
2172,20,20,nord_ouest,,0.09240000144927762,271055.0,39,True,2026-04-23 15:52:35.777014
2173,20,20,balas_hammer,,1.5335999996750616,78484.0,39,True,2026-04-23 15:52:35.785244
2174,20,20,marche_pied,nord_ouest,18.226600001071347,65483.0,39,True,2026-04-23 15:52:35.809723
2175,20,20,marche_pied,balas_hammer,9.516500000245287,65483.0,39,True,2026-04-23 15:52:35.825774
2176,20,20,nord_ouest,,0.09549999958835542,268757.0,39,True,2026-04-23 15:52:35.837853
2177,20,20,balas_hammer,,1.5212999987852527,106309.0,39,True,2026-04-23 15:52:35.846066
2178,20,20,marche_pied,nord_ouest,12.864999998782878,73562.0,39,True,2026-04-23 15:52:35.865191
2179,20,20,marche_pied,balas_hammer,8.928699999160017,73562.0,39,True,2026-04-23 15:52:35.880618
2180,20,20,nord_ouest,,0.08490000072924886,274587.0,39,True,2026-04-23 15:52:35.892293
2181,20,20,balas_hammer,,1.5042000013636425,120923.0,39,True,2026-04-23 15:52:35.900438
2182,20,20,marche_pied,nord_ouest,16.678800000590854,90203.0,39,True,2026-04-23 15:52:35.923333
2183,20,20,marche_pied,balas_hammer,11.137699999380857,90203.0,39,True,2026-04-23 15:52:35.940904
2184,20,20,nord_ouest,,0.08620000153314322,263034.0,39,True,2026-04-23 15:52:35.952956
2185,20,20,balas_hammer,,1.5210000001388835,80668.0,39,True,2026-04-23 15:52:35.961143
2186,20,20,marche_pied,nord_ouest,13.815599999361439,71695.0,39,True,2026-04-23 15:52:35.981096
2187,20,20,marche_pied,balas_hammer,6.093799998780014,71695.0,39,True,2026-04-23 15:52:35.993743
2188,20,20,nord_ouest,,0.08760000127949752,247120.0,39,True,2026-04-23 15:52:36.005564
2189,20,20,balas_hammer,,1.5621000002283836,77855.0,39,True,2026-04-23 15:52:36.013782
2190,20,20,marche_pied,nord_ouest,14.50739999927464,54161.0,39,True,2026-04-23 15:52:36.034527
2191,20,20,marche_pied,balas_hammer,7.459800001015537,54161.0,39,True,2026-04-23 15:52:36.048599
2192,20,20,nord_ouest,,0.0838999985717237,286106.0,39,True,2026-04-23 15:52:36.060409
2193,20,20,balas_hammer,,1.4953000008972595,103770.0,39,True,2026-04-23 15:52:36.068547
2194,20,20,marche_pied,nord_ouest,14.977500000895816,76468.0,39,True,2026-04-23 15:52:36.089788
2195,20,20,marche_pied,balas_hammer,6.444100001317565,76468.0,39,True,2026-04-23 15:52:36.102693
2196,20,20,nord_ouest,,0.08379999962926377,261110.0,39,True,2026-04-23 15:52:36.116568
2197,20,20,balas_hammer,,1.6109000007418217,79181.0,39,True,2026-04-23 15:52:36.124928
2198,20,20,marche_pied,nord_ouest,15.033600000606384,61154.0,39,True,2026-04-23 15:52:36.146280
2199,20,20,marche_pied,balas_hammer,7.645300000149291,61154.0,39,True,2026-04-23 15:52:36.160480
2200,20,20,nord_ouest,,0.08750000051804818,292683.0,39,True,2026-04-23 15:52:36.173220
2201,20,20,balas_hammer,,1.5997999998944579,109020.0,39,True,2026-04-23 15:52:36.182236
2202,20,20,marche_pied,nord_ouest,14.700499999889871,84833.0,39,True,2026-04-23 15:52:36.203291
2203,20,20,marche_pied,balas_hammer,7.622200000696466,84833.0,39,True,2026-04-23 15:52:36.217433
2204,20,20,nord_ouest,,0.0866999998834217,305265.0,39,True,2026-04-23 15:52:36.233268
2205,20,20,balas_hammer,,1.4467000000877306,94050.0,39,True,2026-04-23 15:52:36.241384
2206,20,20,marche_pied,nord_ouest,14.454399999522138,72586.0,39,True,2026-04-23 15:52:36.262200
2207,20,20,marche_pied,balas_hammer,7.521999999880791,72586.0,39,True,2026-04-23 15:52:36.276285
2208,20,20,nord_ouest,,0.08410000009462237,268879.0,39,True,2026-04-23 15:52:36.288142
2209,20,20,balas_hammer,,1.564299998790375,68346.0,39,True,2026-04-23 15:52:36.296287
2210,20,20,marche_pied,nord_ouest,14.200399999026558,51057.0,39,True,2026-04-23 15:52:36.316759
2211,20,20,marche_pied,balas_hammer,7.108800000423798,51057.0,39,True,2026-04-23 15:52:36.330410
2212,20,20,nord_ouest,,0.08609999895270448,233374.0,39,True,2026-04-23 15:52:36.342143
2213,20,20,balas_hammer,,1.737499998853309,100796.0,39,True,2026-04-23 15:52:36.367769
2214,20,20,marche_pied,nord_ouest,15.238199999657809,88094.0,39,True,2026-04-23 15:52:36.389622
2215,20,20,marche_pied,balas_hammer,7.856599999286118,88094.0,39,True,2026-04-23 15:52:36.404091
2216,20,20,nord_ouest,,0.08059999890974723,256083.0,39,True,2026-04-23 15:52:36.415811
2217,20,20,balas_hammer,,1.52909999997064,102791.0,39,True,2026-04-23 15:52:36.423960
2218,20,20,marche_pied,nord_ouest,12.958900000739959,83100.0,39,True,2026-04-23 15:52:36.443161
2219,20,20,marche_pied,balas_hammer,6.270500000027823,83100.0,39,True,2026-04-23 15:52:36.456282
2220,20,20,nord_ouest,,0.08620000153314322,253517.0,39,True,2026-04-23 15:52:36.471098
2221,20,20,balas_hammer,,1.574800000526011,67060.0,39,True,2026-04-23 15:52:36.479196
2222,20,20,marche_pied,nord_ouest,13.271800000438816,57381.0,39,True,2026-04-23 15:52:36.498727
2223,20,20,marche_pied,balas_hammer,7.680499998969026,57381.0,39,True,2026-04-23 15:52:36.513043
2224,20,20,nord_ouest,,0.08589999924879521,339619.0,39,True,2026-04-23 15:52:36.524678
2225,20,20,balas_hammer,,1.5273999997589272,112869.0,39,True,2026-04-23 15:52:36.532896
2226,20,20,marche_pied,nord_ouest,13.600500000393367,100141.0,39,True,2026-04-23 15:52:36.552808
2227,20,20,marche_pied,balas_hammer,7.7247999997780425,100141.0,39,True,2026-04-23 15:52:36.567019
2228,20,20,nord_ouest,,0.08600000001024455,373774.0,39,True,2026-04-23 15:52:36.579456
2229,20,20,balas_hammer,,1.4831000007689,110264.0,39,True,2026-04-23 15:52:36.587776
2230,20,20,marche_pied,nord_ouest,14.235099999496015,91905.0,39,True,2026-04-23 15:52:36.608331
2231,20,20,marche_pied,balas_hammer,6.604399999559973,91905.0,39,True,2026-04-23 15:52:36.621478
2232,20,20,nord_ouest,,0.08620000153314322,267655.0,39,True,2026-04-23 15:52:36.633196
2233,20,20,balas_hammer,,1.5740999988338444,73810.0,39,True,2026-04-23 15:52:36.641509
2234,20,20,marche_pied,nord_ouest,13.43030000134604,64484.0,39,True,2026-04-23 15:52:36.661327
2235,20,20,marche_pied,balas_hammer,6.1247000012372155,64484.0,39,True,2026-04-23 15:52:36.674006
2236,20,20,nord_ouest,,0.08730000081413891,282861.0,39,True,2026-04-23 15:52:36.685846
2237,20,20,balas_hammer,,1.4909999990777578,164732.0,39,True,2026-04-23 15:52:36.694128
2238,20,20,marche_pied,nord_ouest,12.907099999210914,120708.0,39,True,2026-04-23 15:52:36.713487
2239,20,20,marche_pied,balas_hammer,8.212200000343728,120708.0,39,True,2026-04-23 15:52:36.728270
2240,20,20,nord_ouest,,0.08720000005268957,216440.0,39,True,2026-04-23 15:52:36.742739
2241,20,20,balas_hammer,,1.4649000004283153,55842.0,39,True,2026-04-23 15:52:36.750975
2242,20,20,marche_pied,nord_ouest,15.324500000133412,44075.0,39,True,2026-04-23 15:52:36.772684
2243,20,20,marche_pied,balas_hammer,7.33359999867389,44075.0,39,True,2026-04-23 15:52:36.786728
2244,20,20,nord_ouest,,0.08449999950244091,266069.0,39,True,2026-04-23 15:52:36.798588
2245,20,20,balas_hammer,,1.5388000010716496,94716.0,39,True,2026-04-23 15:52:36.806903
2246,20,20,marche_pied,nord_ouest,27.084999999715365,84797.0,39,True,2026-04-23 15:52:36.840318
2247,20,20,marche_pied,balas_hammer,6.426600000850158,84797.0,39,True,2026-04-23 15:52:36.853617
2248,20,20,nord_ouest,,0.08929999967222102,335788.0,39,True,2026-04-23 15:52:36.865691
2249,20,20,balas_hammer,,1.5798999993421603,87764.0,39,True,2026-04-23 15:52:36.874051
2250,20,20,marche_pied,nord_ouest,14.07170000129554,69511.0,39,True,2026-04-23 15:52:36.894446
2251,20,20,marche_pied,balas_hammer,7.231300000057672,69511.0,39,True,2026-04-23 15:52:36.908270
2252,20,20,nord_ouest,,0.08370000068680383,322830.0,39,True,2026-04-23 15:52:36.920338
2253,20,20,balas_hammer,,1.508399998783716,104761.0,39,True,2026-04-23 15:52:36.928604
2254,20,20,marche_pied,nord_ouest,16.904399999475572,69878.0,39,True,2026-04-23 15:52:36.951963
2255,20,20,marche_pied,balas_hammer,7.110499998816522,69878.0,39,True,2026-04-23 15:52:36.965817
2256,20,20,nord_ouest,,0.09130000034929253,300402.0,39,True,2026-04-23 15:52:36.977994
2257,20,20,balas_hammer,,1.5466000004380476,113661.0,39,True,2026-04-23 15:52:36.986362
2258,20,20,marche_pied,nord_ouest,14.400300000488642,77781.0,39,True,2026-04-23 15:52:37.007171
2259,20,20,marche_pied,balas_hammer,6.545600001118146,77781.0,39,True,2026-04-23 15:52:37.020367
2260,20,20,nord_ouest,,0.08570000136387534,218313.0,39,True,2026-04-23 15:52:37.032328
2261,20,20,balas_hammer,,1.4558999992004829,81427.0,39,True,2026-04-23 15:52:37.040615
2262,20,20,marche_pied,nord_ouest,16.325500000675675,66666.0,39,True,2026-04-23 15:52:37.063280
2263,20,20,marche_pied,balas_hammer,7.233199999973294,66666.0,39,True,2026-04-23 15:52:37.077434
2264,20,20,nord_ouest,,0.0853000001370674,292782.0,39,True,2026-04-23 15:52:37.089765
2265,20,20,balas_hammer,,1.5595999993820442,65313.0,39,True,2026-04-23 15:52:37.098045
2266,20,20,marche_pied,nord_ouest,15.597999999954482,48078.0,39,True,2026-04-23 15:52:37.120173
2267,20,20,marche_pied,balas_hammer,7.635300000401912,48078.0,39,True,2026-04-23 15:52:37.134668
2268,20,20,nord_ouest,,0.08290000005217735,232228.0,39,True,2026-04-23 15:52:37.147336
2269,20,20,balas_hammer,,1.4984000008553267,65822.0,39,True,2026-04-23 15:52:37.155650
2270,20,20,marche_pied,nord_ouest,13.162600000214297,57932.0,39,True,2026-04-23 15:52:37.175278
2271,20,20,marche_pied,balas_hammer,6.15269999980228,57932.0,39,True,2026-04-23 15:52:37.188067
2272,20,20,nord_ouest,,0.08609999895270448,294168.0,39,True,2026-04-23 15:52:37.200114
2273,20,20,balas_hammer,,1.4950999993743608,85274.0,39,True,2026-04-23 15:52:37.208441
2274,20,20,marche_pied,nord_ouest,13.541599999371101,69809.0,39,True,2026-04-23 15:52:37.228401
2275,20,20,marche_pied,balas_hammer,7.535400000051595,69809.0,39,True,2026-04-23 15:52:37.242669
2276,20,20,nord_ouest,,0.08630000047560316,207845.0,39,True,2026-04-23 15:52:37.255590
2277,20,20,balas_hammer,,1.5215000003081514,86179.0,39,True,2026-04-23 15:52:37.263992
2278,20,20,marche_pied,nord_ouest,10.388899998361012,73005.0,39,True,2026-04-23 15:52:37.280822
2279,20,20,marche_pied,balas_hammer,6.674100000964245,73005.0,39,True,2026-04-23 15:52:37.294103
2280,20,20,nord_ouest,,0.08449999950244091,258511.0,39,True,2026-04-23 15:52:37.306286
2281,20,20,balas_hammer,,1.5738999991299352,116009.0,39,True,2026-04-23 15:52:37.314648
2282,20,20,marche_pied,nord_ouest,13.540300000386196,81642.0,39,True,2026-04-23 15:52:37.334608
2283,20,20,marche_pied,balas_hammer,9.239600000000792,81642.0,39,True,2026-04-23 15:52:37.350416
2284,20,20,nord_ouest,,0.07990000085555948,211516.0,39,True,2026-04-23 15:52:37.362338
2285,20,20,balas_hammer,,1.5299999995477265,68183.0,39,True,2026-04-23 15:52:37.370685
2286,20,20,marche_pied,nord_ouest,14.109399999142624,55216.0,39,True,2026-04-23 15:52:37.391297
2287,20,20,marche_pied,balas_hammer,7.419100000333856,55216.0,39,True,2026-04-23 15:52:37.405477
2288,20,20,nord_ouest,,0.08479999996779952,267670.0,39,True,2026-04-23 15:52:37.417353
2289,20,20,balas_hammer,,1.5387000003102003,73965.0,39,True,2026-04-23 15:52:37.425837
2290,20,20,marche_pied,nord_ouest,28.209600000991486,65606.0,39,True,2026-04-23 15:52:37.460594
2291,20,20,marche_pied,balas_hammer,6.508600001325249,65606.0,39,True,2026-04-23 15:52:37.474015
2292,20,20,nord_ouest,,0.08399999933317304,271038.0,39,True,2026-04-23 15:52:37.486524
2293,20,20,balas_hammer,,1.516500000434462,96580.0,39,True,2026-04-23 15:52:37.494950
2294,20,20,marche_pied,nord_ouest,13.788399999612011,87991.0,39,True,2026-04-23 15:52:37.515218
2295,20,20,marche_pied,balas_hammer,6.406099999367143,87991.0,39,True,2026-04-23 15:52:37.528234
2296,20,20,nord_ouest,,0.08379999962926377,278722.0,39,True,2026-04-23 15:52:37.540217
2297,20,20,balas_hammer,,1.5098000003490597,93464.0,39,True,2026-04-23 15:52:37.548660
2298,20,20,marche_pied,nord_ouest,13.3311000008689,58699.0,39,True,2026-04-23 15:52:37.568480
2299,20,20,marche_pied,balas_hammer,7.40859999859822,58699.0,39,True,2026-04-23 15:52:37.582773
2300,20,20,nord_ouest,,0.08450000132143032,231323.0,39,True,2026-04-23 15:52:37.597365
2301,20,20,balas_hammer,,1.5187999997579027,89690.0,39,True,2026-04-23 15:52:37.605800
2302,20,20,marche_pied,nord_ouest,13.794700000289595,65394.0,39,True,2026-04-23 15:52:37.626204
2303,20,20,marche_pied,balas_hammer,7.082599999193917,65394.0,39,True,2026-04-23 15:52:37.640123
2304,20,20,nord_ouest,,0.08339999840245582,295060.0,39,True,2026-04-23 15:52:37.652797
2305,20,20,balas_hammer,,1.4984999997977866,127294.0,39,True,2026-04-23 15:52:37.661212
2306,20,20,marche_pied,nord_ouest,14.692400000058115,93734.0,39,True,2026-04-23 15:52:37.682420
2307,20,20,marche_pied,balas_hammer,7.25840000086464,93734.0,39,True,2026-04-23 15:52:37.696283
2308,20,20,nord_ouest,,0.08929999967222102,249779.0,39,True,2026-04-23 15:52:37.708584
2309,20,20,balas_hammer,,1.4527000002999557,85341.0,39,True,2026-04-23 15:52:37.716960
2310,20,20,marche_pied,nord_ouest,12.94400000006135,50207.0,39,True,2026-04-23 15:52:37.736342
2311,20,20,marche_pied,balas_hammer,8.092599999145023,50207.0,39,True,2026-04-23 15:52:37.751262
2312,20,20,nord_ouest,,0.0895000011951197,188288.0,39,True,2026-04-23 15:52:37.764199
2313,20,20,balas_hammer,,1.5925999996397877,53850.0,39,True,2026-04-23 15:52:37.772717
2314,20,20,marche_pied,nord_ouest,14.835699999821372,43969.0,39,True,2026-04-23 15:52:37.794009
2315,20,20,marche_pied,balas_hammer,6.9317999987106305,43969.0,39,True,2026-04-23 15:52:37.807728
2316,20,20,nord_ouest,,0.08739999975659885,333641.0,39,True,2026-04-23 15:52:37.819963
2317,20,20,balas_hammer,,1.4986999995016959,99436.0,39,True,2026-04-23 15:52:37.828454
2318,20,20,marche_pied,nord_ouest,22.148500000184868,68017.0,39,True,2026-04-23 15:52:37.857150
2319,20,20,marche_pied,balas_hammer,7.9246999994211365,68017.0,39,True,2026-04-23 15:52:37.871947
2320,20,20,nord_ouest,,0.0853000001370674,246701.0,39,True,2026-04-23 15:52:37.886196
2321,20,20,balas_hammer,,1.4975000012782402,73759.0,39,True,2026-04-23 15:52:37.894620
2322,20,20,marche_pied,nord_ouest,15.856300000450574,45067.0,39,True,2026-04-23 15:52:37.917035
2323,20,20,marche_pied,balas_hammer,7.7986999986023875,45067.0,39,True,2026-04-23 15:52:37.931774
2324,20,20,nord_ouest,,0.08890000026440248,279255.0,39,True,2026-04-23 15:52:37.943695
2325,20,20,balas_hammer,,1.5508000014960999,91698.0,39,True,2026-04-23 15:52:37.952176
2326,20,20,marche_pied,nord_ouest,13.977000000522821,83747.0,39,True,2026-04-23 15:52:37.972676
2327,20,20,marche_pied,balas_hammer,5.559000001085224,83747.0,39,True,2026-04-23 15:52:37.985175
2328,20,20,nord_ouest,,0.08899999920686241,198438.0,39,True,2026-04-23 15:52:37.997314
2329,20,20,balas_hammer,,1.5702000000601402,87860.0,39,True,2026-04-23 15:52:38.005909
2330,20,20,marche_pied,nord_ouest,10.528299999350565,54187.0,39,True,2026-04-23 15:52:38.023128
2331,20,20,marche_pied,balas_hammer,7.9491999986203155,54187.0,39,True,2026-04-23 15:52:38.037936
2332,20,20,nord_ouest,,0.08730000081413891,287506.0,39,True,2026-04-23 15:52:38.052265
2333,20,20,balas_hammer,,1.5848000002733897,60129.0,39,True,2026-04-23 15:52:38.060844
2334,20,20,marche_pied,nord_ouest,14.587699999538017,55476.0,39,True,2026-04-23 15:52:38.081978
2335,20,20,marche_pied,balas_hammer,5.503099999259575,55476.0,39,True,2026-04-23 15:52:38.094345
2336,20,20,nord_ouest,,0.08580000030633528,220320.0,39,True,2026-04-23 15:52:38.106508
2337,20,20,balas_hammer,,1.5089999997144332,117146.0,39,True,2026-04-23 15:52:38.114980
2338,20,20,marche_pied,nord_ouest,15.1798000006238,97199.0,39,True,2026-04-23 15:52:38.136887
2339,20,20,marche_pied,balas_hammer,6.939400000192109,97199.0,39,True,2026-04-23 15:52:38.150705
2340,20,20,nord_ouest,,0.08279999929072801,279265.0,39,True,2026-04-23 15:52:38.163263
2341,20,20,balas_hammer,,1.5586000008624978,107042.0,39,True,2026-04-23 15:52:38.171877
2342,20,20,marche_pied,nord_ouest,15.873299998929724,83606.0,39,True,2026-04-23 15:52:38.194416
2343,20,20,marche_pied,balas_hammer,8.292300000903197,83606.0,39,True,2026-04-23 15:52:38.209641
2344,20,20,nord_ouest,,0.08460000026389025,258802.0,39,True,2026-04-23 15:52:38.221970
2345,20,20,balas_hammer,,1.5211999998427927,91587.0,39,True,2026-04-23 15:52:38.230560
2346,20,20,marche_pied,nord_ouest,14.41030000023602,75356.0,39,True,2026-04-23 15:52:38.251650
2347,20,20,marche_pied,balas_hammer,6.436000001485809,75356.0,39,True,2026-04-23 15:52:38.265079
2348,20,20,nord_ouest,,0.08549999984097667,314013.0,39,True,2026-04-23 15:52:38.277564
2349,20,20,balas_hammer,,1.4988000002631452,105231.0,39,True,2026-04-23 15:52:38.286134
2350,20,20,marche_pied,nord_ouest,15.453699999852688,89934.0,39,True,2026-04-23 15:52:38.308187
2351,20,20,marche_pied,balas_hammer,6.540599999425467,89934.0,39,True,2026-04-23 15:52:38.321633
2352,20,20,nord_ouest,,0.08899999920686241,242467.0,39,True,2026-04-23 15:52:38.333641
2353,20,20,balas_hammer,,1.539799999591196,102877.0,39,True,2026-04-23 15:52:38.342216
2354,20,20,marche_pied,nord_ouest,17.69649999914691,62629.0,39,True,2026-04-23 15:52:38.366534
2355,20,20,marche_pied,balas_hammer,7.137999999031308,62629.0,39,True,2026-04-23 15:52:38.380630
2356,20,20,nord_ouest,,0.08419999903708231,318061.0,39,True,2026-04-23 15:52:38.393023
2357,20,20,balas_hammer,,1.5618000015820144,80325.0,39,True,2026-04-23 15:52:38.401642
2358,20,20,marche_pied,nord_ouest,15.53299999977753,61052.0,39,True,2026-04-23 15:52:38.423936
2359,20,20,marche_pied,balas_hammer,6.835299998783739,61052.0,39,True,2026-04-23 15:52:38.437550
2360,20,20,nord_ouest,,0.08519999937561806,314842.0,39,True,2026-04-23 15:52:38.449618
2361,20,20,balas_hammer,,1.5210000001388835,99272.0,39,True,2026-04-23 15:52:38.458246
2362,20,20,marche_pied,nord_ouest,15.030599999590777,82398.0,39,True,2026-04-23 15:52:38.479898
2363,20,20,marche_pied,balas_hammer,7.569599998532794,82398.0,39,True,2026-04-23 15:52:38.494323
2364,20,20,nord_ouest,,0.08479999996779952,259174.0,39,True,2026-04-23 15:52:38.509002
2365,20,20,balas_hammer,,1.5583000003971392,116090.0,39,True,2026-04-23 15:52:38.517648
2366,20,20,marche_pied,nord_ouest,15.544800000498071,73528.0,39,True,2026-04-23 15:52:38.539941
2367,20,20,marche_pied,balas_hammer,9.555799999361625,73528.0,39,True,2026-04-23 15:52:38.556378
2368,20,20,nord_ouest,,0.088099999629776,183849.0,39,True,2026-04-23 15:52:38.568783
2369,20,20,balas_hammer,,1.564700000017183,54977.0,39,True,2026-04-23 15:52:38.577368
2370,20,20,marche_pied,nord_ouest,14.045899999473477,36368.0,39,True,2026-04-23 15:52:38.598099
2371,20,20,marche_pied,balas_hammer,8.007700000234763,36368.0,39,True,2026-04-23 15:52:38.613085
2372,20,20,nord_ouest,,0.0897999998414889,209320.0,39,True,2026-04-23 15:52:38.625598
2373,20,20,balas_hammer,,1.4917999997123843,84652.0,39,True,2026-04-23 15:52:38.634183
2374,20,20,marche_pied,nord_ouest,11.958899998717243,72122.0,39,True,2026-04-23 15:52:38.652796
2375,20,20,marche_pied,balas_hammer,7.096799999999348,72122.0,39,True,2026-04-23 15:52:38.666723
2376,20,20,nord_ouest,,0.08929999967222102,285726.0,39,True,2026-04-23 15:52:38.679241
2377,20,20,balas_hammer,,1.514899999165209,66041.0,39,True,2026-04-23 15:52:38.687811
2378,20,20,marche_pied,nord_ouest,15.9127000006265,56764.0,39,True,2026-04-23 15:52:38.710375
2379,20,20,marche_pied,balas_hammer,6.886299999678158,56764.0,39,True,2026-04-23 15:52:38.724174
2380,20,20,nord_ouest,,0.08900000102585182,219055.0,39,True,2026-04-23 15:52:38.736334
2381,20,20,balas_hammer,,1.5918000008241506,80727.0,39,True,2026-04-23 15:52:38.745103
2382,20,20,marche_pied,nord_ouest,13.82009999906586,57626.0,39,True,2026-04-23 15:52:38.765658
2383,20,20,marche_pied,balas_hammer,7.274600000528153,57626.0,39,True,2026-04-23 15:52:38.779908
2384,20,20,nord_ouest,,0.08750000051804818,221762.0,39,True,2026-04-23 15:52:38.792274
2385,20,20,balas_hammer,,1.5454999993380625,55386.0,39,True,2026-04-23 15:52:38.800976
2386,20,20,marche_pied,nord_ouest,16.004399998564622,49019.0,39,True,2026-04-23 15:52:38.823862
2387,20,20,marche_pied,balas_hammer,5.480399999214569,49019.0,39,True,2026-04-23 15:52:38.836312
2388,20,20,nord_ouest,,0.0901000003068475,237495.0,39,True,2026-04-23 15:52:38.851163
2389,20,20,balas_hammer,,1.540499999464373,98166.0,39,True,2026-04-23 15:52:38.859779
2390,20,20,marche_pied,nord_ouest,15.973600000506849,58211.0,39,True,2026-04-23 15:52:38.882429
2391,20,20,marche_pied,balas_hammer,8.37619999947492,58211.0,39,True,2026-04-23 15:52:38.897794
2392,20,20,nord_ouest,,0.08870000056049321,245000.0,39,True,2026-04-23 15:52:38.909881
2393,20,20,balas_hammer,,1.5089999997144332,85083.0,39,True,2026-04-23 15:52:38.918597
2394,20,20,marche_pied,nord_ouest,17.211700000189012,66167.0,39,True,2026-04-23 15:52:38.942462
2395,20,20,marche_pied,balas_hammer,6.900899999891408,66167.0,39,True,2026-04-23 15:52:38.956379
2396,20,20,nord_ouest,,0.08760000127949752,233329.0,39,True,2026-04-23 15:52:38.969326
2397,20,20,balas_hammer,,1.5774999992572702,106959.0,39,True,2026-04-23 15:52:38.978217
2398,20,20,marche_pied,nord_ouest,15.411600001243642,72217.0,39,True,2026-04-23 15:52:39.000686
2399,20,20,marche_pied,balas_hammer,7.356300000537885,72217.0,39,True,2026-04-23 15:52:39.015301
2400,20,20,nord_ouest,,0.09130000034929253,276864.0,39,True,2026-04-23 15:52:39.028011
2401,20,20,balas_hammer,,1.5137999998842133,101880.0,39,True,2026-04-23 15:52:39.036889
2402,20,20,marche_pied,nord_ouest,13.76660000096308,84643.0,39,True,2026-04-23 15:52:39.057672
2403,20,20,marche_pied,balas_hammer,7.459099999323371,84643.0,39,True,2026-04-23 15:52:39.072141
2404,20,20,nord_ouest,,0.0897999998414889,307787.0,39,True,2026-04-23 15:52:39.084561
2405,20,20,balas_hammer,,1.5312999985326314,116818.0,39,True,2026-04-23 15:52:39.093377
2406,20,20,marche_pied,nord_ouest,15.372500000012224,101776.0,39,True,2026-04-23 15:52:39.115528
2407,20,20,marche_pied,balas_hammer,6.029400001352769,101776.0,39,True,2026-04-23 15:52:39.128510
2408,20,20,nord_ouest,,0.08689999958733097,253155.0,39,True,2026-04-23 15:52:39.140863
2409,20,20,balas_hammer,,1.5896000004431698,96655.0,39,True,2026-04-23 15:52:39.149706
2410,20,20,marche_pied,nord_ouest,14.320500000394532,67537.0,39,True,2026-04-23 15:52:39.170868
2411,20,20,marche_pied,balas_hammer,7.892599998740479,67537.0,39,True,2026-04-23 15:52:39.185834
2412,20,20,nord_ouest,,0.08730000081413891,294139.0,39,True,2026-04-23 15:52:39.199049
2413,20,20,balas_hammer,,1.5481999998883111,145738.0,39,True,2026-04-23 15:52:39.207853
2414,20,20,marche_pied,nord_ouest,14.991200001531979,92249.0,39,True,2026-04-23 15:52:39.229884
2415,20,20,marche_pied,balas_hammer,7.413100000121631,92249.0,39,True,2026-04-23 15:52:39.244386
2416,20,20,nord_ouest,,0.0850000014906982,237256.0,39,True,2026-04-23 15:52:39.256707
2417,20,20,balas_hammer,,1.533200000267243,90578.0,39,True,2026-04-23 15:52:39.265767
2418,20,20,marche_pied,nord_ouest,13.508500000170898,73540.0,39,True,2026-04-23 15:52:39.286730
2419,20,20,marche_pied,balas_hammer,10.170800000196323,73540.0,39,True,2026-04-23 15:52:39.304348
2420,20,20,nord_ouest,,0.08569999954488594,338376.0,39,True,2026-04-23 15:52:39.319580
2421,20,20,balas_hammer,,1.521399999546702,85708.0,39,True,2026-04-23 15:52:39.328358
2422,20,20,marche_pied,nord_ouest,17.503099999885308,77033.0,39,True,2026-04-23 15:52:39.352654
2423,20,20,marche_pied,balas_hammer,7.148400000005495,77033.0,39,True,2026-04-23 15:52:39.366895
2424,20,20,nord_ouest,,0.08880000132194255,254695.0,39,True,2026-04-23 15:52:39.379664
2425,20,20,balas_hammer,,1.6001000003598165,112156.0,39,True,2026-04-23 15:52:39.388420
2426,20,20,marche_pied,nord_ouest,14.997600001152023,89678.0,39,True,2026-04-23 15:52:39.410260
2427,20,20,marche_pied,balas_hammer,8.243499998570769,89678.0,39,True,2026-04-23 15:52:39.425580
2428,20,20,nord_ouest,,0.08759999946050812,243330.0,39,True,2026-04-23 15:52:39.440958
2429,20,20,balas_hammer,,1.514899999165209,87541.0,39,True,2026-04-23 15:52:39.449574
2430,20,20,marche_pied,nord_ouest,15.52119999905699,73298.0,39,True,2026-04-23 15:52:39.471896
2431,20,20,marche_pied,balas_hammer,6.712100001095678,73298.0,39,True,2026-04-23 15:52:39.485627
2432,20,20,nord_ouest,,0.08210000123654027,289433.0,39,True,2026-04-23 15:52:39.497898
2433,20,20,balas_hammer,,1.5664999991713557,94619.0,39,True,2026-04-23 15:52:39.506784
2434,20,20,marche_pied,nord_ouest,14.612699998906464,57579.0,39,True,2026-04-23 15:52:39.528300
2435,20,20,marche_pied,balas_hammer,9.609700000510202,57579.0,39,True,2026-04-23 15:52:39.545098
2436,20,20,nord_ouest,,0.08540000089851674,221884.0,39,True,2026-04-23 15:52:39.557590
2437,20,20,balas_hammer,,1.5744000011181924,50231.0,39,True,2026-04-23 15:52:39.566391
2438,20,20,marche_pied,nord_ouest,13.87590000013006,47328.0,39,True,2026-04-23 15:52:39.587146
2439,20,20,marche_pied,balas_hammer,6.1516000005212845,47328.0,39,True,2026-04-23 15:52:39.601028
2440,20,20,nord_ouest,,0.08309999975608662,253412.0,39,True,2026-04-23 15:52:39.613368
2441,20,20,balas_hammer,,1.538599999548751,87413.0,39,True,2026-04-23 15:52:39.622099
2442,20,20,marche_pied,nord_ouest,13.407999998889863,74518.0,39,True,2026-04-23 15:52:39.642274
2443,20,20,marche_pied,balas_hammer,6.323399999018875,74518.0,39,True,2026-04-23 15:52:39.655626
2444,20,20,nord_ouest,,0.08879999950295314,206727.0,39,True,2026-04-23 15:52:39.668076
2445,20,20,balas_hammer,,1.5423000004375353,51746.0,39,True,2026-04-23 15:52:39.676852
2446,20,20,marche_pied,nord_ouest,13.940200000433833,44325.0,39,True,2026-04-23 15:52:39.697630
2447,20,20,marche_pied,balas_hammer,7.264300000315416,44325.0,39,True,2026-04-23 15:52:39.712186
