n,repetition,theta_NO_s,theta_BH_s,t_NO_s,t_BH_s,theta_plus_t_NO_s,theta_plus_t_BH_s,theta_NO_numba_s,theta_BH_numba_s
1,1,1.3800003216601908e-05,2.479999966453761e-05,4.639999679056928e-05,2.44999973801896e-05,6.0200000007171184e-05,4.9299997044727206e-05,2.479999966453761e-05,7.999995432328433e-06
1,2,7.000002369750291e-06,1.4699995517730711e-05,1.9099999917671084e-05,4.350000381236896e-05,2.6100002287421376e-05,5.819999933009967e-05,1.1999996786471456e-05,5.30000397702679e-06
1,3,6.900001608300954e-06,1.5200006600935012e-05,1.819999306462705e-05,1.3899996702093633e-05,2.5099994672928005e-05,2.9100003303028643e-05,3.5000048228539526e-06,3.4999975468963385e-06
1,4,4.2000028770416975e-06,8.799994247965515e-06,1.3500000932253895e-05,1.3699995179194955e-05,1.7700003809295595e-05,2.249998942716047e-05,3.1000017770566046e-06,3.399996785447001e-06
1,5,4.3000036384910345e-06,8.39999847812578e-06,1.3600001693703234e-05,1.1500000255182384e-05,1.790000533219427e-05,1.989999873330817e-05,2.59999796980992e-06,2.999993739649653e-06
1,6,3.399996785447001e-06,7.499998901039362e-06,1.250000059371814e-05,1.1599993740674108e-05,1.5899997379165143e-05,1.909999264171347e-05,2.5000044843181968e-06,2.6999987312592566e-06
1,7,2.90000025415793e-06,6.800000846851617e-06,1.1900003300979732e-05,1.170000177808106e-05,1.4800003555137664e-05,1.850000262493268e-05,2.3999964469112456e-06,2.7999994927085936e-06
1,8,2.90000025415793e-06,6.299997039604932e-06,1.0700001439545304e-05,1.080000220099464e-05,1.3600001693703234e-05,1.7099999240599573e-05,2.59999796980992e-06,2.7999994927085936e-06
1,9,3.400004061404616e-06,7.099995855242014e-06,1.219999830937013e-05,1.1399999493733048e-05,1.5600002370774746e-05,1.8499995348975062e-05,2.2000021999701858e-06,2.6999987312592566e-06
1,10,3.2000025385059416e-06,7.199996616691351e-06,1.3000004400964826e-05,1.1099997209385036e-05,1.6200006939470768e-05,1.829999382607639e-05,2.1000014385208488e-06,2.6999987312592566e-06
1,11,2.90000025415793e-06,6.199996278155595e-06,1.0799994925037026e-05,1.0100004146806896e-05,1.3699995179194955e-05,1.630000042496249e-05,2.199994924012572e-06,2.7999994927085936e-06
1,12,2.7999994927085936e-06,6.199996278155595e-06,1.1500000255182384e-05,1.26999948406592e-05,1.429999974789098e-05,1.88999911188148e-05,2.1000014385208488e-06,2.6000052457675338e-06
1,13,3.399996785447001e-06,6.800000846851617e-06,1.1800002539530396e-05,1.1099997209385036e-05,1.5199999324977398e-05,1.7899998056236655e-05,2.1000014385208488e-06,2.5000044843181968e-06
1,14,3.300003299955278e-06,6.599999323952943e-06,1.1399999493733048e-05,1.3299999409355223e-05,1.4700002793688329e-05,1.989999873330817e-05,3.399996785447001e-06,2.7999994927085936e-06
1,15,3.400004061404616e-06,7.700000423938036e-06,1.1900003300979732e-05,1.1399999493733048e-05,1.530000736238435e-05,1.9099999917671084e-05,2.4999972083605826e-06,2.6999987312592566e-06
1,16,3.400004061404616e-06,6.800000846851617e-06,1.1199997970834374e-05,1.049999991664663e-05,1.460000203223899e-05,1.7300000763498247e-05,2.1000014385208488e-06,2.59999796980992e-06
1,17,3.1000017770566046e-06,6.599999323952943e-06,1.1000003723893316e-05,9.999996109399945e-06,1.410000550094992e-05,1.6599995433352888e-05,2.1000014385208488e-06,2.59999796980992e-06
1,18,3.000001015607268e-06,6.70000008540228e-06,1.1299998732283711e-05,1.0600000678095968e-05,1.429999974789098e-05,1.7300000763498247e-05,2.199994924012572e-06,2.4999972083605826e-06
1,19,3.000001015607268e-06,6.200003554113209e-06,1.0600000678095968e-05,9.900002623908222e-06,1.3600001693703234e-05,1.610000617802143e-05,2.000000677071512e-06,2.4999972083605826e-06
1,20,2.800006768666208e-06,6.299997039604932e-06,1.3800003216601908e-05,9.900002623908222e-06,1.6600009985268116e-05,1.6199999663513154e-05,2.2000021999701858e-06,2.59999796980992e-06
1,21,3.1999952625483274e-06,6.900001608300954e-06,1.1199997970834374e-05,1.0700001439545304e-05,1.4399993233382702e-05,1.7600003047846258e-05,2.7000060072168708e-06,2.59999796980992e-06
1,22,2.90000025415793e-06,6.399997801054269e-06,1.1299998732283711e-05,1.049999991664663e-05,1.4199998986441642e-05,1.68999977177009e-05,2.40000372286886e-06,2.4999972083605826e-06
1,23,2.7999994927085936e-06,6.200003554113209e-06,1.049999991664663e-05,9.999996109399945e-06,1.3299999409355223e-05,1.6199999663513154e-05,2.1000014385208488e-06,2.4999972083605826e-06
1,24,2.59999796980992e-06,6.499998562503606e-06,1.09999964479357e-05,1.019999763229862e-05,1.359999441774562e-05,1.6699996194802225e-05,2.000000677071512e-06,2.4999972083605826e-06
1,25,2.7999994927085936e-06,6.399997801054269e-06,1.0399999155197293e-05,9.699993825051934e-06,1.3199998647905886e-05,1.6099991626106203e-05,2.000000677071512e-06,2.3999964469112456e-06
1,26,3.000001015607268e-06,6.400005077011883e-06,1.0299998393747956e-05,1.019999763229862e-05,1.3299999409355223e-05,1.6600002709310502e-05,2.3000029614195228e-06,2.6999987312592566e-06
1,27,3.000001015607268e-06,6.299997039604932e-06,1.1299998732283711e-05,1.1099997209385036e-05,1.429999974789098e-05,1.739999424898997e-05,2.1000014385208488e-06,2.6999987312592566e-06
1,28,3.000001015607268e-06,6.299997039604932e-06,1.080000220099464e-05,1.049999991664663e-05,1.3800003216601908e-05,1.679999695625156e-05,2.2000021999701858e-06,2.4999972083605826e-06
1,29,2.90000025415793e-06,6.100002792663872e-06,1.0900002962443978e-05,1.080000220099464e-05,1.3800003216601908e-05,1.6900004993658513e-05,2.1000014385208488e-06,2.40000372286886e-06
1,30,2.6999987312592566e-06,6.100002792663872e-06,1.049999991664663e-05,9.700001101009548e-06,1.3199998647905886e-05,1.580000389367342e-05,2.0999941625632346e-06,2.59999796980992e-06
1,31,2.6999987312592566e-06,6.099995516706258e-06,1.0299998393747956e-05,9.999996109399945e-06,1.2999997125007212e-05,1.6099991626106203e-05,2.000000677071512e-06,2.59999796980992e-06
1,32,2.6999987312592566e-06,5.899993993807584e-06,1.019999763229862e-05,1.0600000678095968e-05,1.2899996363557875e-05,1.649999467190355e-05,2.1000014385208488e-06,2.5000044843181968e-06
1,33,3.000001015607268e-06,6.599999323952943e-06,2.970000059576705e-05,1.3999997463542968e-05,3.270000161137432e-05,2.059999678749591e-05,4.900000931229442e-06,3.000001015607268e-06
1,34,3.700006345752626e-06,7.399998139590025e-06,1.1800002539530396e-05,1.0900002962443978e-05,1.5500008885283023e-05,1.8300001102034003e-05,2.3000029614195228e-06,2.7999994927085936e-06
1,35,3.400004061404616e-06,6.900001608300954e-06,1.219999830937013e-05,1.0900002962443978e-05,1.5600002370774746e-05,1.7800004570744932e-05,2.0999941625632346e-06,2.59999796980992e-06
1,36,3.1000017770566046e-06,6.50000583846122e-06,1.1000003723893316e-05,1.049999991664663e-05,1.410000550094992e-05,1.700000575510785e-05,1.8999999156221747e-06,2.59999796980992e-06
1,37,2.999993739649653e-06,6.299997039604932e-06,1.0599993402138352e-05,9.800001862458885e-06,1.3599987141788006e-05,1.6099998902063817e-05,2.1000014385208488e-06,2.6000052457675338e-06
1,38,2.7999994927085936e-06,6.100002792663872e-06,1.049999991664663e-05,1.000000338535756e-05,1.3299999409355223e-05,1.610000617802143e-05,2.1000014385208488e-06,2.4999972083605826e-06
1,39,2.6999987312592566e-06,6.000002031214535e-06,9.79999458650127e-06,9.599993063602597e-06,1.2499993317760529e-05,1.5599995094817132e-05,2.1000014385208488e-06,2.6000052457675338e-06
1,40,2.6999987312592566e-06,6.099995516706258e-06,1.2299999070819467e-05,9.79999458650127e-06,1.4999997802078724e-05,1.589999010320753e-05,2.1000014385208488e-06,2.59999796980992e-06
1,41,3.000001015607268e-06,6.300004315562546e-06,1.049999991664663e-05,9.60000033956021e-06,1.3500000932253895e-05,1.5900004655122757e-05,2.3000029614195228e-06,2.7999994927085936e-06
1,42,2.7000060072168708e-06,6.099995516706258e-06,1.0099996870849282e-05,1.0200004908256233e-05,1.2800002878066152e-05,1.630000042496249e-05,2.1000014385208488e-06,2.5000044843181968e-06
1,43,3.1000017770566046e-06,6.499998562503606e-06,1.080000220099464e-05,1.030000566970557e-05,1.3900003978051244e-05,1.6800004232209176e-05,1.9999934011138976e-06,2.59999796980992e-06
1,44,2.7999994927085936e-06,6.299997039604932e-06,1.049999991664663e-05,9.999996109399945e-06,1.3299999409355223e-05,1.6299993149004877e-05,2.000000677071512e-06,2.5000044843181968e-06
1,45,2.7000060072168708e-06,6.099995516706258e-06,1.0299998393747956e-05,9.900002623908222e-06,1.3000004400964826e-05,1.599999814061448e-05,2.000000677071512e-06,2.40000372286886e-06
1,46,2.59999796980992e-06,5.999994755256921e-06,9.999996109399945e-06,1.019999763229862e-05,1.2599994079209864e-05,1.619999238755554e-05,2.000000677071512e-06,2.4999972083605826e-06
1,47,2.6999987312592566e-06,5.899993993807584e-06,1.0399999155197293e-05,1.000000338535756e-05,1.309999788645655e-05,1.5899997379165143e-05,2.000000677071512e-06,2.5000044843181968e-06
1,48,2.7000060072168708e-06,5.900001269765198e-06,1.000000338535756e-05,9.60000033956021e-06,1.270000939257443e-05,1.550000160932541e-05,1.8999999156221747e-06,2.40000372286886e-06
1,49,2.5000044843181968e-06,5.900001269765198e-06,1.0100004146806896e-05,9.700001101009548e-06,1.2600008631125093e-05,1.5600002370774746e-05,1.8999999156221747e-06,2.4999972083605826e-06
1,50,2.59999796980992e-06,6.000002031214535e-06,9.79999458650127e-06,9.79999458650127e-06,1.239999255631119e-05,1.5799996617715806e-05,2.000000677071512e-06,2.59999796980992e-06
1,51,2.4999972083605826e-06,5.800000508315861e-06,9.800001862458885e-06,9.60000033956021e-06,1.2299999070819467e-05,1.5400000847876072e-05,1.8999999156221747e-06,2.4999972083605826e-06
1,52,2.7999994927085936e-06,5.900001269765198e-06,9.800001862458885e-06,1.0099996870849282e-05,1.2600001355167478e-05,1.599999814061448e-05,2.000000677071512e-06,2.5000044843181968e-06
1,53,2.59999796980992e-06,6.000002031214535e-06,1.000000338535756e-05,9.60000033956021e-06,1.2600001355167478e-05,1.5600002370774746e-05,1.8999999156221747e-06,2.5000044843181968e-06
1,54,2.4999972083605826e-06,5.900001269765198e-06,1.049999991664663e-05,9.899995347950608e-06,1.2999997125007212e-05,1.5799996617715806e-05,2.000000677071512e-06,2.4999972083605826e-06
1,55,2.90000025415793e-06,5.699999746866524e-06,1.0100004146806896e-05,9.800001862458885e-06,1.3000004400964826e-05,1.550000160932541e-05,2.199994924012572e-06,2.59999796980992e-06
1,56,2.6999987312592566e-06,5.599998985417187e-06,9.60000033956021e-06,9.499999578110874e-06,1.2299999070819467e-05,1.509999856352806e-05,2.000000677071512e-06,2.5000044843181968e-06
1,57,2.59999796980992e-06,5.800000508315861e-06,9.800001862458885e-06,9.499999578110874e-06,1.2399999832268804e-05,1.5300000086426735e-05,2.299995685461909e-06,2.90000025415793e-06
1,58,2.6000052457675338e-06,5.800000508315861e-06,9.700001101009548e-06,9.499999578110874e-06,1.230000634677708e-05,1.5300000086426735e-05,2.0999941625632346e-06,2.7999994927085936e-06
1,59,2.7000060072168708e-06,5.900001269765198e-06,1.1900003300979732e-05,9.700001101009548e-06,1.4600009308196604e-05,1.5600002370774746e-05,2.40000372286886e-06,2.5000044843181968e-06
1,60,2.800006768666208e-06,5.899993993807584e-06,9.900002623908222e-06,9.60000033956021e-06,1.270000939257443e-05,1.5499994333367795e-05,2.4999972083605826e-06,2.4999972083605826e-06
1,61,2.7999994927085936e-06,6.400005077011883e-06,1.0200004908256233e-05,9.60000033956021e-06,1.3000004400964826e-05,1.6000005416572094e-05,2.000000677071512e-06,2.40000372286886e-06
1,62,2.6000052457675338e-06,5.800000508315861e-06,9.599993063602597e-06,9.499999578110874e-06,1.219999830937013e-05,1.5300000086426735e-05,1.9999934011138976e-06,2.4999972083605826e-06
1,63,2.4999972083605826e-06,5.800000508315861e-06,9.499999578110874e-06,9.200004569720475e-06,1.1999996786471456e-05,1.5000005078036338e-05,2.000000677071512e-06,2.59999796980992e-06
1,64,2.59999796980992e-06,5.699999746866524e-06,9.499999578110874e-06,9.300005331169814e-06,1.2099997547920792e-05,1.5000005078036338e-05,2.000000677071512e-06,2.4999972083605826e-06
1,65,2.59999796980992e-06,5.800000508315861e-06,9.499999578110874e-06,9.499999578110874e-06,1.2099997547920792e-05,1.5300000086426735e-05,1.8999999156221747e-06,2.59999796980992e-06
1,66,2.5000044843181968e-06,5.900001269765198e-06,1.000000338535756e-05,1.09999964479357e-05,1.2500007869675756e-05,1.68999977177009e-05,2.1000014385208488e-06,2.5000044843181968e-06
1,67,2.6999987312592566e-06,5.800000508315861e-06,1.0399999155197293e-05,9.700001101009548e-06,1.309999788645655e-05,1.550000160932541e-05,2.1000014385208488e-06,2.5000044843181968e-06
1,68,2.40000372286886e-06,5.699999746866524e-06,9.60000033956021e-06,9.399998816661537e-06,1.200000406242907e-05,1.509999856352806e-05,2.000000677071512e-06,2.4999972083605826e-06
1,69,2.5000044843181968e-06,5.699999746866524e-06,9.60000033956021e-06,9.2999980552122e-06,1.2100004823878407e-05,1.4999997802078724e-05,2.000000677071512e-06,2.5000044843181968e-06
1,70,2.4999972083605826e-06,6.400005077011883e-06,9.800001862458885e-06,9.499999578110874e-06,1.2299999070819467e-05,1.5900004655122757e-05,1.8999999156221747e-06,2.59999796980992e-06
1,71,2.6000052457675338e-06,5.800000508315861e-06,9.499999578110874e-06,9.399998816661537e-06,1.2100004823878407e-05,1.5199999324977398e-05,2.000000677071512e-06,2.5000044843181968e-06
1,72,2.4999972083605826e-06,1.1299998732283711e-05,9.499999578110874e-06,9.399998816661537e-06,1.1999996786471456e-05,2.0699997548945248e-05,1.9999934011138976e-06,2.4999972083605826e-06
1,73,2.59999796980992e-06,5.899993993807584e-06,9.60000033956021e-06,9.300005331169814e-06,1.219999830937013e-05,1.5199999324977398e-05,1.9999934011138976e-06,2.3999964469112456e-06
1,74,2.59999796980992e-06,5.899993993807584e-06,9.900002623908222e-06,9.60000033956021e-06,1.250000059371814e-05,1.5499994333367795e-05,2.000000677071512e-06,2.5000044843181968e-06
1,75,2.6000052457675338e-06,5.900001269765198e-06,9.700001101009548e-06,9.399998816661537e-06,1.230000634677708e-05,1.5300000086426735e-05,2.000000677071512e-06,2.4999972083605826e-06
1,76,2.5000044843181968e-06,5.599998985417187e-06,9.499999578110874e-06,9.099996532313526e-06,1.200000406242907e-05,1.4699995517730711e-05,2.000000677071512e-06,2.4999972083605826e-06
1,77,2.3999964469112456e-06,5.699999746866524e-06,9.700001101009548e-06,9.399998816661537e-06,1.2099997547920792e-05,1.509999856352806e-05,2.000000677071512e-06,2.4999972083605826e-06
1,78,2.5000044843181968e-06,5.900001269765198e-06,9.79999458650127e-06,1.0399999155197293e-05,1.2299999070819467e-05,1.630000042496249e-05,2.000000677071512e-06,2.4999972083605826e-06
1,79,2.59999796980992e-06,5.900001269765198e-06,1.2399999832268804e-05,1.0600000678095968e-05,1.4999997802078724e-05,1.6500001947861165e-05,2.2000021999701858e-06,2.59999796980992e-06
1,80,3.4999975468963385e-06,7.300004654098302e-06,1.250000059371814e-05,1.0700001439545304e-05,1.599999814061448e-05,1.8000006093643606e-05,2.1000014385208488e-06,2.4999972083605826e-06
1,81,2.90000025415793e-06,6.800000846851617e-06,1.049999991664663e-05,1.0200004908256233e-05,1.340000017080456e-05,1.700000575510785e-05,2.2000021999701858e-06,2.6000052457675338e-06
1,82,2.6999987312592566e-06,6.200003554113209e-06,9.899995347950608e-06,1.0399999155197293e-05,1.2599994079209864e-05,1.6600002709310502e-05,2.1000014385208488e-06,2.5000044843181968e-06
1,83,2.7000060072168708e-06,6.000002031214535e-06,1.0299998393747956e-05,1.0599993402138352e-05,1.3000004400964826e-05,1.6599995433352888e-05,1.9999934011138976e-06,2.59999796980992e-06
1,84,2.7999994927085936e-06,6.000002031214535e-06,1.049999991664663e-05,1.0100004146806896e-05,1.3299999409355223e-05,1.610000617802143e-05,2.0999941625632346e-06,2.59999796980992e-06
1,85,2.59999796980992e-06,5.699999746866524e-06,9.800001862458885e-06,9.700001101009548e-06,1.2399999832268804e-05,1.5400000847876072e-05,2.000000677071512e-06,2.6999987312592566e-06
1,86,2.4999972083605826e-06,5.599998985417187e-06,9.700001101009548e-06,9.899995347950608e-06,1.219999830937013e-05,1.5499994333367795e-05,2.1000014385208488e-06,2.40000372286886e-06
1,87,2.4999972083605826e-06,5.599998985417187e-06,9.700001101009548e-06,9.700001101009548e-06,1.219999830937013e-05,1.5300000086426735e-05,2.000000677071512e-06,2.3000029614195228e-06
1,88,2.59999796980992e-06,5.900001269765198e-06,9.899995347950608e-06,9.700001101009548e-06,1.2499993317760529e-05,1.5600002370774746e-05,2.000000677071512e-06,2.40000372286886e-06
1,89,2.5000044843181968e-06,5.999994755256921e-06,9.700001101009548e-06,9.300005331169814e-06,1.2200005585327744e-05,1.5300000086426735e-05,1.9999934011138976e-06,2.59999796980992e-06
1,90,2.4999972083605826e-06,5.700007022824138e-06,9.499999578110874e-06,9.499999578110874e-06,1.1999996786471456e-05,1.5200006600935012e-05,1.9999934011138976e-06,2.3999964469112456e-06
1,91,2.59999796980992e-06,5.699999746866524e-06,9.60000033956021e-06,9.700001101009548e-06,1.219999830937013e-05,1.5400000847876072e-05,1.8999999156221747e-06,2.4999972083605826e-06
1,92,2.5000044843181968e-06,5.800000508315861e-06,9.699993825051934e-06,9.60000033956021e-06,1.219999830937013e-05,1.5400000847876072e-05,2.000000677071512e-06,2.40000372286886e-06
1,93,2.5000044843181968e-06,5.699999746866524e-06,9.2999980552122e-06,9.499999578110874e-06,1.1800002539530396e-05,1.5199999324977398e-05,2.1000014385208488e-06,2.59999796980992e-06
1,94,2.5000044843181968e-06,5.900001269765198e-06,9.60000033956021e-06,9.500006854068488e-06,1.2100004823878407e-05,1.5400008123833686e-05,1.9999934011138976e-06,2.3999964469112456e-06
1,95,2.4999972083605826e-06,5.599998985417187e-06,9.60000033956021e-06,9.499999578110874e-06,1.2099997547920792e-05,1.509999856352806e-05,1.8999999156221747e-06,2.3999964469112456e-06
1,96,2.5000044843181968e-06,5.699999746866524e-06,9.399998816661537e-06,9.399998816661537e-06,1.1900003300979732e-05,1.509999856352806e-05,2.000000677071512e-06,2.40000372286886e-06
1,97,2.4999972083605826e-06,5.699999746866524e-06,9.2999980552122e-06,9.199997293762864e-06,1.1799995263572782e-05,1.4899997040629389e-05,1.8999999156221747e-06,2.3999964469112456e-06
1,98,2.3999964469112456e-06,5.600006261374801e-06,1.0600000678095968e-05,9.200004569720475e-06,1.2999997125007212e-05,1.4800010831095278e-05,2.000000677071512e-06,2.40000372286886e-06
1,99,2.4999972083605826e-06,5.699999746866524e-06,9.199997293762864e-06,9.099996532313526e-06,1.1699994502123444e-05,1.479999627918005e-05,1.8999999156221747e-06,2.4999972083605826e-06
1,100,2.40000372286886e-06,5.599998985417187e-06,9.099996532313526e-06,9.10000380827114e-06,1.1500000255182384e-05,1.4700002793688329e-05,1.8999999156221747e-06,2.40000372286886e-06
2,1,7.100003131199628e-06,2.289999974891544e-05,6.949999806238338e-05,2.2400003217626363e-05,7.660000119358301e-05,4.53000029665418e-05,4.499997885432094e-06,4.199995601084083e-06
2,2,7.199996616691351e-06,1.939999492606148e-05,2.1699997887481004e-05,1.920000067912042e-05,2.8899994504172355e-05,3.85999956051819e-05,2.8999929782003164e-06,3.2999960239976645e-06
2,3,6.100002792663872e-06,1.850000262493268e-05,1.8999999156221747e-05,1.700000575510785e-05,2.510000194888562e-05,3.5500008380040526e-05,2.5000044843181968e-06,3.399996785447001e-06
2,4,4.999994416721165e-06,1.809999957913533e-05,4.669999907491729e-05,1.809999957913533e-05,5.169999349163845e-05,3.619999915827066e-05,2.7999994927085936e-06,3.2000025385059416e-06
2,5,6.199996278155595e-06,1.840000186348334e-05,3.85999956051819e-05,1.7099999240599573e-05,4.47999918833375e-05,3.550000110408291e-05,2.6000052457675338e-06,3.399996785447001e-06
2,6,5.400004738476127e-06,1.7599995771888644e-05,1.7300000763498247e-05,1.630000042496249e-05,2.270000550197437e-05,3.3899996196851134e-05,2.3000029614195228e-06,3.1000017770566046e-06
2,7,5.600006261374801e-06,1.7599995771888644e-05,1.870000414783135e-05,1.750000228639692e-05,2.4300010409206152e-05,3.5099998058285564e-05,2.3999964469112456e-06,3.1000017770566046e-06
2,8,5.699999746866524e-06,1.7800004570744932e-05,3.930000093532726e-05,1.7899998056236655e-05,4.5000000682193786e-05,3.5700002626981586e-05,2.4999972083605826e-06,3.1000017770566046e-06
2,9,5.399997462518513e-06,1.7300000763498247e-05,1.7400001524947584e-05,1.6999998479150236e-05,2.2799998987466097e-05,3.429999924264848e-05,2.59999796980992e-06,3.2000025385059416e-06
2,10,5.599998985417187e-06,1.769999653333798e-05,3.6799996451009065e-05,1.700000575510785e-05,4.239999543642625e-05,3.470000228844583e-05,2.5000044843181968e-06,3.1999952625483274e-06
2,11,5.900001269765198e-06,1.7400001524947584e-05,3.830000059679151e-05,1.8300001102034003e-05,4.4200001866556704e-05,3.5700002626981586e-05,2.59999796980992e-06,3.0999945010989904e-06
2,12,5.800000508315861e-06,1.809999957913533e-05,3.750000178115442e-05,1.6999998479150236e-05,4.3300002289470285e-05,3.5099998058285564e-05,2.4999972083605826e-06,3.300003299955278e-06
2,13,5.800000508315861e-06,1.7700003809295595e-05,3.780000406550244e-05,1.920000067912042e-05,4.3600004573818296e-05,3.6900004488416016e-05,2.59999796980992e-06,3.000001015607268e-06
2,14,6.000002031214535e-06,1.7600003047846258e-05,3.7999998312443495e-05,1.7300000763498247e-05,4.400000034365803e-05,3.4900003811344504e-05,2.3999964469112456e-06,3.300003299955278e-06
2,15,6.000002031214535e-06,1.7899998056236655e-05,1.889999839477241e-05,1.7700003809295595e-05,2.4900000425986946e-05,3.560000186553225e-05,2.5000044843181968e-06,4.499997885432094e-06
2,16,5.49999822396785e-06,1.809999957913533e-05,3.949999518226832e-05,1.7899998056236655e-05,4.499999340623617e-05,3.599999763537198e-05,2.3999964469112456e-06,3.000001015607268e-06
2,17,5.800000508315861e-06,1.840000186348334e-05,3.779999678954482e-05,1.720000000204891e-05,4.359999729786068e-05,3.560000186553225e-05,2.4999972083605826e-06,3.300003299955278e-06
2,18,5.800000508315861e-06,1.7700003809295595e-05,1.9299994164612144e-05,1.649999467190355e-05,2.5099994672928005e-05,3.4199998481199145e-05,2.40000372286886e-06,3.000001015607268e-06
2,19,5.400004738476127e-06,1.679999695625156e-05,1.7600003047846258e-05,1.6599995433352888e-05,2.3000007786322385e-05,3.339999238960445e-05,2.3000029614195228e-06,2.90000025415793e-06
2,20,5.299996701069176e-06,1.6999998479150236e-05,3.5899996873922646e-05,1.6399993910454214e-05,4.119999357499182e-05,3.339999238960445e-05,2.7999994927085936e-06,3.400004061404616e-06
2,21,5.699999746866524e-06,1.769999653333798e-05,1.7600003047846258e-05,1.6199999663513154e-05,2.3300002794712785e-05,3.3899996196851134e-05,2.7999994927085936e-06,3.1000017770566046e-06
2,22,5.500005499925464e-06,1.720000000204891e-05,2.179999864893034e-05,1.6000005416572094e-05,2.7300004148855805e-05,3.3200005418621004e-05,2.800006768666208e-06,3.1000017770566046e-06
2,23,5.200003215577453e-06,1.7099999240599573e-05,1.68999977177009e-05,1.6099998902063817e-05,2.2100000933278352e-05,3.319999814266339e-05,2.3000029614195228e-06,2.7999994927085936e-06
2,24,5.199995939619839e-06,1.6800004232209176e-05,1.630000042496249e-05,1.6099998902063817e-05,2.149999636458233e-05,3.290000313427299e-05,2.299995685461909e-06,2.7999994927085936e-06
2,25,5.000001692678779e-06,1.670000347075984e-05,3.779999678954482e-05,1.7099999240599573e-05,4.27999984822236e-05,3.380000271135941e-05,2.299995685461909e-06,2.90000025415793e-06
2,26,5.30000397702679e-06,1.700000575510785e-05,3.5099998058285564e-05,1.6999998479150236e-05,4.040000203531236e-05,3.4000004234258085e-05,2.40000372286886e-06,3.000001015607268e-06
2,27,5.599998985417187e-06,1.7499995010439306e-05,1.6199999663513154e-05,1.599999814061448e-05,2.179999864893034e-05,3.3499993151053786e-05,2.3000029614195228e-06,2.90000025415793e-06
2,28,5.200003215577453e-06,1.7799997294787318e-05,3.580000338843092e-05,1.68999977177009e-05,4.1000006604008377e-05,3.4699995012488216e-05,2.3000029614195228e-06,2.7999994927085936e-06
2,29,5.599998985417187e-06,1.7300000763498247e-05,1.6999998479150236e-05,1.5700003132224083e-05,2.2599997464567423e-05,3.300000389572233e-05,2.199994924012572e-06,3.000001015607268e-06
2,30,5.099995178170502e-06,1.6600002709310502e-05,3.460000152699649e-05,1.630000042496249e-05,3.9699996705167e-05,3.290000313427299e-05,2.3999964469112456e-06,2.90000025415793e-06
2,31,5.49999822396785e-06,1.7099999240599573e-05,1.679999695625156e-05,1.6099998902063817e-05,2.229999518021941e-05,3.319999814266339e-05,2.2000021999701858e-06,3.000001015607268e-06
2,32,5.299996701069176e-06,1.68999977177009e-05,3.5200006095692515e-05,1.6299993149004877e-05,4.050000279676169e-05,3.3199990866705775e-05,2.3000029614195228e-06,3.000001015607268e-06
2,33,5.299996701069176e-06,1.7400001524947584e-05,3.5400000342633575e-05,1.6400001186411828e-05,4.069999704370275e-05,3.380000271135941e-05,2.299995685461909e-06,2.90000025415793e-06
2,34,5.399997462518513e-06,1.7400001524947584e-05,1.720000000204891e-05,1.599999814061448e-05,2.2599997464567423e-05,3.3399999665562063e-05,2.3000029614195228e-06,2.90000025415793e-06
2,35,5.000001692678779e-06,1.6599995433352888e-05,3.599999763537198e-05,1.6200006939470768e-05,4.099999932805076e-05,3.2800002372823656e-05,2.40000372286886e-06,2.90000025415793e-06
2,36,5.299996701069176e-06,1.720000000204891e-05,3.480000304989517e-05,1.6099998902063817e-05,4.009999975096434e-05,3.3299998904112726e-05,2.2000021999701858e-06,2.90000025415793e-06
2,37,5.100002454128116e-06,1.7099999240599573e-05,3.440000000409782e-05,1.5700003132224083e-05,3.9500002458225936e-05,3.2800002372823656e-05,2.3000029614195228e-06,2.999993739649653e-06
2,38,5.30000397702679e-06,1.68999977177009e-05,1.6099998902063817e-05,1.5600002370774746e-05,2.1400002879090607e-05,3.2500000088475645e-05,2.199994924012572e-06,4.000001354143024e-06
2,39,5.000001692678779e-06,1.68999977177009e-05,3.3399999665562063e-05,1.599999814061448e-05,3.840000135824084e-05,3.289999585831538e-05,2.3999964469112456e-06,3.000001015607268e-06
2,40,5.299996701069176e-06,1.7099999240599573e-05,3.390000347280875e-05,1.5899997379165143e-05,3.9200000173877925e-05,3.2999996619764715e-05,2.40000372286886e-06,3.000001015607268e-06
2,41,5.299996701069176e-06,1.6900004993658513e-05,1.68999977177009e-05,1.649999467190355e-05,2.2199994418770075e-05,3.3399999665562063e-05,2.6000052457675338e-06,3.000001015607268e-06
2,42,5.400004738476127e-06,1.679999695625156e-05,1.630000042496249e-05,1.5600002370774746e-05,2.170000516343861e-05,3.239999932702631e-05,2.299995685461909e-06,2.7999994927085936e-06
2,43,5.099995178170502e-06,1.6600002709310502e-05,1.6199999663513154e-05,1.5600002370774746e-05,2.1299994841683656e-05,3.220000508008525e-05,2.199994924012572e-06,2.90000025415793e-06
2,44,5.000001692678779e-06,1.6600002709310502e-05,3.390000347280875e-05,1.5799996617715806e-05,3.890000516548753e-05,3.239999932702631e-05,2.3999964469112456e-06,3.000001015607268e-06
2,45,5.200003215577453e-06,1.7499995010439306e-05,1.7400001524947584e-05,1.6000005416572094e-05,2.260000474052504e-05,3.35000004270114e-05,2.3000029614195228e-06,2.90000025415793e-06
2,46,5.30000397702679e-06,1.68999977177009e-05,1.6500001947861165e-05,1.5599995094817132e-05,2.1800005924887955e-05,3.249999281251803e-05,2.2000021999701858e-06,2.90000025415793e-06
2,47,5.100002454128116e-06,1.6999998479150236e-05,1.6600002709310502e-05,1.5700003132224083e-05,2.170000516343861e-05,3.270000161137432e-05,2.2000021999701858e-06,2.7999994927085936e-06
2,48,5.099995178170502e-06,1.700000575510785e-05,1.6099998902063817e-05,1.5799996617715806e-05,2.119999408023432e-05,3.2800002372823656e-05,2.2000021999701858e-06,2.90000025415793e-06
2,49,5.000001692678779e-06,1.6999998479150236e-05,3.440000000409782e-05,1.6500001947861165e-05,3.94000016967766e-05,3.35000004270114e-05,2.3000029614195228e-06,2.90000025415793e-06
2,50,5.30000397702679e-06,1.720000000204891e-05,1.6400001186411828e-05,1.5600002370774746e-05,2.170000516343861e-05,3.2800002372823656e-05,2.2000021999701858e-06,2.90000025415793e-06
2,51,5.000001692678779e-06,1.6800004232209176e-05,1.6099998902063817e-05,1.5300000086426735e-05,2.11000005947426e-05,3.210000431863591e-05,2.1000014385208488e-06,4.2000028770416975e-06
2,52,5.000001692678779e-06,1.809999957913533e-05,1.7300000763498247e-05,1.6400001186411828e-05,2.2300002456177023e-05,3.450000076554716e-05,2.4999972083605826e-06,3.0999945010989904e-06
2,53,5.399997462518513e-06,1.7099999240599573e-05,1.6399993910454214e-05,1.6500001947861165e-05,2.1799991372972727e-05,3.360000118846074e-05,2.199994924012572e-06,2.999993739649653e-06
2,54,5.49999822396785e-06,1.7099999240599573e-05,3.719999949680641e-05,1.649999467190355e-05,4.269999772077426e-05,3.359999391250312e-05,2.3000029614195228e-06,2.90000025415793e-06
2,55,5.500005499925464e-06,1.720000000204891e-05,1.6200006939470768e-05,1.580000389367342e-05,2.1700012439396232e-05,3.300000389572233e-05,2.199994924012572e-06,2.90000025415793e-06
2,56,5.199995939619839e-06,1.6999998479150236e-05,1.630000042496249e-05,1.5600002370774746e-05,2.149999636458233e-05,3.260000084992498e-05,2.199994924012572e-06,2.90000025415793e-06
2,57,5.000001692678779e-06,1.679999695625156e-05,3.629999991972e-05,1.6600002709310502e-05,4.130000161239877e-05,3.3399999665562063e-05,2.3999964469112456e-06,3.000001015607268e-06
2,58,5.299996701069176e-06,1.7299993487540632e-05,3.410000499570742e-05,1.6400001186411828e-05,3.94000016967766e-05,3.369999467395246e-05,2.299995685461909e-06,2.90000025415793e-06
2,59,5.299996701069176e-06,1.7099999240599573e-05,1.6500001947861165e-05,1.5900004655122757e-05,2.179999864893034e-05,3.300000389572233e-05,2.299995685461909e-06,2.7999994927085936e-06
2,60,5.30000397702679e-06,1.6699996194802225e-05,3.429999924264848e-05,1.580000389367342e-05,3.960000321967527e-05,3.2500000088475645e-05,2.299995685461909e-06,2.90000025415793e-06
2,61,5.500005499925464e-06,1.7599995771888644e-05,3.60000049113296e-05,1.679999695625156e-05,4.150001041125506e-05,3.4399992728140205e-05,2.90000025415793e-06,3.000001015607268e-06
2,62,5.599998985417187e-06,1.7300000763498247e-05,3.4900003811344504e-05,1.6400001186411828e-05,4.050000279676169e-05,3.3700001949910074e-05,2.299995685461909e-06,3.000001015607268e-06
2,63,5.399997462518513e-06,1.750000228639692e-05,3.670000296551734e-05,1.6999998479150236e-05,4.2100000428035855e-05,3.450000076554716e-05,2.2000021999701858e-06,2.90000025415793e-06
2,64,5.399997462518513e-06,1.7400001524947584e-05,3.460000152699649e-05,1.68999977177009e-05,3.9999998989515007e-05,3.429999924264848e-05,2.2000021999701858e-06,2.90000025415793e-06
2,65,5.100002454128116e-06,1.7099999240599573e-05,1.670000347075984e-05,1.5799996617715806e-05,2.1800005924887955e-05,3.289999585831538e-05,2.199994924012572e-06,2.90000025415793e-06
2,66,5.30000397702679e-06,1.679999695625156e-05,3.599999763537198e-05,1.679999695625156e-05,4.130000161239877e-05,3.359999391250312e-05,2.3000029614195228e-06,2.7999994927085936e-06
2,67,5.49999822396785e-06,1.7600003047846258e-05,3.550000110408291e-05,1.679999695625156e-05,4.099999932805076e-05,3.440000000409782e-05,2.2000021999701858e-06,3.000001015607268e-06
2,68,5.49999822396785e-06,1.7400001524947584e-05,3.4699995012488216e-05,1.670000347075984e-05,4.019999323645607e-05,3.410000499570742e-05,2.1000014385208488e-06,2.90000025415793e-06
2,69,5.30000397702679e-06,1.679999695625156e-05,1.670000347075984e-05,1.5900004655122757e-05,2.200000744778663e-05,3.270000161137432e-05,2.199994924012572e-06,3.000001015607268e-06
2,70,4.900000931229442e-06,1.68999977177009e-05,1.6199999663513154e-05,1.5600002370774746e-05,2.11000005947426e-05,3.2500000088475645e-05,2.2000021999701858e-06,2.7999994927085936e-06
2,71,5.099995178170502e-06,1.7099999240599573e-05,3.3299998904112726e-05,1.630000042496249e-05,3.839999408228323e-05,3.3399999665562063e-05,2.299995685461909e-06,2.90000025415793e-06
2,72,5.399997462518513e-06,1.700000575510785e-05,3.429999924264848e-05,1.599999814061448e-05,3.9699996705167e-05,3.300000389572233e-05,2.299995685461909e-06,3.000001015607268e-06
2,73,5.399997462518513e-06,1.6999998479150236e-05,1.630000042496249e-05,1.5600002370774746e-05,2.1699997887481004e-05,3.260000084992498e-05,2.3000029614195228e-06,3.900000592693687e-06
2,74,5.099995178170502e-06,1.6900004993658513e-05,3.51999988197349e-05,1.6199999663513154e-05,4.02999939979054e-05,3.310000465717167e-05,2.3000029614195228e-06,2.90000025415793e-06
2,75,5.200003215577453e-06,1.739999424898997e-05,3.4199998481199145e-05,1.6099998902063817e-05,3.94000016967766e-05,3.3499993151053786e-05,2.299995685461909e-06,2.7999994927085936e-06
2,76,5.400004738476127e-06,1.720000000204891e-05,1.790000533219427e-05,1.5700003132224083e-05,2.33000100706704e-05,3.290000313427299e-05,2.2000021999701858e-06,2.7999994927085936e-06
2,77,5.100002454128116e-06,1.6699996194802225e-05,1.6199999663513154e-05,1.5700003132224083e-05,2.130000211764127e-05,3.239999932702631e-05,2.199994924012572e-06,2.90000025415793e-06
2,78,4.899993655271828e-06,1.6699996194802225e-05,1.599999814061448e-05,1.9800005247816443e-05,2.0899991795886308e-05,3.650000144261867e-05,2.2000021999701858e-06,2.90000025415793e-06
2,79,5.100002454128116e-06,1.68999977177009e-05,1.630000042496249e-05,1.550000160932541e-05,2.1400002879090607e-05,3.239999932702631e-05,2.1000014385208488e-06,2.7999994927085936e-06
2,80,4.900000931229442e-06,1.6599995433352888e-05,1.5600002370774746e-05,1.550000160932541e-05,2.0500003302004188e-05,3.2099997042678297e-05,2.0999941625632346e-06,2.7000060072168708e-06
2,81,4.900000931229442e-06,1.68999977177009e-05,3.580000338843092e-05,1.610000617802143e-05,4.0700004319660366e-05,3.300000389572233e-05,2.6000052457675338e-06,2.90000025415793e-06
2,82,5.200003215577453e-06,1.6599995433352888e-05,1.599999814061448e-05,1.569999585626647e-05,2.1200001356191933e-05,3.229999128961936e-05,2.2000021999701858e-06,2.90000025415793e-06
2,83,5.000001692678779e-06,1.630000042496249e-05,1.599999814061448e-05,1.569999585626647e-05,2.099999983329326e-05,3.199999628122896e-05,2.1000014385208488e-06,2.6999987312592566e-06
2,84,5.000001692678779e-06,1.649999467190355e-05,3.360000118846074e-05,1.6199999663513154e-05,3.860000288113952e-05,3.2699994335416704e-05,2.2000021999701858e-06,2.90000025415793e-06
2,85,5.099995178170502e-06,1.720000000204891e-05,1.6399993910454214e-05,1.580000389367342e-05,2.149998908862472e-05,3.300000389572233e-05,2.299995685461909e-06,2.7999994927085936e-06
2,86,5.000001692678779e-06,1.6800004232209176e-05,3.460000152699649e-05,1.7300000763498247e-05,3.960000321967527e-05,3.410000499570742e-05,2.299995685461909e-06,2.90000025415793e-06
2,87,5.200003215577453e-06,1.7300000763498247e-05,1.6500001947861165e-05,1.5400000847876072e-05,2.170000516343861e-05,3.270000161137432e-05,2.199994924012572e-06,2.90000025415793e-06
2,88,4.900000931229442e-06,1.6400001186411828e-05,1.580000389367342e-05,1.5400000847876072e-05,2.0700004824902862e-05,3.18000020342879e-05,2.2000021999701858e-06,2.90000025415793e-06
2,89,4.900000931229442e-06,1.6600002709310502e-05,3.319999814266339e-05,1.5899997379165143e-05,3.809999907389283e-05,3.2500000088475645e-05,2.2000021999701858e-06,2.90000025415793e-06
2,90,5.099995178170502e-06,1.6800004232209176e-05,1.6099998902063817e-05,1.5199999324977398e-05,2.119999408023432e-05,3.2000003557186574e-05,2.000000677071512e-06,2.7999994927085936e-06
2,91,5.000001692678779e-06,1.6400001186411828e-05,1.5700003132224083e-05,1.5199999324977398e-05,2.0700004824902862e-05,3.1600000511389226e-05,2.1000014385208488e-06,2.90000025415793e-06
2,92,5.000001692678779e-06,1.630000042496249e-05,3.289999585831538e-05,1.5799996617715806e-05,3.789999755099416e-05,3.2099997042678297e-05,2.2000021999701858e-06,3.000001015607268e-06
2,93,5.100002454128116e-06,1.6999998479150236e-05,3.310000465717167e-05,1.6099998902063817e-05,3.820000711129978e-05,3.309999738121405e-05,2.299995685461909e-06,2.90000025415793e-06
2,94,5.100002454128116e-06,1.6599995433352888e-05,1.610000617802143e-05,1.5300000086426735e-05,2.1200008632149547e-05,3.189999551977962e-05,2.199994924012572e-06,2.90000025415793e-06
2,95,4.400004399940372e-06,1.3999997463542968e-05,1.720000000204891e-05,1.6099998902063817e-05,2.160000440198928e-05,3.0099996365606785e-05,2.4999972083605826e-06,2.800006768666208e-06
2,96,5.099995178170502e-06,1.6900004993658513e-05,1.769999653333798e-05,1.6099998902063817e-05,2.2799991711508483e-05,3.300000389572233e-05,2.199994924012572e-06,2.7999994927085936e-06
2,97,5.000001692678779e-06,1.679999695625156e-05,1.6400001186411828e-05,1.5300000086426735e-05,2.1400002879090607e-05,3.2099997042678297e-05,2.1000014385208488e-06,2.7999994927085936e-06
2,98,5.000001692678779e-06,1.679999695625156e-05,1.599999814061448e-05,1.5300000086426735e-05,2.099999983329326e-05,3.2099997042678297e-05,2.3000029614195228e-06,2.7999994927085936e-06
2,99,5.100002454128116e-06,1.670000347075984e-05,1.6399993910454214e-05,1.5499994333367795e-05,2.149999636458233e-05,3.2199997804127634e-05,2.1000014385208488e-06,8.100003469735384e-06
2,100,5.100002454128116e-06,1.7600003047846258e-05,1.6500001947861165e-05,1.5700003132224083e-05,2.160000440198928e-05,3.330000618007034e-05,2.299995685461909e-06,2.7999994927085936e-06
3,1,9.999996109399945e-06,3.800000558840111e-05,0.0001177999947685,2.680000034160912e-05,0.0001277999908779,6.480000593001023e-05,3.900000592693687e-06,4.699999408330768e-06
3,2,8.700000762473792e-06,3.51999988197349e-05,2.6599998818710446e-05,2.4400003894697875e-05,3.529999958118424e-05,5.9600002714432776e-05,2.800006768666208e-06,3.900000592693687e-06
3,3,8.100003469735384e-06,3.479999577393755e-05,0.0001293999957852,2.479999966453761e-05,0.0001374999992549,5.959999543847516e-05,3.000001015607268e-06,3.699999069795013e-06
3,4,8.700000762473792e-06,3.440000000409782e-05,2.5999994250014424e-05,4.999999509891495e-05,3.4699995012488216e-05,8.439999510301277e-05,3.4999975468963385e-06,3.7999998312443495e-06
3,5,8.299997716676444e-06,3.5700002626981586e-05,2.479999966453761e-05,2.359999780310318e-05,3.309999738121405e-05,5.9300000430084765e-05,2.4999972083605826e-06,3.699999069795013e-06
3,6,7.90000194683671e-06,3.440000000409782e-05,7.560000085504726e-05,2.450000465614721e-05,8.350000280188397e-05,5.890000466024503e-05,2.5000044843181968e-06,3.7999998312443495e-06
3,7,8.299997716676444e-06,3.460000152699649e-05,0.0001002000062726,2.450000465614721e-05,0.0001085000039893,5.9100006183143705e-05,2.6999987312592566e-06,3.699999069795013e-06
3,8,7.399998139590025e-06,2.809999568853528e-05,5.0300004659220576e-05,0.0004535999978543,5.77000027988106e-05,0.0004816999935428,4.599998646881431e-06,4.199995601084083e-06
3,9,1.019999763229862e-05,3.930000093532726e-05,0.000129600004584,4.859999899053946e-05,0.0001398000022163,8.789999992586672e-05,3.000001015607268e-06,3.699999069795013e-06
3,10,9.60000033956021e-06,3.650000144261867e-05,5.110000347485766e-05,2.520000271033496e-05,6.070000381441787e-05,6.170000415295362e-05,2.7000060072168708e-06,3.900000592693687e-06
3,11,8.600000001024455e-06,3.499999729683623e-05,5.059999966761097e-05,2.630000381032005e-05,5.919999966863543e-05,6.130000110715628e-05,2.59999796980992e-06,3.900000592693687e-06
3,12,8.700000762473792e-06,3.529999958118424e-05,0.0001005999947665,2.630000381032005e-05,0.0001092999955289,6.160000339150429e-05,2.59999796980992e-06,3.7999998312443495e-06
3,13,8.800001523923129e-06,3.489999653538689e-05,5.190000229049474e-05,2.59000007645227e-05,6.070000381441787e-05,6.079999729990959e-05,2.6999987312592566e-06,3.699999069795013e-06
3,14,8.800001523923129e-06,3.619999915827066e-05,0.0001008000035653,3.5400000342633575e-05,0.0001096000050893,7.159999950090423e-05,2.999993739649653e-06,3.699999069795013e-06
3,15,8.999995770864189e-06,3.499999729683623e-05,9.530000534141436e-05,4.8099995183292776e-05,0.0001043000011122,8.3099992480129e-05,2.59999796980992e-06,3.5999983083456755e-06
3,16,8.600000001024455e-06,3.510000533424318e-05,0.0001186999943456,2.459999814163893e-05,0.0001272999943466,5.970000347588211e-05,2.6999987312592566e-06,3.7999998312443495e-06
3,17,1.2499993317760529e-05,3.550000110408291e-05,0.0001208000030601,2.510000194888562e-05,0.0001332999963779,6.060000305296853e-05,2.7999994927085936e-06,3.7999998312443495e-06
3,18,8.700000762473792e-06,3.5400000342633575e-05,7.280000136233866e-05,2.5399996957276016e-05,8.150000212481245e-05,6.079999729990959e-05,2.59999796980992e-06,3.4999975468963385e-06
3,19,8.600000001024455e-06,3.450000076554716e-05,2.5600005756132305e-05,2.439999661874026e-05,3.420000575715676e-05,5.889999738428742e-05,2.3999964469112456e-06,3.5999983083456755e-06
3,20,8.000002708286047e-06,3.450000076554716e-05,7.560000085504726e-05,2.5300003471784294e-05,8.36000035633333e-05,5.980000423733145e-05,2.3999964469112456e-06,3.4999975468963385e-06
3,21,8.39999847812578e-06,3.5400000342633575e-05,5.1399998483248055e-05,2.479999966453761e-05,5.979999696137384e-05,6.0200000007171184e-05,2.90000025415793e-06,3.699999069795013e-06
3,22,8.299997716676444e-06,3.4199998481199145e-05,5.040000542066991e-05,2.549999771872536e-05,5.870000313734636e-05,5.96999961999245e-05,2.5000044843181968e-06,3.5999983083456755e-06
3,23,8.300004992634058e-06,3.5400000342633575e-05,9.940000018104912e-05,2.4900000425986946e-05,0.0001077000051736,6.030000076862052e-05,2.59999796980992e-06,3.699999069795013e-06
3,24,8.199996955227107e-06,3.440000000409782e-05,9.560000034980476e-05,2.469999890308827e-05,0.000103799997305,5.909999890718609e-05,2.4999972083605826e-06,3.5999983083456755e-06
3,25,8.39999847812578e-06,3.450000076554716e-05,9.390000195708126e-05,2.479999966453761e-05,0.0001023000004352,5.9300000430084765e-05,2.4999972083605826e-06,3.5000048228539526e-06
3,26,8.200004231184721e-06,3.449999348958954e-05,4.7599998652003706e-05,2.390000008745119e-05,5.5800002883188426e-05,5.839999357704073e-05,2.6000052457675338e-06,3.4999975468963385e-06
3,27,8.09999619377777e-06,3.4699995012488216e-05,9.73999995039776e-05,2.44999973801896e-05,0.0001054999956977,5.919999239267781e-05,2.3999964469112456e-06,3.5999983083456755e-06
3,28,7.999995432328433e-06,3.480000304989517e-05,9.509999654255807e-05,4.5900000259280205e-05,0.0001030999919748,8.070000330917537e-05,1.0700001439545304e-05,6.100002792663872e-06
3,29,1.2099997547920792e-05,4.159999662078917e-05,0.0001252999936696,2.9000002541579303e-05,0.0001373999912175,7.059999916236848e-05,3.7999998312443495e-06,4.3000036384910345e-06
3,30,9.999996109399945e-06,3.719999949680641e-05,8.350000280188397e-05,2.890000178012997e-05,9.349999891128392e-05,6.610000127693638e-05,3.400004061404616e-06,4.1000021155923605e-06
3,31,9.800001862458885e-06,3.6600002204068005e-05,0.0001095999978133,2.639999729581177e-05,0.0001193999996758,6.299999949987978e-05,3.1000017770566046e-06,4.1000021155923605e-06
3,32,9.60000033956021e-06,4.2599996959324926e-05,8.150000212481245e-05,2.709999534999952e-05,9.110000246437266e-05,6.969999230932444e-05,3.2999960239976645e-06,3.900000592693687e-06
3,33,9.200004569720475e-06,3.60000049113296e-05,8.080000407062471e-05,2.859999949578196e-05,9.000000864034519e-05,6.460000440711156e-05,2.90000025415793e-06,3.7999998312443495e-06
3,34,9.60000033956021e-06,3.779999678954482e-05,8.479999814881012e-05,2.719999611144885e-05,9.439999848837032e-05,6.499999290099367e-05,2.7000060072168708e-06,3.7999998312443495e-06
3,35,9.399998816661537e-06,3.51999988197349e-05,5.360000068321824e-05,2.5000001187436283e-05,6.299999949987978e-05,6.0200000007171184e-05,2.6999987312592566e-06,3.7999998312443495e-06
3,36,8.800001523923129e-06,3.429999924264848e-05,0.0001268999985768,4.910000279778615e-05,0.0001357000001007,8.340000204043463e-05,2.90000025415793e-06,3.7999998312443495e-06
3,37,9.10000380827114e-06,3.590000414988026e-05,9.93000066955574e-05,4.950000584358349e-05,0.0001084000105038,8.540000999346375e-05,3.000001015607268e-06,3.5999983083456755e-06
3,38,9.10000380827114e-06,3.560000186553225e-05,0.0001270000066142,2.78999941656366e-05,0.0001361000104225,6.349999603116885e-05,2.7999994927085936e-06,3.5000048228539526e-06
3,39,9.099996532313526e-06,3.51999988197349e-05,7.829999958630651e-05,2.609999501146376e-05,8.739999611862004e-05,6.129999383119866e-05,2.59999796980992e-06,4.999994416721165e-06
3,40,9.999996109399945e-06,3.740000101970509e-05,0.0001056999972206,2.6400004571769387e-05,0.00011569999333,6.380000559147447e-05,3.2000025385059416e-06,3.699999069795013e-06
3,41,9.300005331169814e-06,3.5700002626981586e-05,8.040000102482736e-05,2.7399997634347528e-05,8.970000635599717e-05,6.310000026132911e-05,3.2000025385059416e-06,3.5999983083456755e-06
3,42,9.10000380827114e-06,3.529999958118424e-05,0.0001250000059371,2.620000304887072e-05,0.0001341000097454,6.150000263005495e-05,2.7999994927085936e-06,3.699999069795013e-06
3,43,9.60000033956021e-06,3.5400000342633575e-05,7.6299998909235e-05,2.520000271033496e-05,8.589999924879521e-05,6.060000305296853e-05,2.6999987312592566e-06,3.5999983083456755e-06
3,44,1.4900004316587e-05,3.529999958118424e-05,9.850000060396268e-05,5.380000220611692e-05,0.0001134000049205,8.910000178730115e-05,6.299997039604932e-06,4.29999636253342e-06
3,45,9.499999578110874e-06,3.6499994166661054e-05,5.510000482900068e-05,2.600000152597204e-05,6.460000440711156e-05,6.249999569263309e-05,2.7999994927085936e-06,3.700006345752626e-06
3,46,8.800001523923129e-06,3.560000186553225e-05,7.879999611759558e-05,2.540000423323363e-05,8.759999764151871e-05,6.100000609876588e-05,2.6999987312592566e-06,3.7999998312443495e-06
3,47,8.700000762473792e-06,4.310000076657161e-05,0.000102700003481,8.049999451031908e-05,0.0001114000042434,0.0001235999952768,1.3600001693703234e-05,7.100003131199628e-06
3,48,1.1199997970834374e-05,3.9500002458225936e-05,0.0001124999980675,2.8299997211433947e-05,0.0001236999960383,6.779999966965988e-05,3.7999998312443495e-06,4.399997123982757e-06
3,49,1.019999763229862e-05,3.709999873535708e-05,0.0001279999996768,2.660000609466806e-05,0.0001381999973091,6.370000483002514e-05,3.2000025385059416e-06,3.7999998312443495e-06
3,50,9.60000033956021e-06,3.629999991972e-05,8.150000212481245e-05,2.8100002964492887e-05,9.110000246437266e-05,6.440000288421288e-05,3.2000025385059416e-06,4.000001354143024e-06
3,51,9.499999578110874e-06,3.6600002204068005e-05,5.490000330610201e-05,2.559999848017469e-05,6.440000288421288e-05,6.22000006842427e-05,2.7999994927085936e-06,3.7999998312443495e-06
3,52,8.700000762473792e-06,3.51999988197349e-05,9.780000254977494e-05,2.5500004994682968e-05,0.0001065000033122,6.070000381441787e-05,2.59999796980992e-06,3.699999069795013e-06
3,53,9.000003046821803e-06,3.560000186553225e-05,7.639999967068434e-05,2.5300003471784294e-05,8.540000271750614e-05,6.090000533731654e-05,2.7000060072168708e-06,3.900000592693687e-06
3,54,8.899995009414852e-06,6.55999974696897e-05,7.9699995694682e-05,3.270000161137432e-05,8.859999070409685e-05,9.829999908106402e-05,1.09999964479357e-05,6.000002031214535e-06
3,55,1.1000003723893316e-05,3.9200000173877925e-05,0.000113499998406,3.0499999411404133e-05,0.0001245000021299,6.969999958528206e-05,3.7999998312443495e-06,4.29999636253342e-06
3,56,1.0200004908256233e-05,3.740000101970509e-05,0.0001064000025507,2.7900001441594213e-05,0.000116600007459,6.53000024612993e-05,3.1999952625483274e-06,4.2000028770416975e-06
3,57,9.499999578110874e-06,3.699999797390774e-05,8.24999951873906e-05,2.769999991869554e-05,9.199999476550148e-05,6.469999789260328e-05,3.000001015607268e-06,3.900000592693687e-06
3,58,9.700001101009548e-06,3.639999340521172e-05,5.679999594576657e-05,5.20999965374358e-05,6.649999704677612e-05,8.849998994264752e-05,2.7999994927085936e-06,3.699999069795013e-06
3,59,9.399998816661537e-06,3.640000068116933e-05,5.119999696034938e-05,5.200000305194408e-05,6.059999577701092e-05,8.840000373311341e-05,2.6999987312592566e-06,3.900000592693687e-06
3,60,1.000000338535756e-05,3.579999611247331e-05,2.6699999580159783e-05,4.990000161342323e-05,3.670000296551734e-05,8.569999772589654e-05,2.5000044843181968e-06,3.5999983083456755e-06
3,61,8.799994247965515e-06,3.640000068116933e-05,5.380000220611692e-05,2.5800000003073364e-05,6.259999645408243e-05,6.22000006842427e-05,3.4999975468963385e-06,3.7999998312443495e-06
3,62,8.700000762473792e-06,3.54999938281253e-05,5.210000381339341e-05,2.59000007645227e-05,6.0800004575867206e-05,6.1399994592648e-05,2.7000060072168708e-06,3.900000592693687e-06
3,63,8.499999239575118e-06,3.530000685714185e-05,7.299999560927972e-05,2.7999994927085936e-05,8.149999484885484e-05,6.330000178422779e-05,2.7999994927085936e-06,3.7999998312443495e-06
3,64,9.200004569720475e-06,3.60000049113296e-05,7.800000457791612e-05,2.559999848017469e-05,8.720000914763659e-05,6.160000339150429e-05,2.6999987312592566e-06,3.7999998312443495e-06
3,65,8.700000762473792e-06,3.529999958118424e-05,9.980000322684646e-05,2.549999771872536e-05,0.0001085000039893,6.079999729990959e-05,2.6000052457675338e-06,3.699999069795013e-06
3,66,8.499999239575118e-06,3.4900003811344504e-05,9.999999747378752e-05,2.920000406447798e-05,0.0001084999967133,6.410000787582248e-05,2.7999994927085936e-06,3.699999069795013e-06
3,67,1.0799994925037026e-05,3.5899996873922646e-05,5.5800002883188426e-05,2.6100002287421376e-05,6.659999780822545e-05,6.199999916134402e-05,2.6999987312592566e-06,3.7999998312443495e-06
3,68,9.000003046821803e-06,3.5400000342633575e-05,5.450000026030466e-05,2.510000194888562e-05,6.350000330712646e-05,6.05000022915192e-05,2.6000052457675338e-06,3.5999983083456755e-06
3,69,8.499999239575118e-06,3.460000152699649e-05,7.539999933214858e-05,2.5800000003073364e-05,8.38999985717237e-05,6.040000153006986e-05,2.59999796980992e-06,3.399996785447001e-06
3,70,8.39999847812578e-06,3.470000228844583e-05,9.890000364976004e-05,4.749999789055437e-05,0.0001073000021278,8.22000001790002e-05,2.7999994927085936e-06,3.7999998312443495e-06
3,71,9.699993825051934e-06,4.230000195093453e-05,0.0001010999985737,5.509999755304307e-05,0.0001107999923988,9.73999995039776e-05,3.000001015607268e-06,3.7999998312443495e-06
3,72,1.0100004146806896e-05,3.6900004488416016e-05,5.459999374579638e-05,2.59000007645227e-05,6.469999789260328e-05,6.280000525293872e-05,2.59999796980992e-06,3.7999998312443495e-06
3,73,8.999995770864189e-06,3.629999991972e-05,5.229999806033448e-05,7.419999747071415e-05,6.129999383119866e-05,0.0001104999973904,2.7999994927085936e-06,3.5999983083456755e-06
3,74,9.199997293762864e-06,3.809999907389283e-05,5.380000220611692e-05,2.5199995434377342e-05,6.299999949987978e-05,6.329999450827017e-05,2.6999987312592566e-06,3.7999998312443495e-06
3,75,8.799994247965515e-06,3.500000457279384e-05,2.620000304887072e-05,5.1399998483248055e-05,3.499999729683623e-05,8.64000030560419e-05,2.5000044843181968e-06,3.5999983083456755e-06
3,76,8.999995770864189e-06,3.779999678954482e-05,7.970000297063962e-05,2.59000007645227e-05,8.86999987415038e-05,6.369999755406752e-05,2.7999994927085936e-06,3.699999069795013e-06
3,77,8.700000762473792e-06,3.5400000342633575e-05,9.839999984251337e-05,2.630000381032005e-05,0.0001071000006049,6.170000415295362e-05,2.90000025415793e-06,3.7999998312443495e-06
3,78,8.700000762473792e-06,3.409999771974981e-05,8.939999679569155e-05,2.59000007645227e-05,9.809999755816534e-05,5.999999848427251e-05,3.2000025385059416e-06,3.899993316736072e-06
3,79,8.700000762473792e-06,0.0003443000023253,8.940000407164916e-05,2.6900001103058457e-05,9.810000483412296e-05,0.0003712000034283,4.3000036384910345e-06,4.1000021155923605e-06
3,80,9.2999980552122e-06,3.5700002626981586e-05,7.860000187065452e-05,2.59000007645227e-05,8.789999992586672e-05,6.160000339150429e-05,2.6999987312592566e-06,3.700006345752626e-06
3,81,9.2999980552122e-06,3.619999915827066e-05,0.0001209000038215,2.5399996957276016e-05,0.0001302000018768,6.159999611554667e-05,3.1999952625483274e-06,3.7999998312443495e-06
3,82,8.700000762473792e-06,3.460000152699649e-05,7.469999400200322e-05,2.510000194888562e-05,8.339999476447701e-05,5.970000347588211e-05,2.4999972083605826e-06,3.5999983083456755e-06
3,83,8.600000001024455e-06,3.450000076554716e-05,9.399999544257298e-05,2.430000313324853e-05,0.0001025999954435,5.8800003898795694e-05,2.4999972083605826e-06,3.700006345752626e-06
3,84,8.299997716676444e-06,3.429999924264848e-05,7.090000144671649e-05,2.4400003894697875e-05,7.919999916339293e-05,5.870000313734636e-05,2.5000044843181968e-06,3.5999983083456755e-06
3,85,8.600000001024455e-06,3.4000004234258085e-05,7.190000178525224e-05,4.650000482797623e-05,8.05000017862767e-05,8.050000906223431e-05,2.6000052457675338e-06,3.4999975468963385e-06
3,86,8.499999239575118e-06,3.410000499570742e-05,7.20999960321933e-05,2.559999848017469e-05,8.059999527176842e-05,5.970000347588211e-05,2.4999972083605826e-06,3.400004061404616e-06
3,87,8.299997716676444e-06,3.470000228844583e-05,7.159999950090423e-05,2.469999890308827e-05,7.989999721758068e-05,5.94000011915341e-05,2.4999972083605826e-06,3.5999983083456755e-06
3,88,8.200004231184721e-06,3.479999577393755e-05,9.790000331122428e-05,4.8300003982149065e-05,0.0001061000075424,8.309999975608662e-05,2.7000060072168708e-06,3.699999069795013e-06
3,89,8.600000001024455e-06,3.420000575715676e-05,9.539999882690609e-05,4.669999907491729e-05,0.0001039999988279,8.090000483207405e-05,2.5000044843181968e-06,3.5999983083456755e-06
3,90,8.500006515532732e-06,3.429999924264848e-05,0.000161100004334,3.4199998481199145e-05,0.0001696000108495,6.849999772384763e-05,1.0399999155197293e-05,5.800000508315861e-06
3,91,1.1399999493733048e-05,3.889999788952992e-05,0.0001349000012851,2.809999568853528e-05,0.0001463000007788,6.699999357806519e-05,3.400004061404616e-06,4.199995601084083e-06
3,92,9.60000033956021e-06,3.699999797390774e-05,5.570000212173909e-05,2.699999458855018e-05,6.53000024612993e-05,6.399999256245792e-05,2.7999994927085936e-06,3.899993316736072e-06
3,93,9.10000380827114e-06,3.529999958118424e-05,5.220000457484275e-05,2.8100002964492887e-05,6.130000838311389e-05,6.340000254567713e-05,2.7999994927085936e-06,3.7999998312443495e-06
3,94,9.10000380827114e-06,3.479999577393755e-05,6.610000127693638e-05,2.6100002287421376e-05,7.520000508520752e-05,6.089999806135893e-05,3.1000017770566046e-06,3.900000592693687e-06
3,95,8.800001523923129e-06,3.409999771974981e-05,5.020000389777124e-05,2.44999973801896e-05,5.900000542169437e-05,5.8599995099939406e-05,2.6999987312592566e-06,3.699999069795013e-06
3,96,8.600000001024455e-06,3.429999924264848e-05,7.729999924777076e-05,2.559999848017469e-05,8.589999924879521e-05,5.989999772282317e-05,2.5000044843181968e-06,3.6000055843032897e-06
3,97,8.700000762473792e-06,3.470000228844583e-05,0.0001074000028893,2.649999805726111e-05,0.0001161000036518,6.120000034570694e-05,2.7999994927085936e-06,3.7999998312443495e-06
3,98,9.300005331169814e-06,3.5400000342633575e-05,0.0001023000004352,5.500000406755135e-05,0.0001116000057663,9.040000441018492e-05,3.000001015607268e-06,3.699999069795013e-06
3,99,9.200004569720475e-06,3.750000178115442e-05,7.580000237794593e-05,2.59000007645227e-05,8.50000069476664e-05,6.340000254567713e-05,2.7000060072168708e-06,3.700006345752626e-06
3,100,8.799994247965515e-06,3.5700002626981586e-05,7.88000033935532e-05,2.7900001441594213e-05,8.759999764151871e-05,6.36000040685758e-05,2.90000025415793e-06,3.900000592693687e-06
4,1,1.3299999409355223e-05,6.349999603116885e-05,0.000261600005615,7.579999510198832e-05,0.0002749000050243,0.0001392999911331,4.3000036384910345e-06,4.900000931229442e-06
4,2,1.2899996363557875e-05,6.240000220714137e-05,0.0001380999965476,3.5899996873922646e-05,0.0001509999929112,9.829999908106402e-05,3.2999960239976645e-06,4.900000931229442e-06
4,3,1.2099997547920792e-05,5.979999696137384e-05,9.790000331122428e-05,3.640000068116933e-05,0.0001100000008591,9.619999764254315e-05,2.90000025415793e-06,4.800000169780105e-06
4,4,1.1199997970834374e-05,5.989999772282317e-05,0.0002189000006183,3.6799996451009065e-05,0.0002300999985891,9.669999417383224e-05,3.1999952625483274e-06,4.900000931229442e-06
4,5,1.5400000847876072e-05,6.549999670824036e-05,0.0002019000021391,6.929999653948471e-05,0.000217300002987,0.0001347999932477,6.200003554113209e-06,5.299996701069176e-06
4,6,1.219999830937013e-05,5.970000347588211e-05,0.00018049999926,4.320000152802095e-05,0.0001926999975694,0.0001029000050039,1.0900002962443978e-05,6.900001608300954e-06
4,7,1.4700002793688329e-05,6.540000322274864e-05,0.000216200001887,3.890000516548753e-05,0.0002309000046807,0.0001043000083882,4.1000021155923605e-06,5.30000397702679e-06
4,8,1.3000004400964826e-05,6.25000029685907e-05,0.0014344000010169,8.260000322479755e-05,0.0014474000054178,0.0001451000061933,1.0600000678095968e-05,6.50000583846122e-06
4,9,1.4199998986441642e-05,6.379999831551686e-05,0.0001749000002746,6.859999848529696e-05,0.000189099999261,0.0001323999968008,3.6000055843032897e-06,4.900000931229442e-06
4,10,1.2700002116616815e-05,6.209999992279336e-05,0.0001994999984162,6.659999780822545e-05,0.0002122000005329,0.000128699997731,3.2999960239976645e-06,4.900000931229442e-06
4,11,1.2600001355167478e-05,6.070000381441787e-05,0.0001077999986591,7.040000491542742e-05,0.0001204000000143,0.0001311000087298,3.399996785447001e-06,5.200003215577453e-06
4,12,1.170000177808106e-05,5.909999890718609e-05,0.000161099997058,9.529999806545676e-05,0.0001727999988361,0.0001543999969726,3.000001015607268e-06,4.599998646881431e-06
4,13,1.2399999832268804e-05,6.019999273121357e-05,0.0001285999969695,3.5400000342633575e-05,0.0001409999968018,9.559999307384714e-05,2.8999929782003164e-06,4.699999408330768e-06
4,14,1.1999996786471456e-05,6.10999995842576e-05,0.0001052000006893,3.629999991972e-05,0.0001171999974758,9.73999995039776e-05,3.1000017770566046e-06,4.499997885432094e-06
4,15,1.170000177808106e-05,6.10999995842576e-05,0.0001914000022225,0.0001321000017924,0.0002031000040005,0.0001932000013766,3.1000017770566046e-06,4.800000169780105e-06
4,16,1.2299999070819467e-05,6.010000652167946e-05,0.000190399994608,3.5700002626981586e-05,0.0002026999936788,9.580000914866103e-05,3.2000025385059416e-06,4.800000169780105e-06
4,17,1.26999948406592e-05,5.999999848427251e-05,0.0001890000057755,3.5700002626981586e-05,0.0002017000006162,9.57000011112541e-05,3.000001015607268e-06,4.599998646881431e-06
4,18,1.189999602502212e-05,5.909999890718609e-05,0.0001028999977279,3.51999988197349e-05,0.0001147999937529,9.4299997726921e-05,3.000001015607268e-06,4.5000051613897085e-06
4,19,1.1600001016631722e-05,6.140000186860561e-05,0.0002229000019724,6.730000313837081e-05,0.000234500002989,0.0001287000050069,3.1000017770566046e-06,4.800000169780105e-06
4,20,1.250000059371814e-05,5.939999391557649e-05,0.0001972000027308,3.790000482695177e-05,0.0002097000033245,9.729999874252826e-05,3.5999983083456755e-06,4.699999408330768e-06
4,21,1.3299999409355223e-05,6.10999995842576e-05,7.539999933214858e-05,3.529999958118424e-05,8.86999987415038e-05,9.639999916544184e-05,3.400004061404616e-06,4.599998646881431e-06
4,22,1.1999996786471456e-05,6.359999679261819e-05,0.0001656000022194,6.850000499980524e-05,0.0001775999990059,0.0001321000017924,3.300003299955278e-06,4.599998646881431e-06
4,23,1.2399999832268804e-05,6.009999924572185e-05,0.0001562999968882,3.5400000342633575e-05,0.0001686999967205,9.549999958835542e-05,3.1000017770566046e-06,4.699999408330768e-06
4,24,1.2100004823878407e-05,6.05000022915192e-05,0.0002186999990954,3.780000406550244e-05,0.0002308000039192,9.830000635702164e-05,3.1999952625483274e-06,4.599998646881431e-06
4,25,1.1800002539530396e-05,5.999999848427251e-05,0.0001655000014579,3.5400000342633575e-05,0.0001773000039975,9.539999882690609e-05,3.0999945010989904e-06,4.499997885432094e-06
4,26,1.219999830937013e-05,6.130000110715628e-05,0.0001372000042465,6.910000229254365e-05,0.0001494000025559,0.0001304000033996,3.000001015607268e-06,4.5000051613897085e-06
4,27,1.1500000255182384e-05,6.239999493118376e-05,0.0019752000007429,4.310000076657161e-05,0.001986700000998,0.0001054999956977,1.030000566970557e-05,6.70000008540228e-06
4,28,1.4099998224992303e-05,6.440000288421288e-05,0.0002359999998589,3.949999518226832e-05,0.0002500999980838,0.0001038999980664,3.5999983083456755e-06,5.399997462518513e-06
4,29,1.3399992894846946e-05,6.169999687699601e-05,0.0001040999995893,3.77000033040531e-05,0.0001174999924842,9.940000018104912e-05,3.400004061404616e-06,4.800000169780105e-06
4,30,1.2399999832268804e-05,6.189999839989468e-05,0.0001925999968079,3.730000025825575e-05,0.0002049999966402,9.919999865815043e-05,3.1000017770566046e-06,4.800000169780105e-06
4,31,1.219999830937013e-05,5.909999890718609e-05,0.0001986999996006,3.560000186553225e-05,0.00021089999791,9.470000077271834e-05,3.0999945010989904e-06,4.699999408330768e-06
4,32,1.219999830937013e-05,5.8999998145736754e-05,0.0001586999933351,6.720000237692147e-05,0.0001708999916445,0.0001262000005226,3.1999952625483274e-06,4.699999408330768e-06
4,33,1.189999602502212e-05,5.999999848427251e-05,9.940000018104912e-05,3.5099998058285564e-05,0.000111299996206,9.509999654255807e-05,2.7999994927085936e-06,4.699999408330768e-06
4,34,1.2299999070819467e-05,6.170000415295362e-05,0.0001396999941789,7.139999797800556e-05,0.0001519999932497,0.0001331000021309,5.200003215577453e-06,5.199995939619839e-06
4,35,1.1900003300979732e-05,5.149999924469739e-05,0.0001342999967164,6.769999890821055e-05,0.0001462000000174,0.0001191999981529,3.1000017770566046e-06,4.800000169780105e-06
4,36,1.1600001016631722e-05,6.0200000007171184e-05,0.0001712999946903,6.44999963697046e-05,0.0001828999957069,0.0001246999963768,3.2999960239976645e-06,4.599998646881431e-06
4,37,1.2299999070819467e-05,6.060000305296853e-05,0.0001276000039069,6.44999963697046e-05,0.0001399000029778,0.0001250999994226,2.90000025415793e-06,4.699999408330768e-06
4,38,1.1600001016631722e-05,6.199999916134402e-05,7.270000060088933e-05,3.510000533424318e-05,8.430000161752105e-05,9.71000044955872e-05,3.000001015607268e-06,4.599998646881431e-06
4,39,1.1299998732283711e-05,5.8999998145736754e-05,0.0002056000012089,0.0001019999981508,0.0002168999999412,0.0001609999962965,3.300003299955278e-06,4.800000169780105e-06
4,40,1.250000059371814e-05,6.180000491440296e-05,0.0002300999985891,3.789999755099416e-05,0.0002425999991828,9.970000246539712e-05,3.2000025385059416e-06,4.699999408330768e-06
4,41,1.2600001355167478e-05,6.120000034570694e-05,0.0002258000022266,3.610000567277893e-05,0.0002384000035817,9.730000601848587e-05,4.000001354143024e-06,4.800000169780105e-06
4,42,1.3199998647905886e-05,6.0699996538460255e-05,0.0001899000053526,3.730000025825575e-05,0.0002031000040005,9.7999996796716e-05,3.000001015607268e-06,4.699999408330768e-06
4,43,1.2399999832268804e-05,6.130000110715628e-05,0.0002258000022266,9.940000018104912e-05,0.0002382000020588,0.0001607000012882,3.2000025385059416e-06,4.800000169780105e-06
4,44,1.219999830937013e-05,6.169999687699601e-05,0.0001287999984924,6.450000364566222e-05,0.0001409999968018,0.0001262000005226,2.7999994927085936e-06,4.599998646881431e-06
4,45,1.2099997547920792e-05,6.0999998822808266e-05,0.0001936999979079,3.479999577393755e-05,0.0002057999954558,9.579999459674582e-05,3.2000025385059416e-06,4.599998646881431e-06
4,46,1.2099997547920792e-05,5.779999628430232e-05,0.0099068999988958,4.549999721348286e-05,0.0099189999964437,0.0001032999934977,1.290000363951549e-05,6.900001608300954e-06
4,47,1.479999627918005e-05,6.399999983841553e-05,0.0001867999962996,0.0001116999992518,0.0002015999925788,0.0001756999990902,4.29999636253342e-06,5.399997462518513e-06
4,48,1.3700002455152571e-05,7.090000144671649e-05,0.0002414999980828,7.119999645510688e-05,0.000255200000538,0.0001420999979018,4.1000021155923605e-06,4.999994416721165e-06
4,49,1.340000017080456e-05,6.170000415295362e-05,0.0002060000042547,3.819999983534217e-05,0.0002194000044255,9.99000039882958e-05,3.400004061404616e-06,4.699999408330768e-06
4,50,1.250000059371814e-05,6.0999998822808266e-05,0.0001933000021381,6.690000009257346e-05,0.0002058000027318,0.0001278999989153,3.1000017770566046e-06,4.800000169780105e-06
4,51,1.1199997970834374e-05,6.0200000007171184e-05,0.0001295000038226,3.4699995012488216e-05,0.0001407000017934,9.48999950196594e-05,3.1000017770566046e-06,4.999994416721165e-06
4,52,1.1699994502123444e-05,5.850000161444768e-05,0.0001611999978194,6.710000161547214e-05,0.0001728999923216,0.0001256000032299,3.2999960239976645e-06,4.399997123982757e-06
4,53,1.1999996786471456e-05,6.149999535409734e-05,0.0001316999987466,9.839999984251337e-05,0.000143699995533,0.0001598999951966,3.000001015607268e-06,4.900000931229442e-06
4,54,1.170000177808106e-05,6.10999995842576e-05,0.000162199998158,6.289999873843044e-05,0.0001738999999361,0.0001239999983226,3.000001015607268e-06,4.800000169780105e-06
4,55,1.1400006769690664e-05,5.989999772282317e-05,0.000100500001281,3.890000516548753e-05,0.0001119000080507,9.88000028883107e-05,4.000001354143024e-06,5.100002454128116e-06
4,56,1.200000406242907e-05,6.0200000007171184e-05,0.0001025000019581,7.229999755509198e-05,0.0001145000060205,0.0001324999975622,3.1000017770566046e-06,4.800000169780105e-06
4,57,1.1500000255182384e-05,5.950000195298344e-05,0.0001908999984152,0.0001240999990841,0.0002023999986704,0.0001836000010371,2.90000025415793e-06,4.699999408330768e-06
4,58,1.2099997547920792e-05,6.039999425411224e-05,9.960000170394778e-05,6.719999510096386e-05,0.0001116999992518,0.000127599989355,2.7999994927085936e-06,4.499997885432094e-06
4,59,1.1800002539530396e-05,5.909999890718609e-05,0.000129799998831,3.460000152699649e-05,0.0001416000013705,9.370000043418258e-05,2.7000060072168708e-06,4.700006684288383e-06
4,60,1.1500000255182384e-05,5.849999433849007e-05,0.0001282000011997,3.529999958118424e-05,0.0001397000014549,9.379999391967432e-05,2.90000025415793e-06,4.700006684288383e-06
4,61,1.1800002539530396e-05,5.8800003898795694e-05,0.000100500001281,6.819999543949962e-05,0.0001123000038205,0.0001269999993382,3.699999069795013e-06,4.900000931229442e-06
4,62,1.1800002539530396e-05,5.950000195298344e-05,0.0001336000059382,3.529999958118424e-05,0.0001454000084777,9.480000153416768e-05,3.2000025385059416e-06,4.499997885432094e-06
4,63,1.189999602502212e-05,5.879999662283808e-05,0.0001580999960424,6.650000432273373e-05,0.0001699999920674,0.0001253000009455,2.90000025415793e-06,4.599998646881431e-06
4,64,1.1600001016631722e-05,5.9300000430084765e-05,0.00018490000366,3.590000414988026e-05,0.0001965000046766,9.520000457996504e-05,2.7999994927085936e-06,4.599998646881431e-06
4,65,1.1600001016631722e-05,5.879999662283808e-05,0.0001655000014579,6.759999814676121e-05,0.0001771000024746,0.0001263999947695,2.90000025415793e-06,4.599998646881431e-06
4,66,1.1800002539530396e-05,5.999999848427251e-05,0.0001616000008652,3.450000076554716e-05,0.0001734000034048,9.449999924981968e-05,2.90000025415793e-06,4.399997123982757e-06
4,67,1.170000177808106e-05,5.94000011915341e-05,0.000129799998831,3.609999839682132e-05,0.000141500000609,9.549999958835542e-05,3.5000048228539526e-06,4.699999408330768e-06
4,68,1.1199997970834374e-05,5.8400000852998346e-05,0.0002179000002797,3.5400000342633575e-05,0.0002290999982506,9.380000119563192e-05,2.7999994927085936e-06,4.699999408330768e-06
4,69,1.1199997970834374e-05,5.869999586138874e-05,0.0002277999956277,3.6900004488416016e-05,0.0002389999935985,9.560000034980476e-05,3.000001015607268e-06,4.399997123982757e-06
4,70,1.1900003300979732e-05,5.980000423733145e-05,0.0001043999945977,3.619999915827066e-05,0.0001162999978987,9.600000339560212e-05,2.59999796980992e-06,4.3000036384910345e-06
4,71,1.1600001016631722e-05,5.8999998145736754e-05,0.0001625000004423,3.719999949680641e-05,0.000174100001459,9.619999764254315e-05,2.7999994927085936e-06,4.599998646881431e-06
4,72,1.1900003300979732e-05,6.000000576023013e-05,0.0001575000060256,6.719999510096386e-05,0.0001694000093266,0.0001272000008611,2.6999987312592566e-06,4.399997123982757e-06
4,73,1.5599995094817132e-05,5.959999543847516e-05,0.0001868999970611,6.579999899258837e-05,0.0002024999921559,0.000125399994431,3.0999945010989904e-06,4.699999408330768e-06
4,74,1.219999830937013e-05,6.05000022915192e-05,0.0002734000008786,3.719999949680641e-05,0.0002855999991879,9.77000017883256e-05,3.000001015607268e-06,4.699999408330768e-06
4,75,1.1599993740674108e-05,5.129999772179872e-05,0.0001942000017152,6.920000305399299e-05,0.0002057999954558,0.0001205000007757,3.1000017770566046e-06,4.699999408330768e-06
4,76,1.2100004823878407e-05,6.070000381441787e-05,0.0003839999990304,3.709999873535708e-05,0.0003961000038543,9.780000254977494e-05,3.700006345752626e-06,4.800000169780105e-06
4,77,1.2399999832268804e-05,5.919999966863543e-05,0.0002023999986704,0.0001025000019581,0.0002147999985027,0.0001617000016267,3.300003299955278e-06,4.800000169780105e-06
4,78,1.1600001016631722e-05,6.170000415295362e-05,0.0001354000050923,3.5400000342633575e-05,0.000147000006109,9.71000044955872e-05,2.90000025415793e-06,4.499997885432094e-06
4,79,1.189999602502212e-05,9.190000128000976e-05,0.0001085999974748,3.580000338843092e-05,0.0001204999934998,0.0001277000046684,4.399997123982757e-06,5.200003215577453e-06
4,80,1.1299998732283711e-05,5.8999998145736754e-05,0.0001843999998527,3.599999763537198e-05,0.000195699998585,9.499999578110874e-05,3.000001015607268e-06,4.699999408330768e-06
4,81,1.2399999832268804e-05,6.030000076862052e-05,0.0001312999957008,3.450000076554716e-05,0.000143699995533,9.480000153416768e-05,3.699999069795013e-06,4.6000059228390455e-06
4,82,1.1500000255182384e-05,5.909999890718609e-05,0.0002218000008724,6.779999966965988e-05,0.0002333000011276,0.0001268999985768,3.000001015607268e-06,4.499997885432094e-06
4,83,1.1600001016631722e-05,5.94000011915341e-05,0.0001917999979923,6.659999780822545e-05,0.0002033999990089,0.0001259999989997,3.000001015607268e-06,4.399997123982757e-06
4,84,1.200000406242907e-05,5.979999696137384e-05,9.77000017883256e-05,6.480000593001023e-05,0.0001097000058507,0.0001246000028913,2.7999994927085936e-06,4.499997885432094e-06
4,85,1.1199997970834374e-05,5.819999933009967e-05,0.0001850999979069,3.429999924264848e-05,0.0001962999958777,9.249999857274815e-05,2.7999994927085936e-06,4.5000051613897085e-06
4,86,1.1399999493733048e-05,5.860000237589702e-05,0.0001794999989215,3.930000093532726e-05,0.0001908999984152,9.790000331122428e-05,3.1000017770566046e-06,4.499997885432094e-06
4,87,1.1399999493733048e-05,5.860000237589702e-05,0.0002138999989256,6.710000161547214e-05,0.0002252999984193,0.0001257000039913,2.90000025415793e-06,4.699999408330768e-06
4,88,1.1500000255182384e-05,5.989999772282317e-05,0.0001865000012912,9.800000407267362e-05,0.0001980000015464,0.0001579000017954,2.90000025415793e-06,4.599998646881431e-06
4,89,1.200000406242907e-05,6.030000076862052e-05,0.0002208000005339,3.730000025825575e-05,0.0002328000045963,9.760000102687628e-05,2.90000025415793e-06,4.599998646881431e-06
4,90,1.1299998732283711e-05,5.96999961999245e-05,9.660000068834051e-05,3.51999988197349e-05,0.0001078999994206,9.48999950196594e-05,2.7999994927085936e-06,4.399997123982757e-06
4,91,1.1500000255182384e-05,5.090000195195898e-05,0.0001539000004413,3.550000110408291e-05,0.0001654000006965,8.64000030560419e-05,2.6999987312592566e-06,4.699999408330768e-06
4,92,1.5400000847876072e-05,5.819999933009967e-05,0.000127400002384,6.490000669145957e-05,0.0001428000032319,0.0001231000060215,2.7999994927085936e-06,4.599998646881431e-06
4,93,1.1200005246791989e-05,5.870000313734636e-05,9.679999493528156e-05,9.310000314144418e-05,0.000108000000182,0.0001518000062787,2.6000052457675338e-06,4.499997885432094e-06
4,94,1.1600001016631722e-05,5.9100006183143705e-05,9.979999595088884e-05,3.529999958118424e-05,0.0001113999969675,9.440000576432794e-05,2.6999987312592566e-06,4.499997885432094e-06
4,95,1.1000003723893316e-05,5.850000161444768e-05,9.77000017883256e-05,9.270000009564684e-05,0.0001087000055122,0.00015120000171,2.7999994927085936e-06,4.5000051613897085e-06
4,96,1.1499992979224771e-05,6.009999924572185e-05,0.0001622999989194,0.0001253000009455,0.0001737999918987,0.0001854000001912,2.7999994927085936e-06,4.400004399940372e-06
4,97,1.170000177808106e-05,0.0003696999992826,0.0002387999993516,7.6299998909235e-05,0.0002505000011296,0.0004459999981918,1.080000220099464e-05,6.800000846851617e-06
4,98,1.4199998986441642e-05,6.369999755406752e-05,0.000197900000785,7.12000037310645e-05,0.0002120999997714,0.0001349000012851,4.199995601084083e-06,5.199995939619839e-06
4,99,1.3500000932253895e-05,6.249999569263309e-05,0.0001074000028893,3.629999991972e-05,0.0001209000038215,9.879999561235309e-05,3.2000025385059416e-06,5.100002454128116e-06
4,100,1.200000406242907e-05,5.999999848427251e-05,0.0001025000019581,3.459999425103888e-05,0.0001145000060205,9.45999927353114e-05,2.999993739649653e-06,4.599998646881431e-06
5,1,1.630000042496249e-05,9.649999992689118e-05,0.0003187999973306,4.919999628327787e-05,0.0003350999977556,0.0001456999962101,5.30000397702679e-06,6.900001608300954e-06
5,2,1.599999814061448e-05,9.57000011112541e-05,0.0003312999979243,0.0001008999970508,0.0003472999960649,0.0001965999981621,4.5000051613897085e-06,6.100002792663872e-06
5,3,1.479999627918005e-05,9.14999982342124e-05,0.0003294999987701,0.0002034999997704,0.0003442999950493,0.0002949999980046,3.699999069795013e-06,5.599998985417187e-06
5,4,1.6199999663513154e-05,9.520000457996504e-05,0.0002942999999504,0.0001641999988351,0.0003104999996139,0.000259400003415,3.700006345752626e-06,5.800000508315861e-06
5,5,1.6099998902063817e-05,9.62999984039925e-05,0.0002956000025733,0.0001284999962081,0.0003117000014754,0.0002247999946121,3.7999998312443495e-06,5.699999746866524e-06
5,6,1.5700003132224083e-05,9.51999973040074e-05,0.0003646999975899,8.710000111022964e-05,0.0003804000007221,0.0001822999984142,3.400004061404616e-06,5.799993232358247e-06
5,7,1.9999999494757503e-05,9.510000381851567e-05,0.0003725999995367,8.859999798005447e-05,0.0003925999990315,0.0001837000017985,3.5999983083456755e-06,6.099995516706258e-06
5,8,1.5199999324977398e-05,9.239999781129882e-05,0.0002561000001151,9.420000424142928e-05,0.00027129999944,0.0001866000020527,3.7999998312443495e-06,6.100002792663872e-06
5,9,1.6999998479150236e-05,9.760000102687628e-05,0.000663999999233,9.100000170292331e-05,0.0006809999977122,0.0001886000027297,4.5000051613897085e-06,6.400005077011883e-06
5,10,1.6500001947861165e-05,9.520000457996504e-05,0.0003256999989389,0.0001727999988361,0.0003422000008868,0.000268000003416,1.840000186348334e-05,8.000002708286047e-06
5,11,2.099999983329326e-05,0.0001086999982362,0.0003210999930161,0.0001467999973101,0.0003420999928493,0.0002554999955464,1.0799994925037026e-05,7.800001185387373e-06
5,12,1.8300001102034003e-05,0.0001641999988351,0.000314699995215,9.68000022112392e-05,0.000332999996317,0.0002610000010463,1.1199997970834374e-05,8.000002708286047e-06
5,13,1.7600003047846258e-05,9.88000028883107e-05,0.0003915999986929,5.03999981447123e-05,0.0004092000017408,0.000149200001033,4.29999636253342e-06,6.499998562503606e-06
5,14,1.6099998902063817e-05,9.580000187270345e-05,0.0003486999994493,5.100000271340832e-05,0.0003647999983513,0.0001468000045861,4.2000028770416975e-06,5.900001269765198e-06
5,15,1.630000042496249e-05,9.630000567995012e-05,0.0003304000056232,0.0001324999975622,0.0003467000060481,0.0002288000032422,3.5999983083456755e-06,6.100002792663872e-06
5,16,1.6599995433352888e-05,9.820000559557228e-05,0.0003266999992774,0.0001265999962924,0.0003432999947108,0.000224800001888,3.4999975468963385e-06,6.100002792663872e-06
5,17,1.5199999324977398e-05,9.439999848837032e-05,0.0003034000037587,4.8800000513438135e-05,0.0003186000030837,0.0001431999990018,3.5999983083456755e-06,6.099995516706258e-06
5,18,1.5600002370774746e-05,9.539999882690609e-05,0.0004534000036073,8.699999307282269e-05,0.0004690000059781,0.0001823999918997,3.400004061404616e-06,5.999994755256921e-06
5,19,1.5599995094817132e-05,9.150000551017e-05,0.0003801999991992,0.000163299999258,0.000395799994294,0.0002548000047681,3.699999069795013e-06,5.900001269765198e-06
5,20,1.5499994333367795e-05,0.0001004000005195,0.0006042000022716,8.710000111022964e-05,0.000619699996605,0.0001875000016298,4.800000169780105e-06,6.499998562503606e-06
5,21,1.649999467190355e-05,9.670000144978984e-05,0.0002689000029931,8.840000373311341e-05,0.000285399997665,0.0001851000051829,4.699999408330768e-06,6.399997801054269e-06
5,22,1.509999856352806e-05,9.580000187270345e-05,0.0002505000011296,0.0001315000044996,0.0002655999996932,0.0002273000063723,3.900000592693687e-06,6.000002031214535e-06
5,23,1.5400000847876072e-05,9.419999696547166e-05,0.0002524000010453,0.0001226999956998,0.0002678000018931,0.0002168999926652,3.300003299955278e-06,5.699999746866524e-06
5,24,1.4900004316587e-05,9.31999966269359e-05,0.0002502999996067,0.000167500002135,0.0002652000039233,0.0002606999987619,3.399996785447001e-06,5.800000508315861e-06
5,25,1.4699995517730711e-05,9.500000305706636e-05,0.000296199999866,0.0001670999990892,0.0003108999953838,0.0002621000021463,3.400004061404616e-06,5.699999746866524e-06
5,26,1.5700003132224083e-05,9.590000263415276e-05,0.0003234999967389,0.000127599996631,0.0003391999998711,0.0002234999992651,3.300003299955278e-06,5.699999746866524e-06
5,27,1.5600002370774746e-05,9.40000027185306e-05,0.000375299998268,8.489999891025946e-05,0.0003909000006387,0.0001789000016287,3.400004061404616e-06,5.600006261374801e-06
5,28,1.5599995094817132e-05,9.03999971342273e-05,0.0004122999962419,8.86999987415038e-05,0.0004278999913367,0.0001790999958757,3.4999975468963385e-06,5.900001269765198e-06
5,29,1.509999856352806e-05,9.410000347997992e-05,0.0002573000019765,0.0001292000015382,0.00027240000054,0.0002233000050182,3.400004061404616e-06,5.699999746866524e-06
5,30,1.5300000086426735e-05,9.600000339560212e-05,0.0004174999994575,0.0003217999983462,0.0004327999995439,0.0004178000017418,4.3000036384910345e-06,6.599999323952943e-06
5,31,1.610000617802143e-05,0.0001011999993352,0.0001768000001902,0.0002232000042567,0.0001929000063682,0.000324400003592,1.3600001693703234e-05,1.0299998393747956e-05
5,32,2.2300002456177023e-05,0.0001240999990841,0.0003480000013951,0.0001594999994267,0.0003703000038512,0.0002835999985109,4.3000036384910345e-06,6.300004315562546e-06
5,33,1.7400001524947584e-05,9.73999995039776e-05,0.0002595000041765,0.0001926999975694,0.0002769000057014,0.0002900999970734,1.1199997970834374e-05,7.999995432328433e-06
5,34,1.989999873330817e-05,0.0001054999956977,0.0004074000025866,5.090000195195898e-05,0.0004273000013199,0.0001563999976497,4.400004399940372e-06,6.200003554113209e-06
5,35,1.68999977177009e-05,9.719999798107892e-05,0.0002988000051118,0.0001386000003549,0.0003157000028295,0.000235799998336,3.7999998312443495e-06,5.999994755256921e-06
5,36,1.6199999663513154e-05,0.0001032000000122,0.0003794000003836,4.8300003982149065e-05,0.0003956000000471,0.0001515000039944,3.900000592693687e-06,5.800000508315861e-06
5,37,1.6500001947861165e-05,9.660000068834051e-05,0.0002959999983431,8.840000373311341e-05,0.000312500000291,0.0001850000044214,3.399996785447001e-06,5.999994755256921e-06
5,38,1.5399993571918458e-05,9.670000144978984e-05,0.0002115000024787,9.14999982342124e-05,0.0002268999960506,0.000188199999684,3.2000025385059416e-06,5.699999746866524e-06
5,39,1.5300000086426735e-05,9.380000119563192e-05,0.0003656999979284,4.859999899053946e-05,0.0003809999980148,0.0001424000001861,3.7999998312443495e-06,5.900001269765198e-06
5,40,1.5199999324977398e-05,9.500000305706636e-05,0.0002095000018016,8.97999998414889e-05,0.0002247000011266,0.0001848000028985,3.2999960239976645e-06,5.699999746866524e-06
5,41,1.5899997379165143e-05,9.620000491850078e-05,0.0003806999957305,8.819999493425712e-05,0.0003965999931097,0.0001843999998527,4.5000051613897085e-06,6.200003554113209e-06
5,42,1.5899997379165143e-05,9.440000576432794e-05,0.0002903999993577,8.879999950295314e-05,0.0003062999967369,0.0001832000052672,3.7999998312443495e-06,5.900001269765198e-06
5,43,1.5700003132224083e-05,9.359999967273323e-05,0.0004965999978594,5.0000002374872565e-05,0.0005123000009916,0.0001436000020476,4.800000169780105e-06,5.999994755256921e-06
5,44,1.6200006939470768e-05,9.720000525703654e-05,0.0003278000003774,4.790000093635172e-05,0.0003440000073169,0.0001451000061933,3.4999975468963385e-06,6.199996278155595e-06
5,45,1.599999814061448e-05,9.300000237999484e-05,0.0004247999968356,4.820000322069973e-05,0.0004407999949762,0.0001412000056006,3.5999983083456755e-06,5.999994755256921e-06
5,46,1.599999814061448e-05,9.619999764254315e-05,0.0002978000047733,8.779999916441739e-05,0.0003138000029139,0.0001839999968069,3.300003299955278e-06,6.000002031214535e-06
5,47,1.4699995517730711e-05,9.529999806545676e-05,0.0003219000063836,8.350000280188397e-05,0.0003366000019013,0.0001788000008673,3.2000025385059416e-06,5.900001269765198e-06
5,48,1.5400000847876072e-05,9.560000034980476e-05,0.0002947000029962,0.0001760000013746,0.0003101000038441,0.0002716000017244,3.4999975468963385e-06,5.999994755256921e-06
5,49,1.569999585626647e-05,9.4900002295617e-05,0.0002883999986806,4.7299996367655694e-05,0.0003040999945369,0.0001421999986632,3.300003299955278e-06,5.800000508315861e-06
5,50,1.509999856352806e-05,9.449999924981968e-05,0.0002544000017223,4.780000017490238e-05,0.0002695000002859,0.0001422999994247,3.2000025385059416e-06,5.49999822396785e-06
5,51,1.5600002370774746e-05,9.62999984039925e-05,0.000328800000716,0.0001313999964622,0.0003444000030867,0.0002276999948662,3.699999069795013e-06,5.800000508315861e-06
5,52,1.6000005416572094e-05,9.419999696547166e-05,0.0003387999968254,4.780000017490238e-05,0.0003548000022419,0.0001419999971403,3.1999952625483274e-06,5.800000508315861e-06
5,53,1.5499994333367795e-05,9.359999967273323e-05,0.0002199000009568,8.819999493425712e-05,0.0002353999952902,0.0001817999946069,3.2000025385059416e-06,5.49999822396785e-06
5,54,1.5400000847876072e-05,9.380000119563192e-05,0.0002911999981733,8.97999998414889e-05,0.0003065999990212,0.0001836000010371,3.4999975468963385e-06,5.699999746866524e-06
5,55,1.6600002709310502e-05,9.649999992689118e-05,0.0006496999994851,5.059999966761097e-05,0.0006663000021944,0.0001470999995945,4.399997123982757e-06,6.200003554113209e-06
5,56,1.6199999663513154e-05,9.580000187270345e-05,0.0003002999947057,8.789999992586672e-05,0.0003164999943692,0.0001837000017985,3.400004061404616e-06,5.699999746866524e-06
5,57,1.5300000086426735e-05,9.510000381851567e-05,0.0003299000018159,0.0001635999942664,0.0003452000019024,0.0002586999980849,3.6000055843032897e-06,6.000002031214535e-06
5,58,1.550000160932541e-05,9.639999916544184e-05,0.0001713000019663,8.579999848734587e-05,0.0001868000035756,0.0001821999976527,3.2000025385059416e-06,5.900001269765198e-06
5,59,1.509999856352806e-05,9.4900002295617e-05,0.0002911999981733,0.0001259999989997,0.0003062999967369,0.0002209000012953,3.300003299955278e-06,5.799993232358247e-06
5,60,1.5899997379165143e-05,9.609999688109384e-05,0.0003390999991097,0.0001685000024735,0.0003549999964889,0.0002645999993546,3.699999069795013e-06,5.900001269765198e-06
5,61,1.5700003132224083e-05,9.560000034980476e-05,0.0003246000051149,9.069999941857532e-05,0.0003403000082471,0.0001862999997683,3.900000592693687e-06,5.800000508315861e-06
5,62,1.5499994333367795e-05,9.580000187270345e-05,0.0002813000028254,8.83999964571558e-05,0.0002967999971588,0.0001841999983298,3.2999960239976645e-06,5.800000508315861e-06
5,63,1.5199999324977398e-05,9.359999967273323e-05,0.0002506000018911,8.70000003487803e-05,0.0002658000012161,0.0001806000000215,3.400004061404616e-06,5.900001269765198e-06
5,64,1.5199999324977398e-05,9.480000153416768e-05,0.0001755000048433,4.949999856762588e-05,0.0001907000041683,0.0001443000001017,3.2000025385059416e-06,5.899993993807584e-06
5,65,1.4500001270789651e-05,9.480000153416768e-05,0.0002168999999412,0.0001257000039913,0.000231400001212,0.0002205000055255,3.2000025385059416e-06,1.599999814061448e-05
5,66,1.6400001186411828e-05,9.599999611964448e-05,0.0002867000002879,4.849999822909013e-05,0.0003031000014743,0.0001444999943487,3.699999069795013e-06,5.800000508315861e-06
5,67,1.5600002370774746e-05,9.29000016185455e-05,0.0003362000061315,0.0001269999993382,0.0003518000085023,0.0002199000009568,3.2999960239976645e-06,5.49999822396785e-06
5,68,1.509999856352806e-05,9.370000043418258e-05,0.0005824000036227,8.830000297166407e-05,0.0005975000021862,0.0001820000034058,4.2000028770416975e-06,6.300004315562546e-06
5,69,1.599999814061448e-05,9.57000011112541e-05,0.0003310000029159,4.7599998652003706e-05,0.0003470000010565,0.0001432999997632,3.400004061404616e-06,5.800000508315861e-06
5,70,1.509999856352806e-05,9.349999891128392e-05,0.0003569999971659,0.0001244999948539,0.0003720999957295,0.0002179999937652,3.2999960239976645e-06,5.900001269765198e-06
5,71,1.550000160932541e-05,9.539999882690609e-05,0.000283399996988,8.649999654153362e-05,0.0002988999985973,0.0001818999953684,3.300003299955278e-06,5.900001269765198e-06
5,72,1.5199999324977398e-05,9.23000043258071e-05,0.0003668999997898,5.080000119050965e-05,0.0003820999991148,0.0001431000055163,3.5999983083456755e-06,5.699999746866524e-06
5,73,1.5600002370774746e-05,0.0001008999970508,0.0001747000060277,9.000000136438757e-05,0.0001903000083984,0.0001908999984152,3.2000025385059416e-06,5.899993993807584e-06
5,74,1.5799996617715806e-05,9.390000195708126e-05,0.0003673999963211,0.0001296999980695,0.0003831999929388,0.0002236000000266,3.400004061404616e-06,5.800000508315861e-06
5,75,1.6099998902063817e-05,9.599999611964448e-05,0.0002972000002046,0.00021199999901,0.0003132999991066,0.0003079999951296,3.5999983083456755e-06,5.699999746866524e-06
5,76,1.569999585626647e-05,9.77000017883256e-05,0.0002893000055337,8.520000119460747e-05,0.0003050000013899,0.0001829000029829,3.2000025385059416e-06,5.799993232358247e-06
5,77,1.5899997379165143e-05,9.500000305706636e-05,0.0004023000001325,5.129999772179872e-05,0.0004181999975116,0.0001463000007788,3.400004061404616e-06,5.800000508315861e-06
5,78,1.6199999663513154e-05,9.310000314144418e-05,0.0002969000051962,0.0001225000014528,0.0003131000048597,0.0002156000045943,3.699999069795013e-06,5.599998985417187e-06
5,79,1.550000160932541e-05,0.0001343000039923,0.0007553000032203,6.609999400097877e-05,0.0007708000048296,0.0002003999979933,1.3199998647905886e-05,9.599993063602597e-06
5,80,2.0799998310394585e-05,0.0001063999952748,0.00030169999809,4.990000161342323e-05,0.0003224999964004,0.0001562999968882,4.099994839634746e-06,6.499998562503606e-06
5,81,1.7099999240599573e-05,8.560000424040481e-05,0.000315600002068,0.0002106000029016,0.0003327000013086,0.000296200007142,4.800000169780105e-06,6.399997801054269e-06
5,82,1.6400001186411828e-05,9.560000034980476e-05,0.0004310000003897,0.0001732999953674,0.0004474000015761,0.0002688999957172,4.599998646881431e-06,5.800000508315861e-06
5,83,1.7299993487540632e-05,9.670000144978984e-05,0.0003030000007129,0.0001397000014549,0.0003202999942004,0.0002364000029047,3.899993316736072e-06,6.099995516706258e-06
5,84,1.6699996194802225e-05,9.580000187270345e-05,0.0002963000006275,4.980000085197389e-05,0.0003129999968223,0.0001456000027246,3.4999975468963385e-06,6.099995516706258e-06
5,85,1.5199999324977398e-05,9.70999972196296e-05,0.0003045999983442,0.000129600004584,0.0003197999976691,0.0002267000018036,3.5999983083456755e-06,5.899993993807584e-06
5,86,1.509999856352806e-05,9.300000237999484e-05,0.0003697000065585,0.0001660999987507,0.000384800005122,0.0002591000011307,4.400004399940372e-06,6.100002792663872e-06
5,87,1.6400001186411828e-05,9.609999688109384e-05,0.0003284999984316,4.9899994337465614e-05,0.000344899999618,0.0001459999912185,3.5000048228539526e-06,6.100002792663872e-06
5,88,1.5200006600935012e-05,9.399999544257298e-05,0.0002988999985973,5.089999467600137e-05,0.0003141000051982,0.0001448999901185,3.5000048228539526e-06,5.900001269765198e-06
5,89,1.5199999324977398e-05,9.539999882690609e-05,0.0004179000025033,4.84000047435984e-05,0.0004331000018282,0.0001438000035705,3.4999975468963385e-06,5.699999746866524e-06
5,90,1.5700003132224083e-05,9.4900002295617e-05,0.0005375999971874,5.4600001021754e-05,0.0005533000003197,0.0001495000033173,4.499997885432094e-06,6.199996278155595e-06
5,91,1.5700003132224083e-05,0.0002500999980838,0.0003006999977515,9.339999814983456e-05,0.0003164000008837,0.0003434999962337,5.299996701069176e-06,6.399997801054269e-06
5,92,1.550000160932541e-05,9.599999611964448e-05,0.0003403000009711,0.0001296999980695,0.0003558000025805,0.0002256999941891,3.7999998312443495e-06,6.299997039604932e-06
5,93,1.5799996617715806e-05,9.539999882690609e-05,0.0003012999950442,8.97999998414889e-05,0.0003170999916619,0.0001851999986683,3.4999975468963385e-06,6.099995516706258e-06
5,94,1.550000160932541e-05,9.300000237999484e-05,0.0003269999942858,4.910000279778615e-05,0.0003424999958951,0.0001421000051777,3.399996785447001e-06,5.800000508315861e-06
5,95,1.5400000847876072e-05,9.339999814983456e-05,0.0004189000028418,0.000131799999508,0.0004343000036897,0.0002251999976579,3.699999069795013e-06,5.999994755256921e-06
5,96,1.569999585626647e-05,9.349999891128392e-05,0.0003868999992846,0.0001324000040767,0.0004025999951409,0.000225900002988,3.5999983083456755e-06,5.900001269765198e-06
5,97,1.5799996617715806e-05,9.539999882690609e-05,0.0002937999961432,9.270000009564684e-05,0.0003095999927609,0.0001880999989225,3.5999983083456755e-06,6.000002031214535e-06
5,98,1.5300000086426735e-05,9.420000424142928e-05,0.0002955000018118,0.0001256000032299,0.0003108000018983,0.0002198000074713,3.2999960239976645e-06,5.900001269765198e-06
5,99,1.4700002793688329e-05,9.349999891128392e-05,0.000388299995393,0.0001343000039923,0.0004029999981867,0.0002278000029036,4.000001354143024e-06,6.000002031214535e-06
5,100,1.5600002370774746e-05,9.359999967273323e-05,0.0005252999981166,0.0004025000016554,0.0005409000004874,0.0004961000013281,1.1199997970834374e-05,8.000002708286047e-06
6,1,2.1400002879090607e-05,0.0001446000023861,0.0004993000038666,6.539999594679102e-05,0.0005207000067457,0.0002099999983329,5.49999822396785e-06,8.600000001024455e-06
6,2,1.9800005247816443e-05,0.0001468000045861,0.0005457000006572,0.0001159000021289,0.000565500005905,0.000262700006715,4.800000169780105e-06,7.999995432328433e-06
6,3,2.010000025620684e-05,0.0001400000037392,0.0006350000039674,0.0001721000007819,0.0006551000042236,0.0003121000045211,4.5000051613897085e-06,7.599999662488699e-06
6,4,1.930000144056976e-05,0.0001371999969705,0.0005993000013404,0.0002785000033327,0.000618600002781,0.0004157000003033,4.699999408330768e-06,8.600000001024455e-06
6,5,1.939999492606148e-05,0.0001384999995934,0.0005891000037081,0.0001638000030652,0.0006084999986342,0.0003023000026587,4.199995601084083e-06,7.499998901039362e-06
6,6,1.8200000340584666e-05,0.0001408999960403,0.0004680999991251,6.299999949987978e-05,0.0004862999994657,0.0002038999955402,3.5999983083456755e-06,7.199996616691351e-06
6,7,1.879999763332308e-05,0.0001377000007778,0.0003859999997075,0.0001638999965507,0.0004047999973408,0.0003015999973285,3.900000592693687e-06,7.100003131199628e-06
6,8,1.9299994164612144e-05,0.0001370000027236,0.000803499999165,0.0001128000003518,0.0008227999933296,0.0002498000030755,4.29999636253342e-06,7.700000423938036e-06
6,9,1.949999568751081e-05,0.000139499999932,0.0005626999991363,0.0001088000062736,0.0005821999948238,0.0002483000062056,3.7999998312443495e-06,7.299997378140688e-06
6,10,1.8499995348975062e-05,0.0001430999982403,0.0006151999987196,0.0001141999964602,0.0006336999940685,0.0002572999947005,3.5999983083456755e-06,7.099995855242014e-06
6,11,1.940000220201909e-05,0.0001378000015392,0.0006950999959371,0.0001190999973914,0.0007144999981392,0.0002568999989307,4.1000021155923605e-06,7.199996616691351e-06
6,12,1.930000144056976e-05,0.0001402999987476,0.0004666000022552,0.0001561000026413,0.0004859000036958,0.0002964000013889,3.5000048228539526e-06,7.299997378140688e-06
6,13,1.8300001102034003e-05,0.0001377000007778,0.0006127000015112,0.0001085000039893,0.0006310000026132,0.0002462000047671,3.7999998312443495e-06,7.299997378140688e-06
6,14,1.879999763332308e-05,0.000135100002808,0.0005239000020083,0.0001074000028893,0.0005426999996416,0.0002425000056973,3.699999069795013e-06,7.099995855242014e-06
6,15,1.870000414783135e-05,0.000141500000609,0.0008004999981494,0.0001683000009506,0.0008192000022972,0.0003098000015597,6.099995516706258e-06,7.999995432328433e-06
6,16,1.989999873330817e-05,0.0002172000022255,0.0004253000006428,0.00011789999553,0.0004451999993762,0.0003350999977556,1.1100004485342652e-05,9.699993825051934e-06
6,17,2.099999983329326e-05,0.0001498999990872,0.000545000002603,6.750000466126949e-05,0.0005660000024363,0.0002174000037484,5.099995178170502e-06,7.800001185387373e-06
6,18,1.989999873330817e-05,0.0001425000009476,0.0005528000037884,0.0002376000047661,0.0005727000025217,0.0003801000057137,4.800000169780105e-06,7.700000423938036e-06
6,19,1.9700004486367103e-05,0.000139499999932,0.0003356000015628,0.0003225999971618,0.0003553000060492,0.0004620999970939,3.900000592693687e-06,7.599999662488699e-06
6,20,1.9099999917671084e-05,0.0001386000003549,0.0006305999995674,6.550000398419797e-05,0.0006496999994851,0.0002041000043391,4.000001354143024e-06,7.200003892648965e-06
6,21,1.9999999494757503e-05,0.0001381999973091,0.0003280000019003,6.539999594679102e-05,0.0003480000013951,0.0002035999932559,4.1000021155923605e-06,7.700000423938036e-06
6,22,1.930000144056976e-05,0.0001408999960403,0.0003568999964045,0.000261599998339,0.0003761999978451,0.0004024999943794,3.700006345752626e-06,7.399998139590025e-06
6,23,1.9099999917671084e-05,0.0001410999975632,0.0004753000030177,0.0005602999954135,0.0004944000029354,0.0007013999929768,4.800000169780105e-06,7.499998901039362e-06
6,24,1.939999492606148e-05,0.0001406000010319,0.000593700002355,0.0002112000001943,0.000613099997281,0.0003518000012263,3.900000592693687e-06,7.599999662488699e-06
6,25,1.979999797185883e-05,0.0001376000000163,0.0006572999991476,0.0001854000001912,0.0006770999971195,0.0003230000002076,1.1399999493733048e-05,9.900002623908222e-06
6,26,2.1200001356191933e-05,0.0001398999957018,0.0003241000013076,0.0001205000007757,0.0003453000026638,0.0002603999964776,4.29999636253342e-06,7.700000423938036e-06
6,27,2.030000177910552e-05,0.000140399999509,0.0004864000002271,0.0001725000038277,0.0005067000020062,0.0003129000033368,9.000003046821803e-06,8.600000001024455e-06
6,28,2.0200001017656177e-05,0.000138399998832,0.0006046000053174,0.0002272999990964,0.0006248000063351,0.0003656999979284,4.400004399940372e-06,7.399998139590025e-06
6,29,2.0200001017656177e-05,0.0001389000026392,0.0005128999982844,0.0002043999993475,0.000533099999302,0.0003433000019867,3.699999069795013e-06,7.399998139590025e-06
6,30,1.879999763332308e-05,0.0001399999964633,0.0008324000009451,0.0005410000012489,0.0008511999985785,0.0006809999977122,9.2999980552122e-06,8.800001523923129e-06
6,31,2.099999983329326e-05,0.0001435000012861,0.0005912999986321,0.0002141000004485,0.0006122999984654,0.0003576000017346,4.800000169780105e-06,7.999995432328433e-06
6,32,1.979999797185883e-05,0.000139499999932,0.0006033000026945,0.0001652000064495,0.0006231000006664,0.0003047000063816,4.5000051613897085e-06,7.599999662488699e-06
6,33,1.9599996448960155e-05,0.0001387000011163,0.0004263000009814,6.489999941550195e-05,0.0004458999974303,0.0002036000005318,4.000001354143024e-06,7.499998901039362e-06
6,34,1.8999999156221747e-05,0.0001390000034007,0.0006371999988914,0.0001652000064495,0.0006561999980476,0.0003042000098503,4.1000021155923605e-06,7.500006176996976e-06
6,35,1.960000372491777e-05,0.0001410000040777,0.0006369999973685,0.0001142999972216,0.0006566000010934,0.0002553000012994,4.1000021155923605e-06,7.100003131199628e-06
6,36,1.8999999156221747e-05,0.0001389000026392,0.0005278000026009,0.00027240000054,0.0005468000017572,0.0004113000031793,4.2000028770416975e-06,7.500006176996976e-06
6,37,2.149999636458233e-05,0.0001396000006934,0.0008287000018754,6.500000017695129e-05,0.0008501999982399,0.0002046000008704,4.499997885432094e-06,7.800001185387373e-06
6,38,1.9800005247816443e-05,0.000137300005008,0.0005870999957551,6.310000026132911e-05,0.0006069000010029,0.0002004000052693,4.1000021155923605e-06,7.300004654098302e-06
6,39,1.920000067912042e-05,0.0001371999969705,0.000427099999797,0.0002106999963871,0.0004463000004761,0.0003478999933577,3.5999983083456755e-06,7.100003131199628e-06
6,40,1.949999568751081e-05,0.0001389999961247,0.0006233000021893,0.0001150000025518,0.0006427999978768,0.0002539999986765,3.7999998312443495e-06,7.199996616691351e-06
6,41,1.940000220201909e-05,0.0001413999998476,0.0004922000007354,0.000214199993934,0.0005116000029374,0.0003555999937816,5.100002454128116e-06,7.800001185387373e-06
6,42,2.1500003640539944e-05,0.0001413999998476,0.0003251999951316,0.0001597000009496,0.0003466999987722,0.0003011000007973,3.6000055843032897e-06,7.299997378140688e-06
6,43,1.939999492606148e-05,0.0001371000034851,0.0005179999934625,0.0001153999983216,0.0005373999883886,0.0002525000018067,4.1000021155923605e-06,7.499998901039362e-06
6,44,1.809999957913533e-05,0.0001389999961247,0.0005470999967656,0.0001446000023861,0.0005651999963447,0.0002835999985109,1.1099997209385036e-05,9.499999578110874e-06
6,45,2.2100000933278352e-05,0.0001445999951101,0.0007445999945048,6.929999653948471e-05,0.0007666999954381,0.0002138999916496,5.199995939619839e-06,8.200004231184721e-06
6,46,2.039999526459724e-05,0.0001398000022163,0.0006187999970279,0.0001162999978987,0.0006391999922925,0.0002561000001151,4.900000931229442e-06,7.999995432328433e-06
6,47,1.989999873330817e-05,0.000140399999509,0.0004665999949793,0.0001685000024735,0.0004864999937126,0.0003089000019826,3.900000592693687e-06,7.200003892648965e-06
6,48,2.010000025620684e-05,0.0001386000003549,0.0004220000046188,0.0001119000007747,0.0004421000048751,0.0002505000011296,3.900000592693687e-06,7.600006938446313e-06
6,49,1.920000067912042e-05,0.0001387999946018,0.0004165999998804,0.0002198000001953,0.0004358000005595,0.0003585999947972,3.5999983083456755e-06,7.299997378140688e-06
6,50,1.8800004909280688e-05,0.0001391999976476,0.0006225000033737,0.0002878999948734,0.0006413000082829,0.0004270999925211,1.1299998732283711e-05,9.800001862458885e-06
6,51,0.0001740000006975,0.0001477999976486,0.0005623000033665,0.0001214000003528,0.0007363000040641,0.0002691999980015,8.900002285372466e-06,8.999995770864189e-06
6,52,2.08000055863522e-05,0.0001417999956174,0.0003913000036845,0.000177200003236,0.0004121000092709,0.0003189999988535,4.499997885432094e-06,7.899994670879096e-06
6,53,2.049999602604657e-05,0.0001409999968018,0.0013926999963587,0.0001247000036528,0.0014131999923847,0.0002657000004546,9.000003046821803e-06,8.700000762473792e-06
6,54,2.2300002456177023e-05,0.0001420000044163,0.0005708999960916,0.0001597000009496,0.0005931999985477,0.000301700005366,5.899993993807584e-06,8.300004992634058e-06
6,55,2.0200001017656177e-05,0.0001402999987476,0.0007315999973798,0.0001736999984132,0.0007517999983974,0.0003139999971608,8.900002285372466e-06,8.800001523923129e-06
6,56,1.979999797185883e-05,0.0001421999986632,0.000737599999411,0.0001744999972288,0.0007573999973828,0.0003166999958921,4.599998646881431e-06,7.599999662488699e-06
6,57,2.300000051036477e-05,0.000155599998834,0.0004999000011594,0.0003242000020691,0.0005229000016697,0.0004798000009031,1.6400001186411828e-05,9.700001101009548e-06
6,58,2.3200002033263445e-05,0.0001489999995101,0.0004540000009001,0.0001680999994277,0.0004772000029333,0.0003170999989379,5.000001692678779e-06,7.90000194683671e-06
6,59,1.979999797185883e-05,0.0001415999940945,0.0004737999988719,0.000166599995282,0.0004935999968438,0.0003081999893765,4.399997123982757e-06,7.700000423938036e-06
6,60,1.969999721040949e-05,0.0001386000003549,0.0003753999990294,0.0001621000046725,0.0003950999962398,0.0003007000050274,3.7999998312443495e-06,6.999995093792677e-06
6,61,1.9800005247816443e-05,0.000140399999509,0.0007872999995015,6.620000203838572e-05,0.0008071000047493,0.0002066000015474,5.599998985417187e-06,7.700000423938036e-06
6,62,1.960000372491777e-05,0.0001265999962924,0.0004766999991261,0.0001161999971373,0.000496300002851,0.0002427999934297,3.699999069795013e-06,7.399998139590025e-06
6,63,1.930000144056976e-05,0.0001392000049236,0.0004377000004751,0.0001140000022132,0.0004570000019157,0.0002532000071369,4.000001354143024e-06,7.499998901039362e-06
6,64,1.920000067912042e-05,0.000139499999932,0.0004630999974324,0.0001169999959529,0.0004822999981115,0.0002564999958849,3.5999983083456755e-06,7.399998139590025e-06
6,65,1.8999999156221747e-05,0.0001358000008622,0.000674800001434,0.0003098999950452,0.0006938000005902,0.0004456999959074,4.000001354143024e-06,7.299997378140688e-06
6,66,1.969999721040949e-05,0.0001411999983247,0.0004803999981959,0.0001594000059412,0.0005000999954063,0.000300600004266,3.7999998312443495e-06,7.499998901039362e-06
6,67,1.9599996448960155e-05,0.000139499999932,0.0004905000023427,0.000249700002314,0.0005100999987917,0.000389200002246,1.1099997209385036e-05,9.700001101009548e-06
6,68,2.170000516343861e-05,0.0001467999973101,0.000446500001999,0.0005246000000624,0.0004682000071625,0.0006713999973726,5.30000397702679e-06,8.09999619377777e-06
6,69,2.0500003302004188e-05,0.0001441999993403,0.0005365999968489,0.0001173000055132,0.0005571000001509,0.0002615000048535,3.7999998312443495e-06,7.600006938446313e-06
6,70,1.969999721040949e-05,0.0001382999980705,0.0005357000045478,0.00020979999681,0.0005554000017582,0.0003480999948806,1.0900002962443978e-05,9.2999980552122e-06
6,71,2.190000668633729e-05,0.0001446999958716,0.0005478999955812,0.000170799998159,0.0005698000022675,0.0003154999940306,4.5000051613897085e-06,7.90000194683671e-06
6,72,2.010000025620684e-05,0.0001384000061079,0.0004522000017459,0.0001267999978153,0.0004723000020021,0.0002652000039233,6.000002031214535e-06,7.90000194683671e-06
6,73,2.0200001017656177e-05,0.000139499999932,0.0004680999991251,0.0002209999947808,0.0004883000001427,0.0003604999947128,6.199996278155595e-06,8.000002708286047e-06
6,74,1.989999873330817e-05,0.0001396999941789,0.0004849000033573,0.00011679999443,0.0005048000020906,0.0002564999886089,4.000001354143024e-06,7.800001185387373e-06
6,75,1.8900005670730025e-05,0.0001401000045007,0.0004746000049635,0.0002215999993495,0.0004935000106343,0.0003617000038502,3.699999069795013e-06,7.299997378140688e-06
6,76,2.010000025620684e-05,0.0001380999965476,0.0007779000006848,0.0001193999996758,0.0007980000009411,0.0002574999962234,6.300004315562546e-06,8.100003469735384e-06
6,77,1.979999797185883e-05,0.000140399999509,0.0004865000009885,0.0001168000017059,0.0005062999989604,0.000257200001215,3.900000592693687e-06,7.599999662488699e-06
6,78,1.920000067912042e-05,0.0001367000004393,0.0004864000002271,6.420000136131421e-05,0.0005056000009062,0.0002009000018006,3.900000592693687e-06,7.599999662488699e-06
6,79,1.840000186348334e-05,0.0001357000001007,0.0006296999999904,0.0001143000044976,0.0006481000018538,0.0002500000045984,3.699999069795013e-06,7.200003892648965e-06
6,80,1.8699996871873736e-05,0.0001319000002695,0.0005316000024322,0.0002077000026474,0.0005502999993041,0.0003396000029169,4.000001354143024e-06,6.900001608300954e-06
6,81,1.930000144056976e-05,0.0001386999938404,0.0007143999973777,0.0001585999998496,0.0007336999988183,0.0002972999936901,4.699999408330768e-06,7.499998901039362e-06
6,82,1.8300001102034003e-05,0.0001227999964612,0.0003754999997909,0.0001616000008652,0.0003938000008929,0.0002843999973265,4.000001354143024e-06,7.100003131199628e-06
6,83,1.840000186348334e-05,0.0001348000005236,0.0005114000014145,0.0004948000059812,0.000529800003278,0.0006296000065049,4.399997123982757e-06,7.599999662488699e-06
6,84,1.940000220201909e-05,0.0001444999943487,0.0005753000004915,0.000307000002067,0.0005947000026935,0.0004514999964158,3.7999998312443495e-06,7.099995855242014e-06
6,85,1.889999839477241e-05,0.0001388000018778,0.0006174000009195,0.0001639999973122,0.0006362999993143,0.00030279999919,3.999994078185409e-06,7.399998139590025e-06
6,86,1.8200000340584666e-05,0.0001371999969705,0.0006923000037204,0.0002218000008724,0.000710500004061,0.000358999997843,4.199995601084083e-06,7.499998901039362e-06
6,87,1.9500002963468432e-05,0.0001363000046694,0.0006696999989799,0.0001279999996768,0.0006892000019433,0.0002643000043462,1.1000003723893316e-05,9.60000033956021e-06
6,88,2.149999636458233e-05,0.0001745999979902,0.0003701999958138,6.70000008540228e-05,0.0003916999921784,0.0002415999988443,1.1199997970834374e-05,9.900002623908222e-06
6,89,1.9099999917671084e-05,0.000131799999508,0.0006913000033819,0.000266000002739,0.0007104000032995,0.000397800002247,1.080000220099464e-05,9.699993825051934e-06
6,90,2.130000211764127e-05,0.0001444000008632,0.0003610999992815,0.0004209999970044,0.0003824000013992,0.0005653999978676,6.199996278155595e-06,8.39999847812578e-06
6,91,2.200000017182901e-05,0.0001417999956174,0.0003834999952232,0.000161099997058,0.000405499995395,0.0003028999926755,4.2000028770416975e-06,7.399998139590025e-06
6,92,1.9099999917671084e-05,0.0001376000000163,0.0006327999944915,0.0001130999953602,0.0006518999944091,0.0002506999953766,3.900000592693687e-06,7.300004654098302e-06
6,93,1.9500002963468432e-05,0.000144800003909,0.0003779999969992,0.0001159999956144,0.0003974999999627,0.0002607999995234,3.7999998312443495e-06,7.200003892648965e-06
6,94,1.9999999494757503e-05,0.0001380999965476,0.0002782000010483,0.0002649999951245,0.0002982000005431,0.0004030999916722,3.699999069795013e-06,7.90000194683671e-06
6,95,1.969999721040949e-05,0.0001385000068694,0.0004875000013271,0.0001140000022132,0.0005071999985375,0.0002525000090827,3.900000592693687e-06,7.399998139590025e-06
6,96,1.9599996448960155e-05,0.0001390999968862,0.0004105999978492,0.0001087999989977,0.0004301999942981,0.0002478999958839,3.4999975468963385e-06,6.999995093792677e-06
6,97,1.870000414783135e-05,0.0001204000000143,0.0005592999950749,0.0002647000001161,0.0005779999992228,0.0003851000001304,3.699999069795013e-06,7.599999662488699e-06
6,98,1.9500002963468432e-05,0.0001379000023007,0.0004325000045355,0.0005084000003989,0.000452000007499,0.0006463000026997,4.099994839634746e-06,7.499998901039362e-06
6,99,2.040000254055485e-05,0.0001446000023861,0.00072459999501,0.0002584000030765,0.0007449999975506,0.0004030000054626,4.099994839634746e-06,7.399998139590025e-06
6,100,1.9099999917671084e-05,0.0001379000023007,0.0005469000025186,0.0002086000022245,0.0005660000024363,0.0003465000045252,4.1000021155923605e-06,7.499998901039362e-06
7,1,2.280000626342371e-05,0.000192399995285,0.0011954000001423,0.0002249000026495,0.0012182000064058,0.0004172999979346,1.1299998732283711e-05,1.85999961104244e-05
7,2,2.7000001864507794e-05,0.000198800000362,0.0011799999992945,0.0004067000045324,0.001207000001159,0.0006055000048945,9.499999578110874e-06,1.0700001439545304e-05
7,3,2.4299995857290924e-05,0.0001933999956236,0.0010105999972438,0.0002743999939411,0.0010348999931011,0.0004677999895648,5.49999822396785e-06,1.0399999155197293e-05
7,4,2.44999973801896e-05,0.0001934000028995,0.0010246000019833,0.0002669999958015,0.0010490999993635,0.0004603999987011,7.400005415547639e-06,1.0099996870849282e-05
7,5,2.3100001271814108e-05,0.0001985000053537,0.0008563000010326,0.0002094999945256,0.0008794000023044,0.0004079999998793,6.099995516706258e-06,9.499999578110874e-06
7,6,2.370000584051013e-05,0.0003915999986929,0.0009149000034085,0.0001466999965487,0.000938600009249,0.0005382999952416,8.900002285372466e-06,1.0399999155197293e-05
7,7,2.430000313324853e-05,0.0001912000006996,0.0012895000036223,0.0002683000057004,0.0013138000067556,0.0004595000064,8.09999619377777e-06,9.900002623908222e-06
7,8,2.3299995518755168e-05,0.0003885999976773,0.0009855000025709,0.0002005999995162,0.0010087999980896,0.0005891999971936,9.099996532313526e-06,1.0900002962443978e-05
7,9,2.390000008745119e-05,0.000192399995285,0.0007232999996631,0.0001342999967164,0.0007471999997505,0.0003266999920015,4.699999408330768e-06,9.60000033956021e-06
7,10,2.2300002456177023e-05,0.0005822000020998,0.0010794999980134,0.0001473000011174,0.0011018000004696,0.0007295000032172,1.1099997209385036e-05,1.0700001439545304e-05
7,11,2.390000008745119e-05,0.0002332999938516,0.0010056000028271,0.0002680999969015,0.0010295000029145,0.0005013999907532,1.1299998732283711e-05,1.1500000255182384e-05
7,12,3.100000321865082e-05,0.0001934000028995,0.0008342000000993,0.0002071000053547,0.000865200003318,0.0004005000082543,4.800000169780105e-06,9.700001101009548e-06
7,13,3.210000431863591e-05,0.0002070999980787,0.0010556999986874,0.0001634000000194,0.0010878000030061,0.0003704999980982,1.1099997209385036e-05,1.1200005246791989e-05
7,14,2.479999966453761e-05,0.0001953999963006,0.0008928999959607,0.0003438999992795,0.0009176999956252,0.0005392999955802,1.1100004485342652e-05,1.1600001016631722e-05
7,15,2.469999890308827e-05,0.0002012999975704,0.0015320999955292,0.0001552000030642,0.0015567999944323,0.0003565000006346,1.080000220099464e-05,1.0700001439545304e-05
7,16,2.5800000003073364e-05,0.0001714999962132,0.0009060000011231,0.0001574999987496,0.0009318000011262,0.0003289999949629,1.1199997970834374e-05,1.1100004485342652e-05
7,17,2.469999890308827e-05,0.0001917999979923,0.0010867000019061,0.0002082000064547,0.0011114000008092,0.000400000004447,4.800000169780105e-06,9.499999578110874e-06
7,18,2.3799999326001853e-05,0.0001908999984152,0.0011439000008977,0.0003383000002941,0.0011677000002237,0.0005291999987093,2.8100002964492887e-05,2.800000220304355e-05
7,19,3.060000017285347e-05,0.0002037999947788,0.000954900002398,0.0003399999986868,0.0009855000025709,0.0005437999934656,6.099995516706258e-06,9.999996109399945e-06
7,20,2.4000000848900527e-05,0.000192400002561,0.0006896999984746,0.0002959999983431,0.0007136999993235,0.0004884000009042,1.250000059371814e-05,1.1500000255182384e-05
7,21,2.609999501146376e-05,0.0001964000039151,0.0006265000047278,0.0002468000020598,0.0006525999997393,0.000443200005975,1.0200004908256233e-05,1.0899995686486363e-05
7,22,2.520000271033496e-05,0.0001972999962163,0.0006037999992258,0.0002631000024848,0.0006290000019362,0.0004603999987011,4.5000051613897085e-06,8.899995009414852e-06
7,23,2.3200002033263445e-05,0.0001975999985006,0.0005438000007416,0.0001420999979018,0.0005670000027748,0.0003396999964024,4.400004399940372e-06,8.899995009414852e-06
7,24,2.2799998987466097e-05,0.0001917000045068,0.0012668999988818,0.0003821999998763,0.0012896999978693,0.0005739000043831,5.000001692678779e-06,8.999995770864189e-06
7,25,2.3100001271814108e-05,0.0001932000013766,0.00072899999941,8.22000001790002e-05,0.0007521000006818,0.0002754000015556,4.2000028770416975e-06,9.200004569720475e-06
7,26,2.2599997464567423e-05,0.0002045000001089,0.0006613000005017,0.0003349000035086,0.0006838999979663,0.0005394000036176,4.399997123982757e-06,9.199997293762864e-06
7,27,2.289999974891544e-05,0.0001941999944392,0.0010584999981801,0.0002592999953776,0.0010813999979291,0.0004534999898169,4.3000036384910345e-06,8.799994247965515e-06
7,28,2.239999594166875e-05,0.0001912000006996,0.0012180999983684,0.0002399000004515,0.00124049999431,0.0004311000011512,1.1999996786471456e-05,4.610000178217888e-05
7,29,6.790000043110922e-05,0.0002192999963881,0.000636899996607,0.000464999997348,0.0007047999970382,0.0006842999937362,1.1300006008241326e-05,1.1099997209385036e-05
7,30,2.460000541759655e-05,0.0002326000030734,0.0011396999980206,0.0003953000050387,0.0011643000034382,0.0006279000081121,1.1100004485342652e-05,1.09999964479357e-05
7,31,2.349999704165384e-05,0.0001939999929163,0.0007855000003473,0.0001454000012017,0.000808999997389,0.0003393999941181,4.599998646881431e-06,9.60000033956021e-06
7,32,2.3200002033263445e-05,0.000191300001461,0.000898700003745,0.0002069999973173,0.0009219000057782,0.0003982999987783,4.399997123982757e-06,8.899995009414852e-06
7,33,2.289999974891544e-05,0.0001879000046756,0.0009601999990991,0.0001435000012861,0.000983099998848,0.0003314000059617,4.999994416721165e-06,9.400006092619153e-06
7,34,2.3300002794712785e-05,0.0001915000029839,0.0006839999987278,0.000269299998763,0.0007073000015225,0.0004608000017469,4.199995601084083e-06,8.999995770864189e-06
7,35,2.309999399585649e-05,0.0001909999991767,0.0007227999958558,0.0002533999941078,0.0007458999898517,0.0004443999932846,4.699999408330768e-06,9.099996532313526e-06
7,36,2.2100000933278352e-05,0.0001970000012079,0.000653200004308,0.0002605999980005,0.0006753000052412,0.0004575999992084,4.199995601084083e-06,9.499999578110874e-06
7,37,2.300000051036477e-05,0.0001883000004454,0.0007056000031298,8.060000254772604e-05,0.0007286000036401,0.0002689000029931,3.900000592693687e-06,9.300005331169814e-06
7,38,2.260000474052504e-05,0.0001895999957923,0.0007085000033839,0.0002626000059535,0.0007311000081244,0.0004522000017459,4.000001354143024e-06,8.700000762473792e-06
7,39,2.300000051036477e-05,0.0001951000012923,0.0011268999951425,0.0002030999967246,0.0011498999956529,0.0003981999980169,6.299997039604932e-06,9.399998816661537e-06
7,40,2.200000017182901e-05,0.0001921000002766,0.0007757999992463,0.0003117999949608,0.0007977999994182,0.0005038999952375,4.2000028770416975e-06,9.199997293762864e-06
7,41,2.2400003217626363e-05,0.0001916000037454,0.0008920999971451,0.0002554000020609,0.0009145000003627,0.0004470000058063,4.900000931229442e-06,9.000003046821803e-06
7,42,2.209999365732073e-05,0.0001899999988381,0.0009055999980773,0.0002005000060307,0.0009276999917346,0.0003905000048689,4.1000021155923605e-06,9.2999980552122e-06
7,43,2.300000051036477e-05,0.0001887999969767,0.0012758000011672,0.0002690000037546,0.0012988000016775,0.0004578000007313,4.800000169780105e-06,9.099996532313526e-06
7,44,2.260000474052504e-05,0.0002007000002777,0.0006436999974539,0.0002576999977463,0.0006663000021944,0.0004583999980241,4.499997885432094e-06,9.10000380827114e-06
7,45,2.3100001271814108e-05,0.0001880999989225,0.0007660000046598,0.0002010999960475,0.0007891000059316,0.0003891999949701,3.900000592693687e-06,8.499999239575118e-06
7,46,2.269999822601676e-05,0.0001836000010371,0.0006980000034673,0.0003299000018159,0.0007207000016933,0.0005135000028531,4.1000021155923605e-06,8.900002285372466e-06
7,47,2.3200002033263445e-05,0.0001904000018839,0.0008291000049212,0.0002647000001161,0.0008523000069544,0.0004551000020001,4.1000021155923605e-06,9.000003046821803e-06
7,48,2.2300002456177023e-05,0.0001875000016298,0.0008231000028899,0.0004949000067426,0.0008454000053461,0.0006824000083724,4.599998646881431e-06,8.899995009414852e-06
7,49,2.309999399585649e-05,0.0001883000004454,0.0006501999960164,0.0002068999965558,0.0006732999900123,0.0003951999970013,3.699999069795013e-06,8.900002285372466e-06
7,50,2.340000355616212e-05,0.0002438000010442,0.0016417000006185,0.0002339000056963,0.0016651000041747,0.0004777000067406,1.1199997970834374e-05,1.1500000255182384e-05
7,51,2.5399996957276016e-05,0.0001936000044224,0.0010242999996989,0.0003127000018139,0.0010496999966562,0.0005063000062364,1.1099997209385036e-05,1.1600001016631722e-05
7,52,2.529999619582668e-05,0.0001981000023079,0.0009967000005417,0.0002080000049318,0.0010219999967375,0.0004061000072397,5.100002454128116e-06,9.79999458650127e-06
7,53,2.4000000848900527e-05,0.0001936999979079,0.0010364999980083,0.0001995000056922,0.0010604999988572,0.0003932000036002,5.599998985417187e-06,9.300005331169814e-06
7,54,2.4100001610349864e-05,0.000215100000787,0.0007594999988214,0.0001401999979862,0.0007836000004317,0.0003552999987732,4.599998646881431e-06,9.10000380827114e-06
7,55,2.3399996280204505e-05,0.0001914000022225,0.0012315999993006,0.0003301999968243,0.0012549999955808,0.0005215999990468,8.000002708286047e-06,1.049999991664663e-05
7,56,2.3500004317611456e-05,0.000386100000469,0.0007275000025401,0.0004023000001325,0.0007510000068577,0.0007884000006015,8.800001523923129e-06,1.069999416358769e-05
7,57,2.390000008745119e-05,0.0001922000010381,0.0008058000021264,0.000386100000469,0.0008297000022139,0.0005783000015071,7.599999662488699e-06,1.030000566970557e-05
7,58,2.309999399585649e-05,0.0002449000021442,0.001466400004574,0.0001790999958757,0.0014894999985699,0.00042399999802,1.080000220099464e-05,1.1199997970834374e-05
7,59,2.5000001187436283e-05,0.0001931000006152,0.0007956000044941,0.0004468000042834,0.0008206000056816,0.0006399000048986,6.900001608300954e-06,1.019999763229862e-05
7,60,2.2599997464567423e-05,0.0002542000001994,0.0011238999941269,0.0001396000006934,0.0011464999915915,0.0003938000008929,9.2999980552122e-06,1.0299998393747956e-05
7,61,2.430000313324853e-05,0.000189099999261,0.0007264000014401,0.0002796999979182,0.0007507000045734,0.0004687999971793,5.699999746866524e-06,9.499999578110874e-06
7,62,2.289999974891544e-05,0.0001900999995996,0.0006376000019372,0.0002614999975776,0.0006605000016861,0.0004515999971772,4.3000036384910345e-06,8.700000762473792e-06
7,63,2.289999974891544e-05,0.0001911999934236,0.0012513999972725,0.0005311999993864,0.0012742999970214,0.00072239999281,8.199996955227107e-06,9.900002623908222e-06
7,64,2.439999661874026e-05,0.0002030000032391,0.0009589999972376,0.0002047999951173,0.0009833999938564,0.0004077999983564,4.699999408330768e-06,9.499999578110874e-06
7,65,2.3200002033263445e-05,0.0001905999961309,0.0006605000016861,0.0002034999997704,0.0006837000037194,0.0003940999959013,4.2000028770416975e-06,8.799994247965515e-06
7,66,2.2400003217626363e-05,0.0001892000000225,0.0010910999990301,0.0002602000022307,0.0011135000022477,0.0004494000022532,7.199996616691351e-06,9.499999578110874e-06
7,67,2.289999974891544e-05,0.0001861999990069,0.0007503000015276,0.0002843999973265,0.0007732000012765,0.0004705999963334,6.999995093792677e-06,9.60000033956021e-06
7,68,2.349999704165384e-05,0.0001928000056068,0.0008304000002681,0.0002641999963088,0.0008538999973097,0.0004570000019157,4.6000059228390455e-06,9.199997293762864e-06
7,69,2.220000169472769e-05,0.0001948999997694,0.0013083000012557,0.0003208000052836,0.0013305000029504,0.000515700005053,7.800001185387373e-06,1.1299998732283711e-05
7,70,2.3800006601959467e-05,0.0001938999994308,0.0010021999987657,0.0002032999982475,0.0010260000053676,0.0003971999976783,5.199995939619839e-06,9.699993825051934e-06
7,71,2.2300002456177023e-05,0.0001862999997683,0.0008250000028056,0.0001424000001861,0.0008473000052617,0.0003286999999545,4.099994839634746e-06,8.999995770864189e-06
7,72,2.269999822601676e-05,0.0001883000004454,0.0007904999947641,0.000264900001639,0.0008131999929901,0.0004532000020844,7.90000194683671e-06,1.000000338535756e-05
7,73,2.300000051036477e-05,0.0001899999988381,0.0007125999982235,0.0001335999986622,0.0007355999987339,0.0003235999975004,4.099994839634746e-06,9.2999980552122e-06
7,74,2.2300002456177023e-05,0.0001935999971465,0.0008768000043346,0.0002005999995162,0.0008991000067908,0.0003941999966627,4.900000931229442e-06,9.2999980552122e-06
7,75,2.2400003217626363e-05,0.000200099995709,0.0007038999974611,8.240000170189887e-05,0.0007263000006787,0.0002824999974109,4.000001354143024e-06,9.000003046821803e-06
7,76,2.2300002456177023e-05,0.0001887999969767,0.0008451999965473,0.0002223999981652,0.0008674999990034,0.0004111999951419,5.699999746866524e-06,9.10000380827114e-06
7,77,2.7499998395796865e-05,0.0002028000017162,0.00100139999995,0.0005930999977863,0.0010288999983458,0.0007958999995025,1.1199997970834374e-05,1.1299998732283711e-05
7,78,2.5399996957276016e-05,0.0002013000048464,0.0009737000000313,0.0003242000020691,0.0009990999969886,0.0005255000069155,5.100002454128116e-06,9.899995347950608e-06
7,79,2.390000008745119e-05,0.0001907999976538,0.0009165000010398,0.0002733000001171,0.0009404000011272,0.0004640999977709,5.199995939619839e-06,9.700001101009548e-06
7,80,2.390000008745119e-05,0.0002060999977402,0.0007333999965339,0.0001376000000163,0.0007572999966214,0.0003436999977566,5.000001692678779e-06,9.60000033956021e-06
7,81,2.3500004317611456e-05,0.0001909999991767,0.0007554999974672,0.0001332000028924,0.0007790000017848,0.0003242000020691,5.100002454128116e-06,9.60000033956021e-06
7,82,2.2799998987466097e-05,0.0001947000055224,0.0005839000004925,0.0001378999950247,0.00060669999948,0.0003326000005472,4.1000021155923605e-06,9.099996532313526e-06
7,83,2.179999864893034e-05,0.0001893999942694,0.0007450000048265,0.0003158999970764,0.0007668000034755,0.0005052999913459,4.000001354143024e-06,8.999995770864189e-06
7,84,2.300000051036477e-05,0.0001904000018839,0.0008581000001868,0.0002127000043401,0.0008811000006971,0.0004031000062241,4.29999636253342e-06,9.200004569720475e-06
7,85,2.3200002033263445e-05,0.0001893000007839,0.0010089999996125,0.0001991999961319,0.0010322000016458,0.0003884999969159,4.599998646881431e-06,9.499999578110874e-06
7,86,2.270000550197437e-05,0.0001964999974006,0.000826200004667,9.11999959498644e-05,0.000848900010169,0.0002876999933505,1.1199997970834374e-05,1.1099997209385036e-05
7,87,2.3799999326001853e-05,0.000193499996385,0.0009626999963074,0.0002208000005339,0.0009864999956334,0.0004142999969189,1.0700001439545304e-05,1.1199997970834374e-05
7,88,2.4299995857290924e-05,0.0001961999951163,0.0005415000050561,0.0002175999979954,0.0005658000009134,0.0004137999931117,4.699999408330768e-06,9.499999578110874e-06
7,89,2.369999856455252e-05,0.0001945000039995,0.0007706000033067,0.0003307000006316,0.0007943000018713,0.0005252000046311,4.499997885432094e-06,9.200004569720475e-06
7,90,2.269999822601676e-05,0.0001931000006152,0.0012721000020974,0.0001995999991777,0.0012948000003234,0.0003926999997929,5.500005499925464e-06,9.499999578110874e-06
7,91,2.36000050790608e-05,0.0001936999979079,0.0009668999991845,0.0001420999979018,0.0009905000042635,0.0003357999958097,4.29999636253342e-06,9.200004569720475e-06
7,92,2.3100001271814108e-05,0.000193499996385,0.0005935000008321,0.0003171999996993,0.0006166000021039,0.0005106999960844,4.000001354143024e-06,9.199997293762864e-06
7,93,2.260000474052504e-05,0.0001915000029839,0.000752600004489,0.000268199997663,0.0007752000092295,0.0004597000006469,4.000001354143024e-06,8.900002285372466e-06
7,94,2.209999365732073e-05,0.0001914000022225,0.0009375000008731,0.0002511999991838,0.0009595999945304,0.0004426000014063,4.000001354143024e-06,8.499999239575118e-06
7,95,2.359999780310318e-05,0.0001965999981621,0.001325800003542,7.9699995694682e-05,0.0013494000013452,0.0002762999938568,4.900000931229442e-06,9.099996532313526e-06
7,96,2.289999974891544e-05,0.0001909999991767,0.0007993999970494,0.0003227999986847,0.0008222999967983,0.0005137999978614,3.999994078185409e-06,9.199997293762864e-06
7,97,2.3100001271814108e-05,0.0001933000021381,0.001158300001407,0.0001743000029819,0.0011814000026788,0.00036760000512,1.1199997970834374e-05,1.1399999493733048e-05
7,98,2.44999973801896e-05,0.0001936000044224,0.000998299998173,0.0001536999989184,0.0010227999955532,0.0003473000033409,9.000003046821803e-06,1.0600000678095968e-05
7,99,2.390000008745119e-05,0.0002100999990943,0.0011484999995445,0.0002659000019775,0.001172399999632,0.0004760000010719,5.49999822396785e-06,9.300005331169814e-06
7,100,2.430000313324853e-05,0.0002009000018006,0.0012451000002329,0.0001497999983257,0.0012694000033661,0.0003507000001263,8.09999619377777e-06,1.0100004146806896e-05
8,1,2.710000262595713e-05,0.000260499997239,0.0013874000069336,0.0004277999978512,0.0014145000095595,0.0006882999950903,1.2899996363557875e-05,1.809999957913533e-05
8,2,2.680000034160912e-05,0.0002577999985078,0.0009871000002021,0.0001852999994298,0.0010139000005437,0.0004430999979376,7.999995432328433e-06,1.1399999493733048e-05
8,3,2.639999729581177e-05,0.0002528000040911,0.0014239000011002,0.0001799000019673,0.001450299998396,0.0004327000060584,9.099996532313526e-06,1.1000003723893316e-05
8,4,2.6699999580159783e-05,0.0002531999998609,0.0015219999986584,0.0003540999969118,0.0015486999982385,0.0006072999967727,9.199997293762864e-06,1.1600001016631722e-05
8,5,2.6900001103058457e-05,0.0002468000020598,0.0017683999976725,0.0005334000015864,0.0017952999987755,0.0007802000036463,9.300005331169814e-06,1.1500000255182384e-05
8,6,2.7400004910305142e-05,0.000260500004515,0.00170330000401,0.0005440000022645,0.0017307000089203,0.0008045000067795,9.899995347950608e-06,1.2399999832268804e-05
8,7,0.0001517999990028,0.0002881999971577,0.0018800999969244,0.0003255999981774,0.0020318999959272,0.0006137999953352,1.1099997209385036e-05,1.2299999070819467e-05
8,8,2.9999995604157448e-05,0.0005631999956676,0.0011274999997112,0.0006072000032872,0.0011574999953154,0.0011703999989549,8.700000762473792e-06,1.1199997970834374e-05
8,9,2.7900001441594213e-05,0.0003294999987701,0.0014653999969596,0.0003660000002128,0.0014932999984011,0.0006954999989829,1.0900002962443978e-05,0.0003280000019003
8,10,2.9999995604157448e-05,0.0002647000001161,0.0014822000011918,0.0001899999988381,0.0015121999967959,0.0004546999989543,1.2399999832268804e-05,1.2899996363557875e-05
8,11,2.920000406447798e-05,0.0002676000003702,0.0016899999973247,0.0001084000032278,0.0017192000013892,0.0003760000035981,1.1399999493733048e-05,1.2299999070819467e-05
8,12,2.7499998395796865e-05,0.0002632999967318,0.0008833999963826,0.0003281000026618,0.0009108999947784,0.0005913999993936,5.400004738476127e-06,1.049999991664663e-05
8,13,2.639999729581177e-05,0.0002598999999463,0.0013901999991503,0.000327699999616,0.0014165999964461,0.0005875999995623,5.000001692678779e-06,1.0099996870849282e-05
8,14,2.78999941656366e-05,0.0002576000042608,0.0013170999955036,0.0003992000056314,0.0013449999896693,0.0006568000098923,4.800000169780105e-06,1.0299998393747956e-05
8,15,2.7400004910305142e-05,0.000261599998339,0.0016924000010476,0.0001757999998517,0.0017198000059579,0.0004373999981908,5.200003215577453e-06,1.019999763229862e-05
8,16,2.680000034160912e-05,0.0002527999968151,0.0011088000028394,0.0006015999970259,0.001135600003181,0.000854399993841,4.700006684288383e-06,1.0399999155197293e-05
8,17,2.680000034160912e-05,0.0002596000049379,0.0011662999968393,0.0002619000006234,0.0011930999971809,0.0005215000055613,3.4199998481199145e-05,3.7999998312443495e-05
8,18,3.03999986499548e-05,0.0002548999982536,0.0018261000004713,0.000692000001436,0.0018564999991212,0.0009468999996897,1.1399999493733048e-05,1.2099997547920792e-05
8,19,2.859999949578196e-05,0.0003971999976783,0.0015246999973896,0.000621700004558,0.0015532999968854,0.0010189000022364,1.1299998732283711e-05,1.2099997547920792e-05
8,20,2.7999994927085936e-05,0.0002993000016431,0.0013450999977067,0.0005259000026853,0.0013730999926337,0.0008252000043285,1.1299998732283711e-05,1.250000059371814e-05
8,21,2.909999602707103e-05,0.0002577999985078,0.0015696000045863,0.0002501000053598,0.0015987000006134,0.0005079000038676,6.199996278155595e-06,1.049999991664663e-05
8,22,2.769999991869554e-05,0.0002592999953776,0.0012107000002288,0.0003477999998722,0.0012384000001475,0.0006070999952498,1.1199997970834374e-05,1.2399999832268804e-05
8,23,2.750000567175448e-05,0.0002811000013025,0.0014294000066001,0.0004680999991251,0.0014569000122719,0.0007492000004276,8.900002285372466e-06,1.1199997970834374e-05
8,24,2.680000034160912e-05,0.000256299994362,0.0010659999970812,0.0003391999998711,0.0010927999974228,0.0005954999942332,1.1800002539530396e-05,1.2099997547920792e-05
8,25,3.149999974993989e-05,0.0002597000056994,0.0015150999970501,0.0004267999975127,0.0015465999968,0.0006865000032121,7.700000423938036e-06,1.1099997209385036e-05
8,26,2.7000001864507794e-05,0.0002545999959693,0.0010920999993686,0.0004600000029313,0.0011191000012331,0.0007145999989006,4.800000169780105e-06,1.0700001439545304e-05
8,27,2.680000034160912e-05,0.0002491999985068,0.0012494999973569,0.0004703999948105,0.0012762999976985,0.0007195999933173,4.599998646881431e-06,1.0099996870849282e-05
8,28,2.680000034160912e-05,0.0002418000003672,0.0010760000004665,0.0005534000010811,0.0011028000008082,0.0007952000014483,4.900000931229442e-06,9.999996109399945e-06
8,29,2.6599998818710446e-05,0.0002338999984203,0.0014771999994991,0.0004044999950565,0.0015037999983178,0.0006383999934769,4.999994416721165e-06,9.900002623908222e-06
8,30,2.699999458855018e-05,0.0002520000052754,0.0015104999984032,0.0004699999990407,0.0015374999929917,0.0007220000043162,4.499997885432094e-06,1.0399999155197293e-05
8,31,2.6500005333218724e-05,0.0002572999947005,0.0012877999979536,0.0007073000015225,0.0013143000032869,0.0009645999962231,5.000001692678779e-06,1.019999763229862e-05
8,32,2.75999991572462e-05,0.0002597999991849,0.0009871000002021,0.0005444999987957,0.0010146999993594,0.0008042999979807,4.599998646881431e-06,1.049999991664663e-05
8,33,2.639999729581177e-05,0.0002556000035838,0.001386600000842,0.0003339000031701,0.0014129999981378,0.0005895000067539,4.699999408330768e-06,1.0600000678095968e-05
8,34,2.639999729581177e-05,0.0002542000001994,0.0012451000002329,0.0004120000012335,0.0012714999975287,0.000666200001433,4.499997885432094e-06,1.0099996870849282e-05
8,35,2.630000381032005e-05,0.0002531999998609,0.0015305000051739,0.0004797000001417,0.0015568000089842,0.0007329000000027,5.699999746866524e-06,1.019999763229862e-05
8,36,2.59000007645227e-05,0.000259599997662,0.0010795999987749,0.0003779000035137,0.0011054999995394,0.0006375000011757,4.399997123982757e-06,9.899995347950608e-06
8,37,2.5300003471784294e-05,0.0002807999990181,0.0010331999947084,0.0003294999987701,0.0010584999981801,0.0006102999977883,1.080000220099464e-05,1.2299999070819467e-05
8,38,2.7000001864507794e-05,0.0002536999963922,0.0011957000024267,0.0006437999982153,0.0012227000042912,0.0008974999946076,5.699999746866524e-06,1.049999991664663e-05
8,39,2.800000220304355e-05,0.0002561000001151,0.0011480999964987,0.0001769000009517,0.0011760999987018,0.0004330000010668,4.900000931229442e-06,1.0299998393747956e-05
8,40,2.6299996534362435e-05,0.0002508999968995,0.00130860000354,0.0001675999956205,0.0013349000000744,0.00041849999252,4.599998646881431e-06,1.0099996870849282e-05
8,41,2.720000338740647e-05,0.0002545000024838,0.0009186999959638,0.0003843000013148,0.0009458999993512,0.0006388000037986,5.200003215577453e-06,1.0299998393747956e-05
8,42,2.639999729581177e-05,0.0002517999964766,0.0007014000002527,0.0003403000009711,0.0007277999975485,0.0005920999974478,4.499997885432094e-06,9.79999458650127e-06
8,43,2.59000007645227e-05,0.0002666000000317,0.001154999998107,0.000100300007034,0.0011808999988716,0.0003669000070658,5.299996701069176e-06,1.0200004908256233e-05
8,44,3.0999995942693204e-05,0.0002483999996911,0.0012138999954913,0.0004620999970939,0.001244899991434,0.000710499996785,4.399997123982757e-06,2.4400003894697875e-05
8,45,3.290000313427299e-05,0.0003942000039387,0.0018341000031796,0.0004534999970928,0.0018670000063139,0.0008477000010316,1.1000003723893316e-05,1.200000406242907e-05
8,46,2.720000338740647e-05,0.0002468000020598,0.001154999998107,0.0005652999971061,0.0011822000014944,0.000812099999166,5.800000508315861e-06,1.0600000678095968e-05
8,47,2.699999458855018e-05,0.0002504000003682,0.001179900005809,0.0006561999980476,0.0012069000003975,0.0009065999984159,4.699999408330768e-06,1.0100004146806896e-05
8,48,2.5800000003073364e-05,0.0002478999958839,0.0014155000026221,0.0004448999970918,0.0014413000026252,0.0006927999929757,6.400005077011883e-06,1.019999763229862e-05
8,49,2.5800000003073364e-05,0.0002504000003682,0.0008606999981566,0.0001693999947747,0.0008864999981597,0.0004197999951429,4.899993655271828e-06,9.699993825051934e-06
8,50,2.61999957729131e-05,0.0002601999949547,0.0012792000052286,0.0003904999975929,0.0013054000010015,0.0006506999925477,5.699999746866524e-06,9.800001862458885e-06
8,51,2.570000651758164e-05,0.0002443000048515,0.0012705999979516,0.0007410000034724,0.0012963000044692,0.0009853000083239,2.0200001017656177e-05,1.3500000932253895e-05
8,52,3.300000389572233e-05,0.0003058000002056,0.0014940999972168,0.0005812999952468,0.0015271000011125,0.0008870999954524,5.30000397702679e-06,9.999996109399945e-06
8,53,2.529999619582668e-05,0.0002434000052744,0.0010484000013093,0.0005967000033706,0.0010736999975051,0.000840100008645,5.200003215577453e-06,9.999996109399945e-06
8,54,2.6100002287421376e-05,0.0002430000022286,0.0009566000007907,0.0002932999996119,0.0009827000030782,0.0005363000018405,4.399997123982757e-06,9.499999578110874e-06
8,55,2.459999814163893e-05,0.000242199996137,0.00133900000219,0.0002502999996067,0.0013636000003316,0.0004924999957438,4.800000169780105e-06,9.899995347950608e-06
8,56,2.5099994672928005e-05,0.0002396000054432,0.0011127000034321,0.0003166000024066,0.001137799998105,0.0005562000078498,4.399997123982757e-06,9.499999578110874e-06
8,57,2.4900000425986946e-05,0.0002426999999443,0.0025987999979406,0.0004456000024219,0.0026236999983666,0.0006883000023663,5.900001269765198e-06,1.0600000678095968e-05
8,58,2.630000381032005e-05,0.0002213999978266,0.0009662000011303,0.0005097000030218,0.0009925000049406,0.0007311000008485,5.599998985417187e-06,9.399998816661537e-06
8,59,2.520000271033496e-05,0.0002263999995193,0.0012822999997297,0.000308100003167,0.00130750000244,0.0005345000026864,4.399997123982757e-06,9.2999980552122e-06
8,60,2.5000001187436283e-05,0.0002382000020588,0.0018228999979328,0.0004502000010688,0.0018478999991202,0.0006884000031277,5.599998985417187e-06,9.999996109399945e-06
8,61,2.5800000003073364e-05,0.0002458999952068,0.0013475000014295,0.0002399000004515,0.0013733000014326,0.0004857999956584,5.399997462518513e-06,1.0099996870849282e-05
8,62,3.979999746661633e-05,0.0002354999960516,0.001438400002371,0.0001721000007819,0.0014781999998376,0.0004075999968335,5.000001692678779e-06,9.700001101009548e-06
8,63,2.520000271033496e-05,0.000236699997913,0.0012163999999756,0.0002282999994349,0.001241600002686,0.000464999997348,4.2000028770416975e-06,9.700001101009548e-06
8,64,2.439999661874026e-05,0.000237799999013,0.0025420000019948,0.0007363999975495,0.0025663999986136,0.0009741999965626,1.290000363951549e-05,1.4500001270789651e-05
8,65,3.360000118846074e-05,0.0003058999936911,0.0015939999939291,0.0005794999960926,0.0016275999951176,0.0008853999897837,9.800001862458885e-06,1.290000363951549e-05
8,66,3.2500000088475645e-05,0.0003030000007129,0.0010770000008051,0.0003846999970846,0.0011095000008936,0.0006876999977976,4.900000931229442e-06,9.60000033956021e-06
8,67,2.4900000425986946e-05,0.0002405000050202,0.0040335000012419,0.0003285999991931,0.0040584000016679,0.0005691000042133,1.0399999155197293e-05,1.1399999493733048e-05
8,68,2.710000262595713e-05,0.0002412000030744,0.0012907999989693,0.0003748000017367,0.0013179000015952,0.0006160000048112,4.900000931229442e-06,1.0299998393747956e-05
8,69,2.529999619582668e-05,0.0002451999971526,0.0010134000040125,0.0003109999961452,0.0010387000002083,0.0005561999932979,4.599998646881431e-06,9.2999980552122e-06
8,70,2.510000194888562e-05,0.000238900000113,0.0016962000008788,0.000462799995148,0.0017213000028277,0.0007016999952611,1.0700001439545304e-05,1.1399999493733048e-05
8,71,2.6400004571769387e-05,0.0002791000006254,0.0011917000010726,0.0003182000000379,0.0012181000056443,0.0005973000006633,1.0600000678095968e-05,1.1399999493733048e-05
8,72,2.5800000003073364e-05,0.0002420999953756,0.0010885000010603,0.0002385999978287,0.0011143000010633,0.0004806999932043,4.800000169780105e-06,1.0100004146806896e-05
8,73,2.4900000425986946e-05,0.0002659000019775,0.0013711000065086,0.0003673000028356,0.0013960000069346,0.0006332000048132,7.099995855242014e-06,9.499999578110874e-06
8,74,2.520000271033496e-05,0.0002394000039203,0.0019400000019231,0.0003695000050356,0.0019652000046335,0.0006089000089559,5.999994755256921e-06,9.900002623908222e-06
8,75,2.6500005333218724e-05,0.0002404999977443,0.0012084999980288,0.0003768000024138,0.001235000003362,0.0006173000001581,4.599998646881431e-06,9.499999578110874e-06
8,76,2.4400003894697875e-05,0.0002414999980828,0.0010992000024998,0.0002634000047692,0.0011236000063945,0.000504900002852,1.479999627918005e-05,1.460000203223899e-05
8,77,4.069999704370275e-05,0.0003032000022358,0.0013631999972858,0.0018918999994639,0.0014038999943295,0.0021951000016997,1.0700001439545304e-05,1.1299998732283711e-05
8,78,3.489999653538689e-05,0.0003106000003754,0.0013705000019399,0.000162199998158,0.0014053999984753,0.0004727999985334,5.000001692678779e-06,1.049999991664663e-05
8,79,2.529999619582668e-05,0.0002401000019744,0.0008838000067044,0.0001685000024735,0.0009091000029002,0.000408600004448,4.800000169780105e-06,9.800001862458885e-06
8,80,2.4900000425986946e-05,0.0002404999977443,0.0009388999969814,0.0004984000042895,0.0009637999974074,0.0007389000020339,4.29999636253342e-06,9.2999980552122e-06
8,81,2.5300003471784294e-05,0.0002404000042588,0.003215500000806,0.0001622000054339,0.0032408000042778,0.0004026000096928,7.499998901039362e-06,1.0299998393747956e-05
8,82,2.600000152597204e-05,0.0002381999947829,0.0008757999967201,0.00030169999809,0.0009017999982461,0.0005398999928729,4.399997123982757e-06,9.60000033956021e-06
8,83,2.5000001187436283e-05,0.0002425999991828,0.0009979999958886,0.000383900005545,0.0010229999970761,0.0006265000047278,4.499997885432094e-06,9.60000033956021e-06
8,84,2.459999814163893e-05,0.000242200003413,0.0009540000028209,0.0003100000030826,0.0009786000009626,0.0005522000064956,4.2000028770416975e-06,9.700001101009548e-06
8,85,2.469999890308827e-05,0.0002412999965599,0.0108454000001074,0.0005309999978635,0.0108700999990105,0.0007722999944235,1.3999997463542968e-05,1.4900004316587e-05
8,86,3.460000152699649e-05,0.000298400002066,0.0014204999970388,0.0004466000027605,0.0014550999985658,0.0007450000048265,5.100002454128116e-06,1.0099996870849282e-05
8,87,2.5800000003073364e-05,0.0002396999989286,0.0012094999983673,0.0003208999987691,0.0012352999983704,0.0005605999976978,1.069999416358769e-05,1.1500000255182384e-05
8,88,2.6299996534362435e-05,0.0002644000051077,0.0014499999961117,0.0002910000039264,0.001476299992646,0.0005554000090342,5.599998985417187e-06,9.999996109399945e-06
8,89,2.5000001187436283e-05,0.0002404999977443,0.0011439000008977,0.0003065999990212,0.0011689000020851,0.0005470999967656,4.499997885432094e-06,1.000000338535756e-05
8,90,2.549999771872536e-05,0.0002390000008745,0.0008706000007805,0.0001620999973965,0.0008960999984992,0.000401099998271,4.099994839634746e-06,9.499999578110874e-06
8,91,2.4100001610349864e-05,0.0002376999982516,0.001166900001408,0.000367599997844,0.0011910000030184,0.0006052999960957,4.800000169780105e-06,9.700001101009548e-06
8,92,2.9000002541579303e-05,0.000241100002313,0.0013472999999066,0.0004463000004761,0.0013763000024482,0.0006874000027892,1.0700001439545304e-05,1.1499992979224771e-05
8,93,3.429999924264848e-05,0.0003121999980066,0.0013105000034556,0.0003264999977545,0.0013448000026983,0.0006386999957612,1.049999991664663e-05,1.1999996786471456e-05
8,94,2.680000034160912e-05,0.0002444999990984,0.001166900001408,0.0003837000040221,0.0011937000017496,0.0006282000031205,5.599998985417187e-06,1.0700001439545304e-05
8,95,2.5399996957276016e-05,0.0002536999963922,0.0010915000020759,0.000305900000967,0.0011168999990331,0.0005595999973593,5.100002454128116e-06,1.000000338535756e-05
8,96,2.479999966453761e-05,0.0002469000028213,0.0010143000035895,0.0004447000028449,0.0010391000032541,0.0006916000056662,4.29999636253342e-06,9.900002623908222e-06
8,97,2.390000008745119e-05,0.0002406999992672,0.0013788999931421,0.0003173000004608,0.0014027999932295,0.000557999999728,4.399997123982757e-06,9.199997293762864e-06
8,98,2.5099994672928005e-05,0.0002390000008745,0.0014721000043209,0.0003760999970836,0.0014971999989938,0.0006150999979581,4.999994416721165e-06,9.79999458650127e-06
8,99,2.520000271033496e-05,0.0002394000039203,0.0014997000034782,0.0001627999954507,0.0015249000061885,0.000402199999371,4.399997123982757e-06,9.800001862458885e-06
8,100,2.479999966453761e-05,0.0002967000036733,0.001321600000665,0.0003680000008898,0.0013464000003295,0.0006647000045632,1.0399999155197293e-05,1.1500000255182384e-05
9,1,2.959999983431772e-05,0.0003117000014754,0.0017775000014808,0.0004375999997137,0.0018071000013151,0.0007493000011891,6.900001608300954e-06,1.7600003047846258e-05
9,2,2.7900001441594213e-05,0.0003063000040128,0.0015850999989197,0.0006047999995644,0.0016130000003613,0.0009111000035773,5.000001692678779e-06,1.1800002539530396e-05
9,3,2.7900001441594213e-05,0.0003080000024056,0.0020281999968574,0.0008196999988285,0.002056099998299,0.0011277000012341,5.100002454128116e-06,1.1600001016631722e-05
9,4,2.769999991869554e-05,0.0003065000055357,0.0015117000002646,0.0002720999982557,0.0015394000001833,0.0005786000037915,4.5000051613897085e-06,1.1199997970834374e-05
9,5,2.769999991869554e-05,0.0003079999951296,0.0015844000008655,0.0007565999985672,0.0016121000007842,0.0010645999936969,4.599998646881431e-06,1.1200005246791989e-05
9,6,2.75999991572462e-05,0.0003101000038441,0.0021347000001696,0.0005986000032862,0.0021622999993269,0.0009087000071303,5.699999746866524e-06,1.1600001016631722e-05
9,7,2.780000068014488e-05,0.0003102000046055,0.0016064999945228,0.0004484000019147,0.001634299995203,0.0007586000065202,4.799992893822491e-06,1.1299998732283711e-05
9,8,2.780000068014488e-05,0.0003088000012212,0.0012151999981142,0.0005280000041238,0.0012429999987944,0.0008368000053451,4.599998646881431e-06,1.09999964479357e-05
9,9,2.7799993404187265e-05,0.0003132999991066,0.0018283000026713,0.0005243999985395,0.0018560999960754,0.0008376999976462,5.099995178170502e-06,1.1199997970834374e-05
9,10,2.6500005333218724e-05,0.0003081999966525,0.0015158000023802,0.0013886999950045,0.0015423000077134,0.0016968999916571,1.3299999409355223e-05,1.68999977177009e-05
9,11,3.85999956051819e-05,0.0004101999948034,0.0020510000031208,0.0003605000019888,0.002089599998726,0.0007706999967922,6.499998562503606e-06,1.2399999832268804e-05
9,12,2.8100002964492887e-05,0.0003100000030826,0.0013687999962712,0.0002812999955494,0.0013968999992357,0.0005912999986321,4.999994416721165e-06,1.170000177808106e-05
9,13,2.8500006010290235e-05,0.0003078000008827,0.0013856999939889,0.0006626000031246,0.0014141999999992,0.0009704000040073,4.900000931229442e-06,1.1999996786471456e-05
9,14,2.720000338740647e-05,0.0003112999984296,0.0017670000015641,0.0006180999989737,0.0017942000049515,0.0009293999974033,5.699999746866524e-06,1.170000177808106e-05
9,15,2.780000068014488e-05,0.0003151999990222,0.0016086999967228,0.0004404999999678,0.001636499997403,0.0007556999989901,1.989999873330817e-05,1.1900003300979732e-05
9,16,7.619999814778566e-05,0.0004816000000573,0.0013674000001628,0.000792699996964,0.0014435999983106,0.0012742999970214,1.0799994925037026e-05,1.309999788645655e-05
9,17,2.9900002118665725e-05,0.0003217999983462,0.0021257000043988,0.0006049000003258,0.0021556000065174,0.0009266999986721,5.599998985417187e-06,1.200000406242907e-05
9,18,2.75999991572462e-05,0.0003136999948765,0.001905600001919,0.0005200000014156,0.0019332000010763,0.0008336999962921,5.000001692678779e-06,1.1399999493733048e-05
9,19,2.870000025723129e-05,0.0003107000011368,0.0017590999996173,0.0004402999984449,0.0017877999998745,0.0007509999995818,4.900000931229442e-06,1.1099997209385036e-05
9,20,2.8399997972883284e-05,0.000312300006044,0.0024408000026596,0.000541699999303,0.0024692000006325,0.0008540000053471,5.400004738476127e-06,1.1800002539530396e-05
9,21,2.9000002541579303e-05,0.0003099000023212,0.0015432000000146,0.0008091999989119,0.0015722000025562,0.0011191000012331,5.900001269765198e-06,1.1900003300979732e-05
9,22,2.9000002541579303e-05,0.0003092999977525,0.0019436000002315,0.0006035999977029,0.0019726000027731,0.0009128999954555,5.000001692678779e-06,1.1199997970834374e-05
9,23,3.229999856557697e-05,0.0003122999987681,0.0018674000020837,0.000519199995324,0.0018997000006493,0.0008314999940921,4.800000169780105e-06,1.09999964479357e-05
9,24,2.8299997211433947e-05,0.0003112999984296,0.001794299998437,0.0006689000001642,0.0018225999956484,0.0009801999985938,4.900000931229442e-06,1.1500000255182384e-05
9,25,2.819999644998461e-05,0.0003148000032524,0.0017679000011412,0.0006167999963508,0.0017960999975912,0.0009315999996033,1.599999814061448e-05,1.9500002963468432e-05
9,26,4.7400004405062646e-05,0.0004813999985344,0.0022498000034829,0.0006247000055736,0.002297200007888,0.0011061000041081,1.0700001439545304e-05,1.3299999409355223e-05
9,27,2.9000002541579303e-05,0.0003135000006295,0.0013756999978795,0.0002796000044327,0.0014047000004211,0.0005931000050622,5.199995939619839e-06,1.170000177808106e-05
9,28,2.8100002964492887e-05,0.0003103999988525,0.0017246000061277,0.0002699999968172,0.0017527000090922,0.0005803999956697,4.900000931229442e-06,1.1299998732283711e-05
9,29,2.75999991572462e-05,0.0003116000007139,0.0021093999966979,0.000434800000221,0.0021369999958551,0.0007464000009349,5.100002454128116e-06,1.1500000255182384e-05
9,30,2.8100002964492887e-05,0.0003137000021524,0.0017178999987663,0.0001996999999391,0.0017460000017308,0.0005134000020916,5.100002454128116e-06,1.1600001016631722e-05
9,31,2.819999644998461e-05,0.000316700003168,0.0018082000024151,0.0003777999954763,0.001836399998865,0.0006944999986444,1.080000220099464e-05,1.2899996363557875e-05
9,32,2.920000406447798e-05,0.0003164000008837,0.0016613999978289,0.0005172000019229,0.0016906000018934,0.0008336000028066,5.49999822396785e-06,1.1399999493733048e-05
9,33,2.8399997972883284e-05,0.0003148999967379,0.0017714999994495,0.000201000002562,0.0017998999974224,0.0005158999993,4.800000169780105e-06,1.1299998732283711e-05
9,34,2.7400004910305142e-05,0.0003072999970754,0.0017417999988538,0.0006495999987237,0.0017692000037641,0.0009568999957991,5.199995939619839e-06,1.1600001016631722e-05
9,35,2.8299997211433947e-05,0.0003121999980066,0.0012453000017558,0.0001876999958767,0.0012735999989672,0.0004998999938834,5.100002454128116e-06,1.1000003723893316e-05
9,36,2.7399997634347528e-05,0.0003112999984296,0.0016163999971468,0.000883499997144,0.0016437999947811,0.0011947999955737,8.600000001024455e-06,1.2499993317760529e-05
9,37,2.819999644998461e-05,0.0003182000000379,0.0021207000027061,0.0003661000009742,0.0021488999991561,0.0006843000010121,5.49999822396785e-06,1.1900003300979732e-05
9,38,2.780000068014488e-05,0.0003149000040139,0.0013701000061701,0.0005089000042062,0.0013979000068502,0.0008238000082201,4.800000169780105e-06,1.09999964479357e-05
9,39,2.720000338740647e-05,0.0003126000010524,0.0018433000004733,0.0007678999972995,0.0018705000038607,0.001080499998352,4.999994416721165e-06,1.1599993740674108e-05
9,40,2.8100002964492887e-05,0.0003129000033368,0.002006300004723,0.0003577999959816,0.0020344000076875,0.0006706999993184,5.599998985417187e-06,1.200000406242907e-05
9,41,2.8899994504172355e-05,0.0003108999953838,0.0011964000004809,0.0003620000061346,0.0012252999949851,0.0006729000015184,5.299996701069176e-06,1.1299998732283711e-05
9,42,2.780000068014488e-05,0.0003140999979223,0.0020030999949085,0.0010124000036739,0.0020308999955886,0.0013265000015962,1.0700001439545304e-05,1.3299999409355223e-05
9,43,3.0800001695752144e-05,0.0003182000000379,0.0016211999973165,0.0005180000007385,0.0016519999990123,0.0008362000007764,5.100002454128116e-06,1.1500000255182384e-05
9,44,2.7999994927085936e-05,0.000313599994115,0.0014679000014439,0.0001998000007006,0.001495899996371,0.0005133999948156,4.800000169780105e-06,1.1600001016631722e-05
9,45,2.8100002964492887e-05,0.0003148999967379,0.0020143000001553,0.0006133000060799,0.0020424000031198,0.0009282000028179,5.49999822396785e-06,1.1500000255182384e-05
9,46,2.8299997211433947e-05,0.0003187000038451,0.0020621000003302,0.0004439999975147,0.0020903999975416,0.0007627000013599,4.899993655271828e-06,1.1399999493733048e-05
9,47,2.7900001441594213e-05,0.0003119000029982,0.0029309999954421,0.0005366000041249,0.0029588999968837,0.0008485000071232,1.1000003723893316e-05,1.309999788645655e-05
9,48,2.8500006010290235e-05,0.0003122999987681,0.0019208999947295,0.0003657999986899,0.0019494000007398,0.000678099997458,5.899993993807584e-06,1.200000406242907e-05
9,49,2.75999991572462e-05,0.0003113000057055,0.0014492999980575,0.000351300004695,0.0014768999972147,0.0006626000104006,5.200003215577453e-06,1.170000177808106e-05
9,50,3.35000004270114e-05,0.0003097000007983,0.0021205000011832,0.0007661999989068,0.0021540000016102,0.0010758999997051,6.099995516706258e-06,1.1500000255182384e-05
9,51,2.859999949578196e-05,0.0006419999990612,0.0020914000051561,0.0005433000042103,0.0021200000046519,0.0011853000032715,1.069999416358769e-05,1.3199998647905886e-05
9,52,3.03999986499548e-05,0.0003140000044368,0.0019031999981962,0.001118200001656,0.0019335999968461,0.0014322000060928,9.800001862458885e-06,1.290000363951549e-05
9,53,2.9499999072868377e-05,0.0003127000018139,0.0015426000027218,0.0008694999996805,0.0015721000017947,0.0011822000014944,8.39999847812578e-06,1.219999830937013e-05
9,54,2.870000025723129e-05,0.0005301000055624,0.0015426999962073,0.00027570000384,0.0015713999964646,0.0008058000094024,9.099996532313526e-06,1.2600001355167478e-05
9,55,2.800000220304355e-05,0.0003127000018139,0.0023197999980766,0.00048550000065,0.0023478000002796,0.000798200002464,1.4099998224992303e-05,1.6699996194802225e-05
9,56,3.9500002458225936e-05,0.0004039999985252,0.0018077999993693,0.0004676000025938,0.0018473000018275,0.000871600001119,1.3500000932253895e-05,1.6999998479150236e-05
9,57,3.899999865097925e-05,0.0004018000036012,0.0022066999954404,0.0002089000045089,0.0022456999940914,0.0006107000081101,1.080000220099464e-05,1.340000017080456e-05
9,58,4.659999831346795e-05,0.0004069999995408,0.0021512000021175,0.0005357000045478,0.002197800000431,0.0009427000040886,1.0900002962443978e-05,1.3500000932253895e-05
9,59,2.8800001018680632e-05,0.0003223999956389,0.0013782999958493,0.0005249999958323,0.001407099996868,0.0008473999914713,5.30000397702679e-06,1.1699994502123444e-05
9,60,2.7399997634347528e-05,0.0003159999978379,0.0020275999995647,0.000987300001725,0.002054999997199,0.001303299999563,5.299996701069176e-06,1.170000177808106e-05
9,61,2.859999949578196e-05,0.0003121000045211,0.0018954999977722,0.0002838000000338,0.001924099997268,0.000595900004555,1.0900002962443978e-05,1.3199998647905886e-05
9,62,2.970000059576705e-05,0.0003144000002066,0.0019810000012512,0.0004421999983605,0.0020107000018469,0.0007565999985672,5.500005499925464e-06,1.1799995263572782e-05
9,63,2.9000002541579303e-05,0.000324400003592,0.0023730999964755,0.0006812999999965,0.002402099999017,0.0010057000035885,5.699999746866524e-06,1.1999996786471456e-05
9,64,2.859999949578196e-05,0.0003221000006305,0.0021678999983123,0.000397999996494,0.0021964999978081,0.0007200999971246,7.100003131199628e-06,1.2099997547920792e-05
9,65,2.8899994504172355e-05,0.0003143000067211,0.0025288000033469,0.0002570999931776,0.0025576999978511,0.0005713999998988,1.2999997125007212e-05,1.6400001186411828e-05
9,66,3.650000144261867e-05,0.0003940000024158,0.0016955999963101,0.0005305999948177,0.0017320999977528,0.0009245999972335,1.879999763332308e-05,1.3800003216601908e-05
9,67,2.849999873433262e-05,0.0003119000029982,0.0019902999993064,0.0008076000012806,0.0020187999980407,0.0011195000042789,8.000002708286047e-06,1.2299999070819467e-05
9,68,2.959999983431772e-05,0.0003177000035066,0.0020588000043062,0.0006180999989737,0.0020884000041405,0.0009358000024803,5.49999822396785e-06,1.200000406242907e-05
9,69,2.859999949578196e-05,0.0003198999984306,0.0010449999972479,0.0002013000048464,0.0010735999967437,0.000521200003277,4.599998646881431e-06,1.1299998732283711e-05
9,70,2.7499998395796865e-05,0.000312500000291,0.0015858999977353,0.0002099000048474,0.0016133999961311,0.0005224000051384,6.200003554113209e-06,1.170000177808106e-05
9,71,2.8399997972883284e-05,0.0003131000048597,0.00167109999893,0.0003504999986034,0.0016994999969028,0.0006636000034632,4.900000931229442e-06,1.1299998732283711e-05
9,72,2.780000068014488e-05,0.0003103999988525,0.0017205999974976,0.0001139000014518,0.0017483999981777,0.0004243000003043,4.599998646881431e-06,1.1000003723893316e-05
9,73,3.03999986499548e-05,0.0003110000034212,0.0019689999971888,0.0004321999949752,0.0019993999958387,0.0007431999983964,5.900001269765198e-06,1.1900003300979732e-05
9,74,2.729999687289819e-05,0.0003120000037597,0.0012937999999849,0.0004383999985293,0.0013210999968578,0.000750400002289,4.699999408330768e-06,1.1199997970834374e-05
9,75,2.78999941656366e-05,0.0003122999987681,0.0022152000019559,0.00042399999802,0.0022430999961216,0.0007362999967881,4.800000169780105e-06,1.1299998732283711e-05
9,76,2.8200003725942224e-05,0.0003091000035055,0.0018529999942984,0.0005337999973562,0.0018811999980243,0.0008429000008618,6.400005077011883e-06,1.219999830937013e-05
9,77,2.890000178012997e-05,0.0003085999996983,0.0013860999970347,0.0002882999979192,0.0014149999988148,0.0005968999976175,4.800000169780105e-06,1.1299998732283711e-05
9,78,2.8200003725942224e-05,0.0003100000030826,0.0022211999967112,0.0006581000052392,0.0022494000004371,0.0009681000083219,5.399997462518513e-06,1.170000177808106e-05
9,79,2.8899994504172355e-05,0.0003092999977525,0.0016112999946926,0.0004313999961595,0.0016401999891968,0.0007406999939121,4.800000169780105e-06,1.189999602502212e-05
9,80,2.800000220304355e-05,0.0003082999974139,0.0023418999990099,0.0006735999995726,0.0023699000012129,0.0009818999969866,4.800000169780105e-06,1.1200005246791989e-05
9,81,2.870000025723129e-05,0.0003313999986858,0.0019752999942284,0.0002921000050264,0.0020039999944856,0.0006235000037122,7.000002369750291e-06,1.1699994502123444e-05
9,82,2.780000068014488e-05,0.0003108000018983,0.00173150000046,0.0003616000030888,0.0017593000011402,0.0006724000049871,4.800000169780105e-06,1.1500000255182384e-05
9,83,2.780000068014488e-05,0.0003078000008827,0.0019106999970972,0.0004493000014917,0.0019384999977773,0.0007571000023745,5.899993993807584e-06,1.1500000255182384e-05
9,84,2.8399997972883284e-05,0.0003100000030826,0.002071299997624,0.0003586000020732,0.0020996999955968,0.0006686000051558,4.699999408330768e-06,1.1100004485342652e-05
9,85,2.830000448739156e-05,0.000310299998091,0.0013763000024482,0.0005130999998073,0.0014046000069356,0.0008233999978983,4.699999408330768e-06,1.1299998732283711e-05
9,86,2.809999568853528e-05,0.0003118999957223,0.0017897999932756,0.0005431999961729,0.0018178999889642,0.0008550999918952,6.200003554113209e-06,1.189999602502212e-05
9,87,2.8800001018680632e-05,0.0003189999988535,0.0015638999975635,0.0005268999957479,0.0015926999985822,0.0008458999946014,5.49999822396785e-06,1.1600001016631722e-05
9,88,2.8200003725942224e-05,0.0003107000011368,0.0017433000029996,0.0004447999963304,0.0017715000067255,0.0007554999974672,5.399997462518513e-06,1.1399999493733048e-05
9,89,2.7900001441594213e-05,0.0003093999985139,0.0016725000023143,0.000526699994225,0.0017004000037559,0.000836099992739,4.999994416721165e-06,1.1399999493733048e-05
9,90,2.859999949578196e-05,0.0003101999973296,0.0015363999991677,0.0004416000010678,0.0015649999986635,0.0007517999983974,4.599998646881431e-06,1.0899995686486363e-05
9,91,2.8299997211433947e-05,0.0003393999941181,0.001559600001201,0.0004845000003115,0.0015878999984124,0.0008238999944296,5.199995939619839e-06,1.1600001016631722e-05
9,92,2.7900001441594213e-05,0.0003348000027472,0.0021498000060091,0.0004464999947231,0.0021777000074507,0.0007812999974703,6.099995516706258e-06,1.1699994502123444e-05
9,93,2.710000262595713e-05,0.0003092999977525,0.0020631000006687,0.0004674999945564,0.0020902000032947,0.0007767999923089,5.399997462518513e-06,1.1299998732283711e-05
9,94,2.8399997972883284e-05,0.0003464999972493,0.0023498000009567,0.0002848000003723,0.0023781999989296,0.0006312999976216,5.100002454128116e-06,1.1399999493733048e-05
9,95,2.780000068014488e-05,0.0003214999960619,0.0012226000035298,0.0005193000033614,0.0012504000042099,0.0008407999994233,4.900000931229442e-06,1.1300006008241326e-05
9,96,2.780000068014488e-05,0.0003121999980066,0.0017540000044391,0.0002829000004567,0.0017818000051192,0.0005950999984634,4.999994416721165e-06,1.1399999493733048e-05
9,97,2.639999729581177e-05,0.0003137999956379,0.0017746000012266,0.0005620999945676,0.0018009999985224,0.0008758999902056,1.0600000678095968e-05,1.2999997125007212e-05
9,98,2.9499999072868377e-05,0.0003214999960619,0.0019787999990512,0.001275100003113,0.0020082999981241,0.0015965999991749,6.399997801054269e-06,1.1999996786471456e-05
9,99,2.909999602707103e-05,0.0003182000000379,0.0022531999929924,0.0004418999960762,0.0022822999890195,0.0007600999961141,5.400004738476127e-06,1.1799995263572782e-05
9,100,2.8800001018680632e-05,0.0003171999996993,0.0016390999953728,0.000411000000895,0.0016678999963914,0.0007282000005943,1.2999997125007212e-05,1.679999695625156e-05
10,1,4.25000034738332e-05,0.0004934000025968,0.0040291999976034,0.0004613000055542,0.0040717000010772,0.0009547000081511,1.049999991664663e-05,1.969999721040949e-05
10,2,3.270000161137432e-05,0.0003987000018241,0.002587000002677,0.0008895999999367,0.0026197000042884,0.0012883000017609,5.49999822396785e-06,1.4199998986441642e-05
10,3,3.090000245720148e-05,0.0003964000061387,0.0023909000010462,0.0008795000030659,0.0024218000035034,0.0012759000092046,5.399997462518513e-06,1.3700002455152571e-05
10,4,3.1600000511389226e-05,0.0004027999966638,0.0025624999980209,0.0001300000003539,0.0025940999985323,0.0005327999970177,4.900000931229442e-06,1.3300006685312836e-05
10,5,3.019999712705612e-05,0.0003962999981013,0.0026527000009082,0.0004885999951511,0.0026828999980352,0.0008848999932524,6.599999323952943e-06,1.3800003216601908e-05
10,6,3.189999551977962e-05,0.0003967000011471,0.0026440000001457,0.0008594000028097,0.0026758999956655,0.0012561000039568,5.100002454128116e-06,1.3499993656296285e-05
10,7,3.070000093430281e-05,0.0003983999995398,0.0021076999983051,0.0003252999958931,0.0021383999992394,0.0007236999954329,5.100002454128116e-06,1.3999997463542968e-05
10,8,3.1299998227041215e-05,0.0003945999997085,0.0023486999998567,0.0007478000043192,0.0023799999980838,0.0011424000040278,4.800000169780105e-06,1.2599994079209864e-05
10,9,3.170000127283856e-05,0.0003943999981856,0.0024811000039335,0.0005168999996385,0.0025128000052063,0.0009112999978242,1.0600000678095968e-05,1.5600002370774746e-05
10,10,3.279999509686604e-05,0.0003969999961555,0.0022112000006018,0.0010608000011416,0.0022439999956986,0.0014577999972971,5.299996701069176e-06,1.3299999409355223e-05
10,11,3.2000003557186574e-05,0.0003953000050387,0.002396800002316,0.0005186999987927,0.0024288000058731,0.0009140000038314,5.49999822396785e-06,1.3899996702093633e-05
10,12,3.210000431863591e-05,0.0003904000041075,0.002523300005123,0.0002306999958818,0.0025554000094416,0.0006210999999893,4.800000169780105e-06,1.3199998647905886e-05
10,13,3.130000550299883e-05,0.0003968000019085,0.0022033999994164,0.0006002000009175,0.0022347000049194,0.000997000002826,6.800000846851617e-06,1.4099998224992303e-05
10,14,3.2199997804127634e-05,0.0003959000023314,0.0019805999982054,0.0007990999947651,0.0020127999960095,0.0011949999970966,4.899993655271828e-06,1.3299999409355223e-05
10,15,3.190000279573724e-05,0.0003956999935326,0.0025097000034293,0.0005894999994779,0.002541600006225,0.0009851999930106,5.100002454128116e-06,1.3500000932253895e-05
10,16,3.190000279573724e-05,0.0004006999952252,0.0025204999983543,0.0009569999965606,0.00255240000115,0.0013576999917859,5.000001692678779e-06,1.3199998647905886e-05
10,17,3.169999399688095e-05,0.0004011999990325,0.0026338000025134,0.0003481000021565,0.0026654999965103,0.0007493000011891,1.080000220099464e-05,1.6000005416572094e-05
10,18,3.359999391250312e-05,0.0003964999996242,0.0019354000032762,0.0005208000002312,0.0019689999971888,0.0009172999998554,5.399997462518513e-06,1.3600001693703234e-05
10,19,3.2500000088475645e-05,0.0004006999952252,0.001980299995921,0.0008247000005212,0.0020127999960095,0.0012253999957465,5.900001269765198e-06,1.3199998647905886e-05
10,20,3.229999856557697e-05,0.0004020999986096,0.0025075000012293,0.000627200002782,0.0025397999997949,0.0010293000013916,5.299996701069176e-06,1.3799995940644294e-05
10,21,3.3299998904112726e-05,0.00039580000157,0.0026131000049645,0.0013060999990557,0.0026464000038686,0.0017019000006257,1.309999788645655e-05,1.9500002963468432e-05
10,22,3.3399999665562063e-05,0.0003954000058001,0.0022870000029797,0.0005221000028541,0.0023204000026453,0.0009175000086543,5.599998985417187e-06,1.4199998986441642e-05
10,23,3.1600000511389226e-05,0.0003972999984398,0.0023841000001993,0.0004278999986127,0.0024157000007107,0.0008251999970525,5.400004738476127e-06,1.340000017080456e-05
10,24,3.229999856557697e-05,0.0004012999997939,0.0025426000065635,0.0005940999981248,0.0025749000051291,0.0009953999979188,5.599998985417187e-06,1.3800003216601908e-05
10,25,3.15000070258975e-05,0.0003988000025856,0.0037549000044236,0.0010074000019812,0.0037864000114495,0.0014062000045669,1.309999788645655e-05,1.9500002963468432e-05
10,26,4.040000203531236e-05,0.0004633000062312,0.0028441999966162,0.0011180000001331,0.0028845999986515,0.0015813000063644,9.2999980552122e-06,1.5199999324977398e-05
10,27,3.290000313427299e-05,0.0003974999999627,0.0028404999975464,0.0007827000008546,0.0028734000006807,0.0011802000008174,1.3199998647905886e-05,1.930000144056976e-05
10,28,4.429999535204843e-05,0.0005185000045457,0.0032367000021622,0.0010372000033385,0.0032809999975143,0.0015557000078842,1.09999964479357e-05,1.5300000086426735e-05
10,29,3.360000118846074e-05,0.00039470000047,0.0036790000012842,0.0007251999995787,0.0037126000024727,0.0011199000000488,1.0899995686486363e-05,1.5899997379165143e-05
10,30,3.37999954354018e-05,0.0004054000019095,0.002150200001779,0.0001307999991695,0.0021839999972144,0.0005362000010791,5.699999746866524e-06,1.4199998986441642e-05
10,31,3.119999746559188e-05,0.0003968000019085,0.0023045000052661,0.0007954999964567,0.0023357000027317,0.0011922999983653,5.199995939619839e-06,1.340000017080456e-05
10,32,3.2800002372823656e-05,0.0005851999958395,0.0028950000050826,0.000525600000401,0.0029278000074555,0.0011107999962405,1.069999416358769e-05,1.569999585626647e-05
10,33,3.2800002372823656e-05,0.0004023000001325,0.0023744999998598,0.0007000999976298,0.0024073000022326,0.0011023999977624,5.599998985417187e-06,1.3600001693703234e-05
10,34,3.2500000088475645e-05,0.0003962000046158,0.0020054999986314,0.000522299997101,0.0020379999987198,0.0009185000017168,5.599998985417187e-06,1.3299999409355223e-05
10,35,3.2199997804127634e-05,0.0003956000000471,0.0022958000045036,0.0003194000018993,0.0023280000023078,0.0007150000019464,5.100002454128116e-06,1.3899996702093633e-05
10,36,3.60000049113296e-05,0.0003953000050387,0.0019130000000586,0.0003193000011378,0.00194900000497,0.0007146000061766,5.800000508315861e-06,1.290000363951549e-05
10,37,3.1299998227041215e-05,0.0003906999991158,0.0019068000037805,0.0004149000014876,0.0019381000020075,0.0008056000006035,4.800000169780105e-06,1.3799995940644294e-05
10,38,3.149999974993989e-05,0.0003981999980169,0.0031689000024925,0.0010877000022446,0.0032004000022425,0.0014859000002616,5.800000508315861e-06,1.3799995940644294e-05
10,39,3.2500000088475645e-05,0.0003971999976783,0.0018550999957369,0.0008952999996836,0.0018875999958254,0.001292499997362,5.099995178170502e-06,1.3999997463542968e-05
10,40,3.060000017285347e-05,0.0014224999977159,0.002137199997378,0.0006174000009195,0.0021677999975509,0.0020398999986355,7.200003892648965e-06,1.3899996702093633e-05
10,41,3.289999585831538e-05,0.0003914999979315,0.0023002000016276,0.0007391000035568,0.0023330999974859,0.0011306000014883,6.299997039604932e-06,1.3700002455152571e-05
10,42,3.189999551977962e-05,0.0021401999983936,0.0026094999993802,0.0006829999983892,0.0026413999948999,0.0028231999967829,6.300004315562546e-06,1.340000017080456e-05
10,43,3.190000279573724e-05,0.00039690000267,0.0116546999997808,0.0004349000009824,0.0116866000025765,0.0008318000036524,8.600000001024455e-06,1.479999627918005e-05
10,44,3.669999568955973e-05,0.0004029999981867,0.0027182999983779,0.0003305999998701,0.0027549999940674,0.0007335999980568,5.399997462518513e-06,1.3899996702093633e-05
10,45,3.719999949680641e-05,0.0003998000029241,0.0026176000028499,0.0007927999977255,0.0026548000023467,0.0011926000006496,4.900000931229442e-06,1.3900003978051244e-05
10,46,3.2000003557186574e-05,0.0003968000019085,0.0026462999958312,0.0007053000008454,0.0026782999993884,0.001102100002754,7.700000423938036e-06,1.429999974789098e-05
10,47,3.289999585831538e-05,0.0003964999996242,0.0021640000049956,0.0004157999937888,0.0021969000008539,0.000812299993413,4.900000931229442e-06,1.3600001693703234e-05
10,48,3.199999628122896e-05,0.0003931000028387,0.0021733000030508,0.001002699995297,0.002205299999332,0.0013957999981357,5.200003215577453e-06,1.3199998647905886e-05
10,49,3.429999924264848e-05,0.0004128000000491,0.0029996000012033,0.0001369999954476,0.003033900000446,0.0005497999954968,1.0899995686486363e-05,1.5199999324977398e-05
10,50,3.260000084992498e-05,0.0004000999979325,0.0027355000056559,0.0003230000002076,0.0027681000065058,0.0007230999981402,6.199996278155595e-06,1.3899996702093633e-05
10,51,3.220000508008525e-05,0.0004014000005554,0.0019242000053054,0.0004075999968335,0.0019564000103855,0.000808999997389,5.800000508315861e-06,1.3299999409355223e-05
10,52,3.170000127283856e-05,0.0003933999978471,0.0019826999996439,0.0005934000000706,0.0020144000009167,0.0009867999979178,5.000001692678779e-06,1.2700002116616815e-05
10,53,3.229999856557697e-05,0.0003963000053772,0.0032056999989436,0.0007574999981443,0.0032379999975091,0.0011538000035216,1.09999964479357e-05,1.5599995094817132e-05
10,54,3.35000004270114e-05,0.000404400001571,0.0027432999995653,0.0004144999984418,0.0027767999999923,0.0008189000000129,7.499998901039362e-06,1.429999974789098e-05
10,55,3.270000161137432e-05,0.0003907999998773,0.0019288999974378,0.0005118000044603,0.0019615999990492,0.0009026000043377,5.199995939619839e-06,1.3600001693703234e-05
10,56,3.149999974993989e-05,0.0003887000057147,0.0021984999984852,0.0006791000050725,0.0022299999982351,0.0010678000107873,4.599998646881431e-06,1.3799995940644294e-05
10,57,3.2199997804127634e-05,0.0003976000007241,0.0021172000051592,0.0005019999953219,0.0021494000029633,0.0008995999960461,1.900000643217936e-05,1.3600001693703234e-05
10,58,3.260000084992498e-05,0.0003980000037699,0.0019061999992118,0.0003214999960619,0.0019388000000617,0.0007194999998318,4.5000051613897085e-06,1.3000004400964826e-05
10,59,3.18000020342879e-05,0.0003974999999627,0.0021793999985675,0.0008386000044993,0.0022112000006018,0.001236100004462,5.199995939619839e-06,1.509999856352806e-05
10,60,3.210000431863591e-05,0.000397800002247,0.0019642999977804,0.0004980999947292,0.0019964000020991,0.0008958999969763,4.499997885432094e-06,1.2999997125007212e-05
10,61,3.220000508008525e-05,0.0003992999991169,0.0023227999990922,0.000327699999616,0.0023550000041723,0.0007269999987329,5.49999822396785e-06,1.3800003216601908e-05
10,62,3.229999856557697e-05,0.0004052000003866,0.0022382000024663,0.0006082000036258,0.0022705000010319,0.0010134000040125,6.099995516706258e-06,1.4099998224992303e-05
10,63,3.270000161137432e-05,0.0004024000008939,0.002103699996951,0.0008632000026409,0.0021363999985624,0.0012656000035349,4.800000169780105e-06,1.3100005162414163e-05
10,64,3.260000084992498e-05,0.0004073999953106,0.0027301000009174,0.0004339000006439,0.0027627000017673,0.0008412999959546,5.399997462518513e-06,1.3600001693703234e-05
10,65,3.210000431863591e-05,0.0003987999953096,0.0017470000020693,0.0007127999997464,0.001779100006388,0.0011115999950561,4.699999408330768e-06,1.3500000932253895e-05
10,66,3.2500000088475645e-05,0.0003995999941253,0.0026281000027665,0.0006094999989727,0.002660600002855,0.001009099993098,6.199996278155595e-06,1.4400000509340316e-05
10,67,3.199999628122896e-05,0.000405500002671,0.0020187999980407,0.0007656999950995,0.002050799994322,0.0011711999977706,4.900000931229442e-06,1.340000017080456e-05
10,68,3.2300005841534585e-05,0.000398900003347,0.0023663000029046,0.0005114000014145,0.0023986000087461,0.0009103000047616,5.199995939619839e-06,1.3600001693703234e-05
10,69,3.139999898849055e-05,0.0003958999950555,0.0020100000037928,0.0004056000034324,0.0020414000027813,0.0008014999984879,4.699999408330768e-06,1.340000017080456e-05
10,70,3.170000127283856e-05,0.0003909000006387,0.0027896000028704,0.0006731000030413,0.0028213000041432,0.0010640000036801,1.2999997125007212e-05,1.8699996871873736e-05
10,71,4.019999323645607e-05,0.0004916000034427,0.0023342999993474,0.0007087999983923,0.0023744999925838,0.001200400001835,5.699999746866524e-06,1.4099998224992303e-05
10,72,3.4699995012488216e-05,0.0003959999958169,0.0024009000044316,0.0010769000000436,0.002435599999444,0.0014728999958606,1.3299999409355223e-05,1.9800005247816443e-05
10,73,4.489999992074445e-05,0.0004570999954012,0.0024488999988534,0.0008304000002681,0.0024937999987741,0.0012874999956693,1.0799994925037026e-05,1.5799996617715806e-05
10,74,3.380000271135941e-05,0.0005002000034437,0.0026561999984551,0.0006572000056621,0.0026900000011664,0.0011574000091059,1.0399999155197293e-05,1.479999627918005e-05
10,75,3.300000389572233e-05,0.0004016999955638,0.0022431000033975,0.0005246000000624,0.0022761000072932,0.0009262999956263,5.30000397702679e-06,1.429999974789098e-05
10,76,3.210000431863591e-05,0.0003977999949711,0.0022984000024734,0.000618600002781,0.0023305000067921,0.0010163999977521,5.200003215577453e-06,1.3500000932253895e-05
10,77,3.2000003557186574e-05,0.0003973999992012,0.0018892000007326,0.0009833000003709,0.0019212000042898,0.0013806999995722,5.699999746866524e-06,1.3899996702093633e-05
10,78,3.190000279573724e-05,0.0003987000018241,0.0033049000048777,0.0007358999937423,0.0033368000076734,0.0011345999955665,1.069999416358769e-05,1.5400000847876072e-05
10,79,3.390000347280875e-05,0.0004029999981867,0.0024850999980117,0.0008047999945119,0.0025190000014845,0.0012077999926987,5.800000508315861e-06,1.4200006262399256e-05
10,80,3.2800002372823656e-05,0.0003986000010627,0.0020034999979543,0.0005110999991302,0.0020363000003271,0.0009097000001929,5.000001692678779e-06,1.3500000932253895e-05
10,81,3.290000313427299e-05,0.0004012000063084,0.0027561999959289,0.0004255000021657,0.0027890999990631,0.0008267000084742,1.0600000678095968e-05,1.4500001270789651e-05
10,82,3.239999932702631e-05,0.0003953999985242,0.0025500000047031,0.0003192000003764,0.0025824000040302,0.0007145999989006,5.200003215577453e-06,1.3800003216601908e-05
10,83,3.109999670414254e-05,0.0003932999970857,0.0025012999976752,0.0005105999953229,0.0025323999943793,0.0009038999924086,5.199995939619839e-06,1.2999997125007212e-05
10,84,3.189999551977962e-05,0.0003931000028387,0.002294099998835,0.0004999000011594,0.0023259999943547,0.0008930000039981,5.400004738476127e-06,1.3500000932253895e-05
10,85,3.2000003557186574e-05,0.000397999996494,0.0023549000034108,0.0008193000030587,0.002386900006968,0.0012172999995527,1.3299999409355223e-05,1.939999492606148e-05
10,86,4.359999729786068e-05,0.000511500002176,0.0024436000021523,0.0003154000005451,0.0024871999994502,0.0008269000027212,5.800000508315861e-06,1.429999974789098e-05
10,87,3.239999932702631e-05,0.0003996000014012,0.0027251999999862,0.0005032000044593,0.0027575999993132,0.0009028000058606,5.800000508315861e-06,1.3900003978051244e-05
10,88,3.170000127283856e-05,0.0003969999961555,0.0018192999996244,0.0008787999977357,0.0018510000008973,0.0012757999938912,5.099995178170502e-06,1.3899996702093633e-05
10,89,3.170000127283856e-05,0.0004123999970033,0.0025803000025916,0.0004765000048791,0.0026120000038645,0.0008889000018825,1.0600000678095968e-05,1.550000160932541e-05
10,90,3.309999738121405e-05,0.000405499995395,0.0021377000011852,0.0004446000020834,0.0021707999985665,0.0008500999974785,5.49999822396785e-06,1.3500000932253895e-05
10,91,3.239999932702631e-05,0.0003684999974211,0.002292999997735,0.0007270999994943,0.002325399997062,0.0010955999969155,5.900001269765198e-06,1.4099998224992303e-05
10,92,3.2199997804127634e-05,0.0003961999973398,0.002112299996952,0.0005922999989707,0.0021444999947561,0.0009884999963105,4.900000931229442e-06,1.3899996702093633e-05
10,93,3.229999856557697e-05,0.0003959000023314,0.0025363999957335,0.0009453000020585,0.002568699994299,0.0013412000043899,7.099995855242014e-06,1.3800003216601908e-05
10,94,3.499999729683623e-05,0.0003999000036856,0.0024348000006284,0.0005259999961708,0.0024697999979252,0.0009258999998564,6.000002031214535e-06,1.679999695625156e-05
10,95,3.229999856557697e-05,0.0003945999997085,0.0025241000039386,0.0009139999965555,0.0025564000025042,0.001308599996264,5.49999822396785e-06,1.3999997463542968e-05
10,96,3.2199997804127634e-05,0.0003950999962398,0.0023980999976629,0.0010902000067289,0.002430299995467,0.0014853000029688,5.400004738476127e-06,1.3600001693703234e-05
10,97,3.190000279573724e-05,0.0003973999992012,0.0022073000000091,0.0005524000007426,0.0022392000028048,0.0009497999999439,1.0599993402138352e-05,1.5599995094817132e-05
10,98,3.5400000342633575e-05,0.0004124999977648,0.0025058000028366,0.0004083000021637,0.0025412000031792,0.0008207999999285,5.699999746866524e-06,1.4000004739500582e-05
10,99,3.189999551977962e-05,0.0003867999985232,0.0024023000005399,0.0005361000003176,0.0024341999960597,0.0009228999988408,5.900001269765198e-06,1.3699995179194955e-05
10,100,3.2099997042678297e-05,0.0003971999976783,0.0026631000000634,0.0006925000052433,0.0026951999971061,0.0010897000029217,5.299996701069176e-06,1.4099998224992303e-05
11,1,3.640000068116933e-05,0.0005001999961677,0.0032687999992049,0.0003800000049523,0.003305199999886,0.0008802000011201,8.100003469735384e-06,2.099999983329326e-05
11,2,3.619999915827066e-05,0.0004961999948136,0.0032008999987738,0.0005858000004081,0.003237099997932,0.0010819999952218,5.599998985417187e-06,1.5199999324977398e-05
11,3,3.500000457279384e-05,0.0005026999933761,0.0032225999966613,0.0004877999963355,0.003257600001234,0.0009904999897116,6.100002792663872e-06,1.6000005416572094e-05
11,4,3.51999988197349e-05,0.0004897999970125,0.0041064999968511,0.0012937999999849,0.0041416999956709,0.0017835999969975,1.0799994925037026e-05,1.7400001524947584e-05
11,5,3.8100006349850446e-05,0.0004985999985365,0.003061900002649,0.0009236999976565,0.0031000000089989,0.001422299996193,6.199996278155595e-06,1.630000042496249e-05
11,6,3.659999492811039e-05,0.0004955999975209,0.0036112000016146,0.0006234999964362,0.0036477999965427,0.0011190999939572,5.699999746866524e-06,1.6099998902063817e-05
11,7,3.550000110408291e-05,0.0005044999998062,0.0028290999980526,0.0018076000051223,0.0028645999991567,0.0023121000049286,7.700000423938036e-06,1.7100006516557187e-05
11,8,3.680000372696668e-05,0.0004975999981979,0.0031623000031686,0.000813399994513,0.0031991000068956,0.001310999992711,7.599999662488699e-06,1.6200006939470768e-05
11,9,3.610000567277893e-05,0.0005646999998134,0.0033825999998953,0.0006045999980415,0.003418700005568,0.0011692999978549,1.09999964479357e-05,1.799999881768599e-05
11,10,3.6900004488416016e-05,0.0004889999981969,0.0036783000032301,0.0008277000015368,0.0037152000077185,0.0013166999997338,5.599998985417187e-06,1.550000160932541e-05
11,11,3.629999991972e-05,0.0004876000020885,0.0027859999972861,0.0010343000030843,0.0028222999972058,0.0015219000051729,5.800000508315861e-06,1.6099998902063817e-05
11,12,3.590000414988026e-05,0.0004952999952365,0.0034959000040544,0.0010169000015594,0.0035318000082043,0.0015121999967959,5.49999822396785e-06,1.6000005416572094e-05
11,13,3.5899996873922646e-05,0.0004980000012437,0.0030669000043417,0.0006786999947507,0.0031028000012156,0.0011766999959945,6.900001608300954e-06,1.6099998902063817e-05
11,14,3.54999938281253e-05,0.0004829000026802,0.0032999999966705,0.0005898000017623,0.0033354999904986,0.0010727000044425,5.800000508315861e-06,1.4999997802078724e-05
11,15,3.539999306667596e-05,0.0004898000042885,0.0038602000058745,0.0011121000061393,0.0038955999989411,0.0016019000104279,5.49999822396785e-06,1.630000042496249e-05
11,16,3.499999729683623e-05,0.0004864000002271,0.0032747000004746,0.0010706999964895,0.0033096999977715,0.0015570999967167,1.0700001439545304e-05,1.7600003047846258e-05
11,17,3.6600002204068005e-05,0.0005307999963406,0.0036674000002676,0.0006538000016007,0.0037040000024717,0.0011845999979414,1.309999788645655e-05,2.220000169472769e-05
11,18,4.939999780617654e-05,0.0005279000033624,0.0036336999983177,0.0003840999997919,0.0036830999961239,0.0009120000031543,1.080000220099464e-05,1.7600003047846258e-05
11,19,3.650000144261867e-05,0.0004971000016666,0.0036117999989073,0.0016355999978259,0.0036483000003499,0.0021326999994926,1.0700001439545304e-05,1.7400001524947584e-05
11,20,3.750000178115442e-05,0.0005027000006521,0.0035369999968679,0.0013834999990649,0.0035744999986491,0.001886199999717,5.800000508315861e-06,1.599999814061448e-05
11,21,3.709999873535708e-05,0.000495200001751,0.0027597999942372,0.0007188000017777,0.0027968999929726,0.0012140000035287,5.800000508315861e-06,2.040000254055485e-05
11,22,3.580000338843092e-05,0.0004717000047094,0.0041898000054061,0.001383300004818,0.0042256000087945,0.0018550000095274,1.0799994925037026e-05,1.7899998056236655e-05
11,23,3.680000372696668e-05,0.0005176999984541,0.0028691000043181,0.0008971000061137,0.0029059000080451,0.0014148000045679,6.499998562503606e-06,1.7099999240599573e-05
11,24,3.5400000342633575e-05,0.000499599998875,0.0040271000034408,0.0007352999964496,0.0040625000037834,0.0012348999953246,1.3299999409355223e-05,2.1400002879090607e-05
11,25,4.489999992074445e-05,0.0006247999990591,0.0038035000034142,0.0008257000008597,0.0038484000033349,0.0014504999999189,1.0899995686486363e-05,1.7499995010439306e-05
11,26,3.769999602809549e-05,0.0004978999932063,0.0026971000042976,0.0009476999985054,0.0027348000003257,0.0014455999917117,7.400005415547639e-06,1.679999695625156e-05
11,27,3.6799996451009065e-05,0.0004945999971823,0.0028820000006817,0.0008626999988337,0.0029187999971327,0.001357299996016,1.5599995094817132e-05,2.61999957729131e-05
11,28,5.789999704575166e-05,0.0006304000053205,0.0029575000007753,0.0006085999993956,0.003015399997821,0.0012390000047162,1.0900002962443978e-05,1.750000228639692e-05
11,29,3.719999949680641e-05,0.0004988000000594,0.0033546999984537,0.0009081999960471,0.0033918999979505,0.0014069999961066,5.49999822396785e-06,1.6199999663513154e-05
11,30,3.60000049113296e-05,0.000471400002425,0.0035252000016043,0.0022181000022101,0.0035612000065157,0.0026895000046351,1.3500000932253895e-05,8.569999772589654e-05
11,31,4.379999882075936e-05,0.0005027000006521,0.0044898999985889,0.0016247999956249,0.0045336999974097,0.002127499996277,9.900002623908222e-06,1.7300000763498247e-05
11,32,3.759999526664615e-05,0.0005068999962531,0.0028187999996589,0.0006116000004112,0.0028563999949255,0.0011184999966644,8.299997716676444e-06,1.7300000763498247e-05
11,33,3.599999763537198e-05,0.0004981999954907,0.00425279999763,0.0007251999995787,0.0042887999952654,0.0012233999950694,1.080000220099464e-05,1.720000000204891e-05
11,34,3.6799996451009065e-05,0.0004992999965907,0.0030362000034074,0.0005959999980404,0.0030729999998584,0.0010952999946312,5.999994755256921e-06,1.5899997379165143e-05
11,35,3.680000372696668e-05,0.000501800001075,0.0035470000002533,0.0012593999999808,0.0035838000039802,0.0017612000010558,7.800001185387373e-06,1.6199999663513154e-05
11,36,3.550000110408291e-05,0.0004991000023437,0.0036666999949375,0.000374199997168,0.0037021999960415,0.0008732999995118,6.499998562503606e-06,1.5799996617715806e-05
11,37,3.580000338843092e-05,0.0004850000041187,0.0033517999981995,0.0010621999972499,0.0033876000015879,0.0015472000013687,5.49999822396785e-06,1.4900004316587e-05
11,38,3.759999526664615e-05,0.0004924999957438,0.0031326000025728,0.0005951999992248,0.0031701999978395,0.0010876999949687,5.699999746866524e-06,1.5600002370774746e-05
11,39,3.4699995012488216e-05,0.000488799996674,0.0039489999981014,0.0008343000008608,0.0039836999931139,0.0013230999975348,1.0700001439545304e-05,1.700000575510785e-05
11,40,3.779999678954482e-05,0.0004993999973521,0.0035551999972085,0.0010792999964905,0.003592999993998,0.0015786999938427,6.299997039604932e-06,1.670000347075984e-05
11,41,3.719999949680641e-05,0.0005027000006521,0.0029103999986546,0.0007227000023704,0.0029475999981514,0.0012254000030225,5.699999746866524e-06,1.509999856352806e-05
11,42,3.579999611247331e-05,0.000506000003952,0.0029611999998451,0.0010669000039342,0.0029969999959575,0.0015729000078863,1.0900002962443978e-05,1.7400001524947584e-05
11,43,3.580000338843092e-05,0.0004950000002281,0.0032145000004675,0.0016297999973176,0.0032503000038559,0.0021247999975457,6.200003554113209e-06,1.6099998902063817e-05
11,44,3.619999915827066e-05,0.000496300002851,0.0029985000001033,0.0008035999999265,0.0030346999992616,0.0012999000027775,7.300004654098302e-06,1.580000389367342e-05
11,45,3.5400000342633575e-05,0.0005832999959238,0.0032335000068997,0.0015448000049218,0.0032689000072423,0.0021281000008457,1.0799994925037026e-05,1.7599995771888644e-05
11,46,3.709999873535708e-05,0.0004946000044583,0.0024966999990283,0.0008151000001817,0.0025337999977637,0.00130970000464,5.999994755256921e-06,1.6199999663513154e-05
11,47,3.560000186553225e-05,0.0004954999967594,0.0034215000050608,0.0005928000027779,0.0034571000069263,0.0010882999995374,5.900001269765198e-06,1.6099998902063817e-05
11,48,3.550000110408291e-05,0.0004969000001437,0.003117000000202,0.0006158999967738,0.0031525000013061,0.0011127999969176,1.080000220099464e-05,1.7700003809295595e-05
11,49,3.710000601131469e-05,0.0004961000013281,0.0030493000012938,0.0007036000024527,0.0030864000073052,0.0011997000037808,6.400005077011883e-06,1.6099998902063817e-05
11,50,3.5700002626981586e-05,0.0004969000001437,0.0027109000002383,0.0011473000049591,0.0027466000028653,0.0016442000051029,5.599998985417187e-06,1.580000389367342e-05
11,51,3.640000068116933e-05,0.0004985999985365,0.0035559000025386,0.0006216999972821,0.0035923000032198,0.0011202999958186,1.080000220099464e-05,1.7099999240599573e-05
11,52,3.620000643422827e-05,0.0004993999973521,0.0038497000059578,0.0003896999987773,0.003885900012392,0.0008890999961295,6.400005077011883e-06,1.6600002709310502e-05
11,53,4.1600003896746784e-05,0.0004928999987896,0.0034950000044773,0.0015148999955272,0.003536600008374,0.0020077999943168,6.000002031214535e-06,1.6199999663513154e-05
11,54,3.640000068116933e-05,0.0004944000029354,0.0042816999994101,0.0003778999962378,0.0043181000000913,0.0008722999991732,1.080000220099464e-05,1.7800004570744932e-05
11,55,4.8000001697801054e-05,0.0004879000043729,0.0034192000020993,0.0007961000010254,0.0034672000037971,0.0012840000053984,6.800000846851617e-06,1.6099998902063817e-05
11,56,3.5700002626981586e-05,0.0004972999959136,0.0031486000007134,0.0009193000005325,0.0031843000033404,0.0014165999964461,5.099995178170502e-06,1.599999814061448e-05
11,57,3.560000186553225e-05,0.0004960000005667,0.0035099000015179,0.0003825000021606,0.0035455000033834,0.0008785000027273,7.000002369750291e-06,1.630000042496249e-05
11,58,3.569999535102397e-05,0.0004935999968438,0.0033612000042921,0.0008017000000108,0.0033968999996432,0.0012952999968547,5.099995178170502e-06,1.5199999324977398e-05
11,59,3.529999958118424e-05,0.0004938999991281,0.0042775000038091,0.0005056000009062,0.0043128000033902,0.0009995000000344,6.299997039604932e-06,1.599999814061448e-05
11,60,3.599999763537198e-05,0.0005091999992146,0.0127911000017775,0.0006939999948372,0.0128270999994128,0.0012031999940518,9.000003046821803e-06,1.679999695625156e-05
11,61,3.680000372696668e-05,0.0004946000044583,0.0037067000012029,0.0005846999993082,0.0037435000049299,0.0010793000037665,6.70000008540228e-06,1.6500001947861165e-05
11,62,3.5400000342633575e-05,0.0004910999996354,0.0030708999984199,0.0005821000013384,0.0031062999987625,0.0010732000009738,5.399997462518513e-06,1.5400000847876072e-05
11,63,3.930000093532726e-05,0.000490800004627,0.0025480999975115,0.0006935999990673,0.0025873999984469,0.0011844000036944,5.599998985417187e-06,1.580000389367342e-05
11,64,3.560000186553225e-05,0.0004884000009042,0.002987200001371,0.0009088000006158,0.0030228000032366,0.0013972000015201,1.1299998732283711e-05,1.8300001102034003e-05
11,65,4.059999628225341e-05,0.0004870000047958,0.002671400005056,0.0010284000018145,0.0027120000013383,0.0015154000066104,5.800000508315861e-06,1.610000617802143e-05
11,66,3.580000338843092e-05,0.0004971000016666,0.0026950999963446,0.0010456000018166,0.002730899999733,0.0015427000034833,5.49999822396785e-06,1.5899997379165143e-05
11,67,3.590000414988026e-05,0.0004936000041197,0.0025118000048678,0.0009767999945324,0.0025477000090177,0.0014703999986522,1.3199998647905886e-05,2.130000211764127e-05
11,68,4.820000322069973e-05,0.000590399999055,0.0034114999943994,0.0007050999993225,0.0034596999976201,0.0012954999983776,1.0899995686486363e-05,1.7400001524947584e-05
11,69,3.599999763537198e-05,0.0004972000024281,0.0036274000012781,0.0011417000059736,0.0036633999989135,0.0016389000084018,5.800000508315861e-06,1.580000389367342e-05
11,70,3.619999915827066e-05,0.0004988000000594,0.0034634999974514,0.0006116999938967,0.0034996999966097,0.0011104999939561,1.0700001439545304e-05,1.750000228639692e-05
11,71,3.599999763537198e-05,0.0004948000059812,0.0035533999980543,0.0007027000028756,0.0035893999956897,0.0011975000088568,6.900001608300954e-06,1.630000042496249e-05
11,72,3.5899996873922646e-05,0.0004938999991281,0.0025707999957376,0.0003872999950544,0.0026066999926115,0.0008811999941826,5.100002454128116e-06,1.5600002370774746e-05
11,73,3.85999956051819e-05,0.0004908999981125,0.0027224999939789,0.000587100003031,0.0027610999895841,0.0010780000011436,5.999994755256921e-06,1.550000160932541e-05
11,74,3.5099998058285564e-05,0.0004900999992969,0.0030269999988377,0.0004755999980261,0.0030620999968959,0.000965699997323,6.199996278155595e-06,1.5700003132224083e-05
11,75,3.5400000342633575e-05,0.0004875999948126,0.0033136000056401,0.0010273000007146,0.0033490000059828,0.0015148999955272,5.30000397702679e-06,1.5900004655122757e-05
11,76,3.560000186553225e-05,0.0004961000013281,0.0027409999966039,0.0009906999985105,0.0027765999984694,0.0014867999998386,5.699999746866524e-06,1.630000042496249e-05
11,77,3.560000186553225e-05,0.0005365000033634,0.0035367000018595,0.00091390000307,0.0035723000037251,0.0014504000064334,1.069999416358769e-05,1.7499995010439306e-05
11,78,3.6499994166661054e-05,0.0004977999997208,0.0033755999975255,0.000714900001185,0.0034120999916922,0.0012127000009058,5.800000508315861e-06,1.6099998902063817e-05
11,79,3.560000186553225e-05,0.0004998000003979,0.0032882999948924,0.0008454000053461,0.0033238999967579,0.0013452000057441,1.359999441774562e-05,2.200000017182901e-05
11,80,4.86999997519888e-05,0.0006202000004122,0.0050024000011035,0.0006711000023642,0.0050511000008555,0.0012913000027765,1.0900002962443978e-05,1.720000000204891e-05
11,81,3.709999873535708e-05,0.0004969999936292,0.0031075000006239,0.0011610000001383,0.0031445999993593,0.0016579999937675,6.89999433234334e-06,1.599999814061448e-05
11,82,3.680000372696668e-05,0.0004967000058968,0.003212399999029,0.0008815000037429,0.0032492000027559,0.0013782000096398,1.0700001439545304e-05,1.7100006516557187e-05
11,83,3.6900004488416016e-05,0.0005005999992135,0.0028593000024557,0.0011531999989529,0.0028962000069441,0.0016537999981665,5.999994755256921e-06,1.5700003132224083e-05
11,84,3.580000338843092e-05,0.000496300002851,0.0025930999981937,0.0010340000008,0.0026289000015822,0.001530300003651,5.599998985417187e-06,1.5899997379165143e-05
11,85,3.560000186553225e-05,0.000493199993798,0.0039928000041982,0.0002918999962275,0.0040284000060637,0.0007850999900256,1.0600000678095968e-05,1.7599995771888644e-05
11,86,3.640000068116933e-05,0.0005279999968479,0.0040865000046323,0.0007890999986557,0.0041229000053135,0.0013170999955036,6.099995516706258e-06,1.5899997379165143e-05
11,87,3.60000049113296e-05,0.0004862999994657,0.0032270999945467,0.0008039000022108,0.003263099999458,0.0012902000016765,5.399997462518513e-06,1.5799996617715806e-05
11,88,3.550000110408291e-05,0.0004859000036958,0.0036743999953614,0.0006057999999029,0.0037098999964655,0.0010917000035988,1.0600000678095968e-05,1.790000533219427e-05
11,89,3.6600002204068005e-05,0.0005028000014135,0.0031687000009696,0.0011273000054643,0.0032053000031737,0.0016301000068779,6.000002031214535e-06,1.6400001186411828e-05
11,90,3.640000068116933e-05,0.000503800001752,0.0033844999998109,0.0009416000029887,0.0034209000004921,0.0014454000047408,5.399997462518513e-06,1.5799996617715806e-05
11,91,3.550000110408291e-05,0.0004972000024281,0.00355199999467,0.0007137000065995,0.0035874999957741,0.0012109000090276,1.080000220099464e-05,1.7600003047846258e-05
11,92,3.629999991972e-05,0.0004975000047124,0.0030616000003647,0.0007870000044931,0.0030979000002844,0.0012845000092056,5.49999822396785e-06,1.5400000847876072e-05
11,93,3.5899996873922646e-05,0.0005022000041208,0.003483699998469,0.0006936999998288,0.003519599995343,0.0011959000039496,5.399997462518513e-06,1.569999585626647e-05
11,94,3.529999958118424e-05,0.0004955999975209,0.004414999995788,0.0004935999968438,0.0044502999953692,0.0009891999943647,1.1399999493733048e-05,1.7600003047846258e-05
11,95,3.6799996451009065e-05,0.0007575999989057,0.0036825999995926,0.0006052000026102,0.0037193999960436,0.001362800001516,1.0900002962443978e-05,1.7600003047846258e-05
11,96,3.750000178115442e-05,0.0004980000012437,0.0038088000001152,0.0011587000044528,0.0038463000018964,0.0016567000056966,1.5600002370774746e-05,2.6299996534362435e-05
11,97,5.109999619890005e-05,0.000622999999905,0.0041119000015896,0.0006175999951665,0.0041629999977885,0.0012405999950715,1.0799994925037026e-05,1.769999653333798e-05
11,98,3.5899996873922646e-05,0.0004900999992969,0.0025626000060583,0.0006924000044818,0.0025985000029322,0.0011825000037788,5.800000508315861e-06,1.5600002370774746e-05
11,99,3.499999729683623e-05,0.0004970000009052,0.003086800003075,0.0005836999989696,0.0031218000003718,0.0010806999998749,5.399997462518513e-06,1.6199999663513154e-05
11,100,3.640000068116933e-05,0.0005017000003135,0.0029289000012795,0.0006015000035404,0.0029653000019607,0.0011032000038539,6.199996278155595e-06,1.5300000086426735e-05
12,1,3.870000364258885e-05,0.0006102999977883,0.004198799993901,0.000792699996964,0.0042374999975436,0.0014029999947524,7.90000194683671e-06,1.920000067912042e-05
12,2,3.94000016967766e-05,0.0006079000013414,0.00391959999979,0.0015925999978207,0.0039590000014868,0.0022004999991622,1.1000003723893316e-05,1.979999797185883e-05
12,3,4.25000034738332e-05,0.0006171000059111,0.0047344999984488,0.0009568999957991,0.0047770000019227,0.0015740000017103,6.70000008540228e-06,1.8999999156221747e-05
12,4,4.019999323645607e-05,0.0006116000004112,0.0037621000010403,0.0015664000020478,0.0038022999942768,0.0021780000024591,5.699999746866524e-06,3.260000084992498e-05
12,5,4.130000161239877e-05,0.0007341000018641,0.0051588999995146,0.0009286000058637,0.005200200001127,0.0016627000077278,1.0700001439545304e-05,1.989999873330817e-05
12,6,3.930000093532726e-05,0.0006129000030341,0.0052597999965655,0.0013153000036254,0.0052990999975008,0.0019282000066596,5.699999746866524e-06,1.7899998056236655e-05
12,7,3.889999788952992e-05,0.0006154000002425,0.0042136999982176,0.0009427000040886,0.0042525999961071,0.0015581000043312,1.3500000932253895e-05,2.540000423323363e-05
12,8,5.210000381339341e-05,0.0007342000026255,0.0048600000009173,0.0013184000054025,0.0049121000047307,0.002052600008028,1.080000220099464e-05,1.9999999494757503e-05
12,9,3.9999998989515007e-05,0.000610900002357,0.0046953999990364,0.0009109000020544,0.0047353999980259,0.0015218000044114,9.500006854068488e-06,1.979999797185883e-05
12,10,4.030000127386302e-05,0.0006050000010873,0.0037350999991758,0.0009340999968117,0.0037754000004497,0.001539099997899,5.500005499925464e-06,1.769999653333798e-05
12,11,3.94000016967766e-05,0.0005982000002404,0.004669100002502,0.0010842999981832,0.0047085000041988,0.0016824999984237,6.000002031214535e-06,1.8900005670730025e-05
12,12,3.94000016967766e-05,0.0006042000022716,0.005454500002088,0.0014254999987315,0.0054939000037848,0.0020297000010032,5.900001269765198e-06,1.85999961104244e-05
12,13,3.959999594371766e-05,0.0006021000008331,0.0048723999934736,0.0024116000058711,0.0049119999894173,0.0030137000067043,1.3299999409355223e-05,2.520000271033496e-05
12,14,5.160000000614673e-05,0.0006517999936477,0.0047666000027675,0.0009551999974064,0.0048182000027736,0.0016069999910541,6.300004315562546e-06,1.840000186348334e-05
12,15,3.9500002458225936e-05,0.0005927000020164,0.0050339000008534,0.0012160999976913,0.0050734000033116,0.0018087999997078,1.0600000678095968e-05,1.940000220201909e-05
12,16,4.350000381236896e-05,0.0006051999953342,0.0046677999998792,0.0009272000024793,0.0047113000036915,0.0015323999978136,1.3299999409355223e-05,2.4900000425986946e-05
12,17,4.549999721348286e-05,0.0008362000007764,0.0065066000024671,0.0022347999984049,0.0065520999996806,0.0030709999991813,1.1300006008241326e-05,1.969999721040949e-05
12,18,6.040000153006986e-05,0.000775300002715,0.0051342000006115,0.000853300000017,0.0051946000021416,0.0016286000027321,1.09999964479357e-05,1.990000600926578e-05
12,19,4.009999975096434e-05,0.0006546999939018,0.0032723999975132,0.0019740999996429,0.0033124999972642,0.0026287999935448,1.0899995686486363e-05,2.010000025620684e-05
12,20,4.050000279676169e-05,0.0006060000014258,0.0043809000053443,0.0009155000007012,0.004421400008141,0.0015215000021271,1.3199998647905886e-05,2.3500004317611456e-05
12,21,5.329999839887023e-05,0.0007205999936559,0.005383099996834,0.0011888999943039,0.0054363999952329,0.0019094999879598,1.1100004485342652e-05,1.9999999494757503e-05
12,22,3.960000321967527e-05,0.0006177999966894,0.0051539000050979,0.0006819000045652,0.0051935000083176,0.0012997000012546,5.599998985417187e-06,1.979999797185883e-05
12,23,3.840000135824084e-05,0.0006148000029497,0.0049099999960162,0.0019444999998086,0.0049483999973745,0.0025593000027583,7.500006176996976e-06,1.9099999917671084e-05
12,24,3.9500002458225936e-05,0.0006131999980425,0.0038134999995236,0.0008213000037358,0.0038530000019818,0.0014345000017783,5.200003215577453e-06,1.8399994587525725e-05
12,25,3.889999788952992e-05,0.0006048000068403,0.0040800999995553,0.0012163999999756,0.0041189999974449,0.001821200006816,7.099995855242014e-06,1.8200000340584666e-05
12,26,3.899999865097925e-05,0.0006109999958425,0.0044484000027296,0.0007999000008567,0.0044874000013805,0.0014108999966992,5.699999746866524e-06,1.7300000763498247e-05
12,27,4.310000076657161e-05,0.0006032000019331,0.0039958999986993,0.001933799998369,0.0040389999994658,0.0025370000003022,6.000002031214535e-06,1.8800004909280688e-05
12,28,3.930000093532726e-05,0.000693100002536,0.0044827000019722,0.0008096999954432,0.0045220000029075,0.0015027999979793,1.080000220099464e-05,2.4100001610349864e-05
12,29,3.930000093532726e-05,0.0005998999986331,0.0049858999991556,0.0009448999990127,0.0050252000000909,0.0015447999976458,6.499998562503606e-06,1.8499995348975062e-05
12,30,3.959999594371766e-05,0.0005971999999019,0.0035566000005928,0.0012124999993829,0.0035961999965365,0.0018096999992849,1.1000003723893316e-05,1.969999721040949e-05
12,31,3.94000016967766e-05,0.0006071000025258,0.0047672000000602,0.0016648999953758,0.004806600001757,0.0022719999979017,6.299997039604932e-06,1.85999961104244e-05
12,32,3.899999865097925e-05,0.0006079000013414,0.003353899999638,0.0010357999999541,0.003392899998289,0.0016437000012956,5.399997462518513e-06,1.8300001102034003e-05
12,33,3.7999998312443495e-05,0.0006118999954196,0.0039638000016566,0.0006903999965288,0.004001799999969,0.0013022999919485,5.199995939619839e-06,1.809999957913533e-05
12,34,3.85999956051819e-05,0.0006547000011778,0.0040971000053104,0.0005725000009988,0.0041357000009156,0.0012272000021766,6.299997039604932e-06,1.8499995348975062e-05
12,35,3.9500002458225936e-05,0.0006097000004956,0.0039484999942942,0.0010918999978457,0.0039879999967524,0.0017015999983414,1.1000003723893316e-05,2.0200001017656177e-05
12,36,4.069999704370275e-05,0.0006147000021883,0.0043899000011151,0.0012178999968455,0.0044305999981588,0.0018325999990338,6.800000846851617e-06,1.920000067912042e-05
12,37,4.430000262800604e-05,0.0006056999991415,0.0049087000006693,0.0014381000000867,0.0049530000032973,0.0020437999992282,1.1199997970834374e-05,2.02999945031479e-05
12,38,4.320000152802095e-05,0.0006118000019341,0.004399999997986,0.0013393000044743,0.004443199999514,0.0019511000064085,7.000002369750291e-06,1.889999839477241e-05
12,39,4.099999932805076e-05,0.0006137999953352,0.003865599996061,0.0009260000006179,0.0039065999953891,0.0015397999959532,1.2999997125007212e-05,2.5000001187436283e-05
12,40,5.049999890616164e-05,0.0006387999965227,0.0041979999950854,0.0019953000009991,0.0042484999939915,0.0026340999975218,6.70000008540228e-06,1.8900005670730025e-05
12,41,4.050000279676169e-05,0.0006091999966884,0.0026527999943937,0.0008052999983192,0.0026932999971904,0.0014144999950076,6.100002792663872e-06,1.850000262493268e-05
12,42,3.860000288113952e-05,0.0006007999982102,0.0046798999974271,0.000432400003774,0.0047185000003082,0.0010332000019843,1.09999964479357e-05,1.9999999494757503e-05
12,43,3.989999822806567e-05,0.0006212000007508,0.0041989000019384,0.0009146999946096,0.0042388000001665,0.0015358999953605,6.199996278155595e-06,1.879999763332308e-05
12,44,4.11000000895001e-05,0.0006196000031195,0.0039459999970858,0.0011165000032633,0.0039870999971753,0.0017361000063829,6.599999323952943e-06,1.809999957913533e-05
12,45,3.899999865097925e-05,0.0005679000023519,0.0041689000063342,0.0013207000010879,0.0042079000049852,0.0018886000034399,6.000002031214535e-06,1.8900005670730025e-05
12,46,3.9999998989515007e-05,0.0006133999995654,0.0045166999989305,0.0008073999997577,0.00455669999792,0.0014207999993232,6.599999323952943e-06,1.8900005670730025e-05
12,47,3.989999822806567e-05,0.0006051000018487,0.0036212000049999,0.0008231000028899,0.003661100003228,0.0014282000047387,1.0899995686486363e-05,2.0700004824902862e-05
12,48,5.230000533629209e-05,0.0005944000004092,0.0050839999967138,0.00142980000237,0.0051363000020501,0.0020242000027792,8.100003469735384e-06,2.010000025620684e-05
12,49,3.9699996705167e-05,0.0006170000051497,0.0074874999991152,0.001223100000061,0.0075271999958204,0.0018401000052108,1.09999964479357e-05,2.0500003302004188e-05
12,50,3.949999518226832e-05,0.0006174000009195,0.0131437000018195,0.0009784000067156,0.0131831999970017,0.0015958000076352,1.2200005585327744e-05,2.099999983329326e-05
12,51,4.079999780515209e-05,0.0006131999980425,0.0038117000003694,0.0011882999970111,0.0038524999981746,0.0018014999950537,6.299997039604932e-06,1.85999961104244e-05
12,52,3.979999746661633e-05,0.0006091000032029,0.0032444000025861,0.0014386999973794,0.0032842000000528,0.0020478000005823,8.09999619377777e-06,1.9199993403162807e-05
12,53,3.989999822806567e-05,0.0006063999971956,0.0045103000011295,0.00164400000358,0.0045501999993575,0.0022504000007756,5.599998985417187e-06,1.7599995771888644e-05
12,54,3.9999998989515007e-05,0.0006126999942352,0.0046035999985178,0.0008298000029753,0.0046435999975074,0.0014424999972106,5.200003215577453e-06,1.7899998056236655e-05
12,55,3.909999941242859e-05,0.0006028999996487,0.004235400003381,0.0010591000027488,0.0042745000027935,0.0016620000023976,5.399997462518513e-06,1.809999957913533e-05
12,56,3.889999788952992e-05,0.0005998000051476,0.0051839000007021,0.0016147999995155,0.0052227999985916,0.0022146000046632,7.599999662488699e-06,1.8200000340584666e-05
12,57,3.9500002458225936e-05,0.0006083000043872,0.0048642999972798,0.0006844000017736,0.0049037999997381,0.0012927000061608,5.699999746866524e-06,1.8399994587525725e-05
12,58,3.989999822806567e-05,0.0006057000064174,0.0039749999996274,0.001481799998146,0.0040148999978555,0.0020875000045634,6.699992809444666e-06,1.870000414783135e-05
12,59,3.9200000173877925e-05,0.0006193000008352,0.003624299999501,0.0004408000022522,0.0036634999996749,0.0010601000030874,5.199995939619839e-06,1.8600003386382014e-05
12,60,3.830000059679151e-05,0.0006148999964352,0.0049532000048202,0.0010447000022395,0.004991500005417,0.0016595999986748,5.599998985417187e-06,1.7600003047846258e-05
12,61,3.929999365936965e-05,0.0006161999990581,0.0057113000002573,0.0009983999989344,0.0057505999939166,0.0016145999979926,1.1099997209385036e-05,2.0199993741698563e-05
12,62,4.090000584255904e-05,0.0006108000015956,0.0051337000040803,0.000723500001186,0.0051746000099228,0.0013343000027816,1.3399992894846946e-05,2.529999619582668e-05
12,63,5.199999577598646e-05,0.0007005000006756,0.0034549999982118,0.0010468999971635,0.0035069999939878,0.0017473999978392,7.200003892648965e-06,1.960000372491777e-05
12,64,4.009999975096434e-05,0.0006159000040497,0.0037532999995164,0.0010899999979301,0.0037933999992674,0.0017059000019798,5.599998985417187e-06,1.889999839477241e-05
12,65,3.979999746661633e-05,0.0006149999971967,0.0047161999973468,0.0017456999994465,0.0047559999948134,0.0023606999966432,1.09999964479357e-05,2.030000177910552e-05
12,66,4.230000195093453e-05,0.0006132999988039,0.0038128000014694,0.0004488999984459,0.0038551000034203,0.0010621999972499,6.199996278155595e-06,1.829999382607639e-05
12,67,3.930000093532726e-05,0.0006089999951655,0.0042042999994009,0.0011490000033518,0.0042436000003363,0.0017579999985173,5.800000508315861e-06,1.8000006093643606e-05
12,68,4.030000127386302e-05,0.0006112000046414,0.0041141999972751,0.0010900999986915,0.0041544999985489,0.001701300003333,7.799993909429759e-06,1.8300001102034003e-05
12,69,3.909999941242859e-05,0.0006202999938977,0.0039868999956524,0.0010494000016478,0.0040259999950649,0.0016696999955456,7.499998901039362e-06,1.8999999156221747e-05
12,70,3.869999636663124e-05,0.0006095000062487,0.0049703999975463,0.001769399998011,0.0050090999939129,0.0023789000042597,1.1000003723893316e-05,1.979999797185883e-05
12,71,4.099999932805076e-05,0.0006188000043039,0.0039598000003024,0.0006921000021975,0.0040007999996305,0.0013109000065014,6.100002792663872e-06,1.8499995348975062e-05
12,72,3.9999998989515007e-05,0.0006624999950872,0.0035910000005969,0.0008086000016191,0.0036309999995864,0.0014710999967064,5.900001269765198e-06,1.8600003386382014e-05
12,73,3.9500002458225936e-05,0.0007575000054202,0.0050451999995857,0.0015953999973135,0.0050847000020439,0.0023529000027338,1.1100004485342652e-05,1.979999797185883e-05
12,74,4.030000127386302e-05,0.0006233000021893,0.0049045000050682,0.0014541000055032,0.0049448000063421,0.0020774000076926,6.399997801054269e-06,1.8999999156221747e-05
12,75,3.949999518226832e-05,0.0006864999959361,0.004186700003629,0.0005920000039623,0.0042261999988113,0.0012784999998984,1.0900002962443978e-05,2.0200001017656177e-05
12,76,3.9200000173877925e-05,0.0005869999949936,0.004264700000931,0.0011480999964987,0.0043039000011049,0.0017350999914924,6.599999323952943e-06,1.8800004909280688e-05
12,77,3.889999788952992e-05,0.0005956999957561,0.0043962000054307,0.0010770000008051,0.0044351000033202,0.0016726999965612,1.3199998647905886e-05,2.6299996534362435e-05
12,78,5.109999619890005e-05,0.00078940000094,0.0049512999976286,0.0008925000001909,0.0050023999938275,0.0016819000011309,1.1099997209385036e-05,2.039999526459724e-05
12,79,4.120000085094944e-05,0.0008177999989129,0.0056617000009282,0.0008457000003545,0.0057029000017791,0.0016634999992675,1.1100004485342652e-05,2.040000254055485e-05
12,80,4.079999780515209e-05,0.0006087999936426,0.0032514999984414,0.0010710999995353,0.0032922999962465,0.0016798999931779,6.100002792663872e-06,1.85999961104244e-05
12,81,4.049999552080408e-05,0.0006231000006664,0.0037741999985883,0.0011729000034392,0.0038146999941091,0.0017960000041057,6.399997801054269e-06,1.879999763332308e-05
12,82,3.94000016967766e-05,0.0006331999975373,0.0039843999984441,0.0012381000051391,0.0040238000001409,0.0018713000026764,1.09999964479357e-05,1.9500002963468432e-05
12,83,4.369999805931002e-05,0.0006069000010029,0.005520400001842,0.0011995000022579,0.0055640999999013,0.0018064000032609,1.340000017080456e-05,2.0700004824902862e-05
12,84,4.050000279676169e-05,0.0006146000014268,0.0041368000020156,0.0010435999938636,0.0041773000048124,0.0016581999952904,7.099995855242014e-06,1.8699996871873736e-05
12,85,3.909999941242859e-05,0.0006110000031185,0.0041235000026063,0.0010600000023259,0.0041626000020187,0.0016710000054445,5.800000508315861e-06,1.8699996871873736e-05
12,86,4.050000279676169e-05,0.000655399999232,0.0044209000043338,0.0009215999962179,0.0044614000071305,0.00157699999545,6.499998562503606e-06,1.8300001102034003e-05
12,87,3.930000093532726e-05,0.0006082000036258,0.0040069000024232,0.0010810000021592,0.0040462000033585,0.001689200005785,6.099995516706258e-06,1.809999957913533e-05
12,88,3.979999746661633e-05,0.0006118999954196,0.00370649999968,0.0017050000024028,0.0037462999971467,0.0023168999978224,5.800000508315861e-06,1.870000414783135e-05
12,89,4.009999975096434e-05,0.0007294000024558,0.0043743999995058,0.0011871999959112,0.0044144999992568,0.001916599998367,1.1099997209385036e-05,2.099999983329326e-05
12,90,4.039999475935474e-05,0.0006133999995654,0.0037547000029007,0.0008520999981556,0.0037950999976601,0.001465499997721,9.200004569720475e-06,2.030000177910552e-05
12,91,3.94000016967766e-05,0.0006339999963529,0.0063026999996509,0.0016786999985924,0.0063421000013477,0.0023126999949454,1.0899995686486363e-05,2.02999945031479e-05
12,92,4.030000127386302e-05,0.0006034999969415,0.0052558000024873,0.0014949000033084,0.0052961000037612,0.0020984000002499,1.1399999493733048e-05,1.9999999494757503e-05
12,93,4.1000006604008377e-05,0.0006169000043882,0.0037589999992633,0.0004554999977699,0.0038000000058673,0.0010724000021582,1.1000003723893316e-05,2.039999526459724e-05
12,94,3.930000093532726e-05,0.0006099000020185,0.004249500001606,0.0017238000000361,0.0042888000025413,0.0023337000020546,5.999994755256921e-06,1.879999763332308e-05
12,95,4.000000626547262e-05,0.0006145999941509,0.0040934999997261,0.0012023999952361,0.0041335000059916,0.0018169999893871,6.199996278155595e-06,1.8699996871873736e-05
12,96,3.930000093532726e-05,0.0006059000006644,0.0055932000032044,0.0010849999962374,0.0056325000041397,0.0016908999969018,5.599998985417187e-06,1.850000262493268e-05
12,97,3.9200000173877925e-05,0.0006143000064184,0.0053855000005569,0.0009740000023157,0.0054247000007308,0.0015883000087342,1.1099997209385036e-05,1.989999873330817e-05
12,98,3.990000550402328e-05,0.000602499996603,0.0045375999980024,0.0012103999979444,0.0045775000035064,0.0018128999945474,6.299997039604932e-06,1.870000414783135e-05
12,99,4.040000203531236e-05,0.0006193000008352,0.0036695999951916,0.000574100005906,0.0037099999972269,0.0011934000067412,5.49999822396785e-06,1.8200000340584666e-05
12,100,3.9200000173877925e-05,0.0006185000020195,0.0041214000011677,0.0010517999980947,0.0041606000013416,0.0016703000001143,5.700007022824138e-06,1.8300001102034003e-05
13,1,4.389999958220869e-05,0.0007382000039797,0.0056792000032146,0.0013827000002493,0.0057231000027968,0.002120900004229,7.299997378140688e-06,2.039999526459724e-05
13,2,4.340000305091962e-05,0.0007302000012714,0.0039363000032608,0.0010383999979239,0.0039797000063117,0.0017685999991954,6.89999433234334e-06,1.989999873330817e-05
13,3,4.370000533526763e-05,0.0007349999941652,0.0049819999985629,0.0017360999991069,0.0050257000038982,0.0024710999932722,6.399997801054269e-06,2.119999408023432e-05
13,4,4.359999729786068e-05,0.0007429999968735,0.0051168000063626,0.0011358999981894,0.0051604000036604,0.0018788999950629,6.900001608300954e-06,2.0799998310394585e-05
13,5,4.3300002289470285e-05,0.0007318000061786,0.0043852000017068,0.0011782000001403,0.0044285000039963,0.001910000006319,5.800000508315861e-06,2.0500003302004188e-05
13,6,7.080000068526715e-05,0.0011028000008082,0.004967699998815,0.0019680000041262,0.0050384999995003,0.0030708000049344,1.1099997209385036e-05,2.269999822601676e-05
13,7,4.400000034365803e-05,0.0007392999978037,0.0058650999999372,0.0011997000037808,0.0059091000002808,0.0019390000015846,6.70000008540228e-06,2.049999602604657e-05
13,8,4.379999882075936e-05,0.0007477000035578,0.0051542999935918,0.0009187999967252,0.0051980999924126,0.0016665000002831,6.599999323952943e-06,2.0699997548945248e-05
13,9,4.340000305091962e-05,0.0007435999941662,0.0042392999966978,0.0010937000042758,0.0042826999997487,0.0018372999984421,6.100002792663872e-06,2.0900006347801536e-05
13,10,4.329999501351267e-05,0.000733200002287,0.0049116999944089,0.0018034999957308,0.0049549999894225,0.0025366999980178,1.1199997970834374e-05,2.189999941037968e-05
13,11,4.5900000259280205e-05,0.000735399997211,0.0046495999995386,0.0010561000017332,0.0046954999997979,0.0017914999989443,6.000002031214535e-06,2.170000516343861e-05
13,12,4.400000034365803e-05,0.000724600002286,0.0073465999957988,0.0017791999998735,0.0073905999961425,0.0025038000021595,1.1299998732283711e-05,2.3100001271814108e-05
13,13,4.320000152802095e-05,0.0007479999985662,0.0047404000069946,0.0017144999947049,0.0047836000085226,0.0024624999932711,6.70000008540228e-06,2.059999678749591e-05
13,14,4.440000338945538e-05,0.0007339999938267,0.0053038999976706,0.0006467000057455,0.0053483000010601,0.0013806999995722,6.200003554113209e-06,2.1599997126031667e-05
13,15,4.379999882075936e-05,0.0007255999953486,0.0066437999994377,0.0016993999961414,0.0066875999982585,0.00242499999149,6.70000008540228e-06,2.1200001356191933e-05
13,16,4.5599997974932194e-05,0.0007382999974652,0.0055844000016804,0.0018409999975119,0.0056299999996554,0.0025792999949771,6.70000008540228e-06,2.089999907184392e-05
13,17,4.3000000005122274e-05,0.0007452999998349,0.005810399998154,0.0013963999954285,0.0058533999981591,0.0021416999952634,1.1199997970834374e-05,2.2300002456177023e-05
13,18,4.489999992074445e-05,0.0007444000002578,0.006236599998374,0.0012515000053099,0.0062814999982947,0.0019959000055678,9.399998816661537e-06,2.1699997887481004e-05
13,19,4.359999729786068e-05,0.0007320000004256,0.0061461000004783,0.001250200002687,0.0061896999977761,0.0019822000031126,2.819999644998461e-05,2.9100003303028643e-05
13,20,6.27999979769811e-05,0.0009234999961336,0.0064835999946808,0.0013067999971099,0.0065463999926578,0.0022302999932435,1.3299999409355223e-05,3.590000414988026e-05
13,21,5.109999619890005e-05,0.0007245000015245,0.0067500000004656,0.0020780999984708,0.0068010999966645,0.0028025999999954,1.1000003723893316e-05,2.220000169472769e-05
13,22,4.529999569058418e-05,0.0007370000021182,0.0062502000000677,0.0022470000039902,0.0062954999957582,0.0029840000061085,8.300004992634058e-06,2.1599997126031667e-05
13,23,4.369999805931002e-05,0.0007402999981422,0.0059050999989267,0.0027955999976256,0.005948799996986,0.0035358999957679,1.6099998902063817e-05,3.35000004270114e-05
13,24,5.77000027988106e-05,0.0009034999966388,0.0040471999964211,0.0016777000055299,0.0041048999992199,0.0025812000021687,1.09999964479357e-05,2.220000169472769e-05
13,25,4.419999459059909e-05,0.0007349000006797,0.0069866999983787,0.0006678999998257,0.0070308999929693,0.0014028000005055,7.000002369750291e-06,2.1699997887481004e-05
13,26,4.379999882075936e-05,0.0007393999985652,0.0066203000023961,0.0009702999959699,0.0066641000012168,0.0017096999945351,6.799993570894003e-06,2.1599997126031667e-05
13,27,4.379999882075936e-05,0.0007373999978881,0.0152216999995289,0.0028348000050755,0.0152654999983496,0.0035722000029636,1.250000059371814e-05,2.299999323440716e-05
13,28,4.669999907491729e-05,0.0007533000025432,0.0044189999971422,0.0013646000006701,0.0044656999962171,0.0021179000032134,6.499998562503606e-06,2.099999983329326e-05
13,29,4.379999882075936e-05,0.0007356999994954,0.0053573999975924,0.0023214000029838,0.0054011999964131,0.0030571000024792,7.500006176996976e-06,2.1400002879090607e-05
13,30,4.389999958220869e-05,0.0007358999937423,0.0043632999950204,0.0010552000021561,0.0044071999946027,0.0017910999958985,5.800000508315861e-06,1.9999999494757503e-05
13,31,4.3000000005122274e-05,0.0007454000005964,0.0062765999973635,0.0010613999984343,0.0063195999973686,0.0018067999990307,6.399997801054269e-06,2.1599997126031667e-05
13,32,4.370000533526763e-05,0.0007358999937423,0.0054822999954922,0.0013906000021961,0.0055260000008274,0.0021264999959385,1.6400001186411828e-05,3.440000000409782e-05
13,33,6.520000169984996e-05,0.0010557999994489,0.0053889000046183,0.0006447999985539,0.0054541000063181,0.0017005999980028,6.800000846851617e-06,2.099999983329326e-05
13,34,4.310000076657161e-05,0.0007343999968725,0.0061895000035292,0.0010705999957281,0.0062326000042958,0.0018049999926006,6.000002031214535e-06,2.039999526459724e-05
13,35,4.350000381236896e-05,0.0007493000011891,0.0050677999970503,0.0014865000048303,0.0051113000008626,0.0022358000060194,6.399997801054269e-06,2.039999526459724e-05
13,36,4.4200001866556704e-05,0.0009824000007938,0.0056697000036365,0.0011144000018248,0.005713900005503,0.0020968000026186,1.1099997209385036e-05,2.300000051036477e-05
13,37,4.350000381236896e-05,0.0007390999962808,0.0053191000042716,0.0014345999952638,0.0053626000080839,0.0021736999915447,6.300004315562546e-06,2.089999907184392e-05
13,38,4.440000338945538e-05,0.0007519999999203,0.0055276999992202,0.0012874000021838,0.0055721000026096,0.0020394000021042,6.400005077011883e-06,2.089999907184392e-05
13,39,4.349999653641135e-05,0.0007403999989037,0.0063480999961029,0.0015727999998489,0.0063915999926393,0.0023131999987526,1.0899995686486363e-05,2.2599997464567423e-05
13,40,4.429999535204843e-05,0.0006697999997413,0.0069266999998944,0.0019488999969325,0.0069709999952465,0.0026186999966739,1.1199997970834374e-05,2.25000039790757e-05
13,41,4.450000415090472e-05,0.0010677000027499,0.0053094000031705,0.0003759999963222,0.0053539000073214,0.0014436999990721,1.09999964479357e-05,2.2400003217626363e-05
13,42,4.329999501351267e-05,0.0007264000014401,0.0050284000026294,0.0015015999961178,0.005071699997643,0.002227999997558,9.700001101009548e-06,2.220000169472769e-05
13,43,4.369999805931002e-05,0.0007419000030495,0.0058825999949476,0.0012129999959142,0.0059262999930069,0.0019548999989638,9.399998816661537e-06,2.2199994418770075e-05
13,44,4.3600004573818296e-05,0.0007807000001776,0.0059672999996109,0.0010765999977593,0.0060109000041848,0.0018572999979369,6.499998562503606e-06,2.099999983329326e-05
13,45,5.0000002374872565e-05,0.0007356999994954,0.0075947000004816,0.0010981999948853,0.0076447000028565,0.0018338999943807,1.1200005246791989e-05,2.2100000933278352e-05
13,46,4.389999958220869e-05,0.0007432999991578,0.0056050000057439,0.0016307999976561,0.0056489000053261,0.002374099996814,1.1099997209385036e-05,2.300000051036477e-05
13,47,4.410000110510737e-05,0.0007297999982256,0.0068549999996321,0.0015192999999271,0.0068991000007372,0.0022490999981528,6.499998562503606e-06,2.149999636458233e-05
13,48,4.3000000005122274e-05,0.0007393000050797,0.0056676999956835,0.0006751000037183,0.0057106999956886,0.0014144000087981,1.09999964479357e-05,2.3300002794712785e-05
13,49,4.389999958220869e-05,0.0007426000011037,0.0065646000002743,0.0021061000006739,0.0066084999998565,0.0028487000017776,6.70000008540228e-06,4.699999408330768e-05
13,50,7.840000034775585e-05,0.0009980999966501,0.0079246000022976,0.0011618999997153,0.0080030000026454,0.0021599999963655,1.1100004485342652e-05,2.229999518021941e-05
13,51,4.429999535204843e-05,0.0007429999968735,0.0068352000016602,0.0012261999945621,0.0068794999970123,0.0019691999914357,1.1100004485342652e-05,2.3300002794712785e-05
13,52,4.370000533526763e-05,0.000737599999411,0.0056722000008448,0.0016561000011279,0.0057159000061801,0.0023937000005389,6.499998562503606e-06,2.0799998310394585e-05
13,53,4.3300002289470285e-05,0.0007392000043182,0.004739599993627,0.0012432000003173,0.0047828999959165,0.0019824000046355,6.199996278155595e-06,2.11000005947426e-05
13,54,4.3300002289470285e-05,0.0007705999960307,0.0054520999983651,0.0018736999991233,0.0054954000006546,0.0026442999951541,6.099995516706258e-06,2.11000005947426e-05
13,55,4.310000076657161e-05,0.0007384999989881,0.0054581000003963,0.0018469999995431,0.0055012000011629,0.0025854999985313,6.599999323952943e-06,2.02999945031479e-05
13,56,4.2800005758181214e-05,0.0007428999961121,0.0050631999984034,0.0015733999971416,0.0051060000041616,0.0023162999932537,6.300004315562546e-06,2.089999907184392e-05
13,57,4.2599996959324926e-05,0.0007334999972954,0.0054439000014099,0.0015969000014592,0.0054864999983692,0.0023303999987547,1.1099997209385036e-05,2.289999974891544e-05
13,58,4.400000034365803e-05,0.0007483000008505,0.005975899999612,0.0015783999988343,0.0060198999999556,0.0023266999996849,9.700001101009548e-06,2.239999594166875e-05
13,59,4.4200001866556704e-05,0.0007351999956881,0.0049193999948329,0.0019922999999835,0.0049635999966994,0.0027274999956716,6.099995516706258e-06,2.099999983329326e-05
13,60,4.3300002289470285e-05,0.0007509999995818,0.0059557999993558,0.0027676000026986,0.0059991000016452,0.0035186000022804,1.1299998732283711e-05,2.249999670311809e-05
13,61,4.550000448944047e-05,0.0007482000000891,0.0065337000050931,0.0016044999938458,0.0065792000095825,0.0023526999939349,1.1000003723893316e-05,2.2599997464567423e-05
13,62,4.389999958220869e-05,0.0007513999953516,0.0044564999989233,0.0012518000003183,0.0045003999985056,0.00200319999567,1.1299998732283711e-05,2.359999780310318e-05
13,63,4.609999450622127e-05,0.000735399997211,0.0054582000011578,0.0009467999989283,0.005504299995664,0.0016821999961393,6.89999433234334e-06,2.049999602604657e-05
13,64,4.369999805931002e-05,0.0007341000018641,0.0066397999980836,0.0013804999980493,0.0066834999961429,0.0021145999999134,1.1299998732283711e-05,2.269999822601676e-05
13,65,4.4699998397845775e-05,0.0008742999998503,0.0057585000031394,0.0015405000012833,0.0058032000015373,0.0024148000011336,1.069999416358769e-05,2.2599997464567423e-05
13,66,4.389999958220869e-05,0.0007442000060109,0.0054248999949777,0.0016427999944426,0.0054687999945599,0.0023870000004535,9.900002623908222e-06,2.300000051036477e-05
13,67,4.349999653641135e-05,0.0007486000031349,0.0063655000049038,0.0005107999968458,0.0064090000014402,0.0012593999999808,1.1000003723893316e-05,2.359999780310318e-05
13,68,4.5000000682193786e-05,0.0010776999988593,0.0047587000008206,0.001350899998215,0.0048037000015028,0.0024285999970743,8.799994247965515e-06,2.289999974891544e-05
13,69,4.389999958220869e-05,0.0007369999948423,0.0061047000053804,0.0011018000004696,0.0061486000049626,0.001838799995312,1.0899995686486363e-05,2.260000474052504e-05
13,70,4.440000338945538e-05,0.0007533000025432,0.0051766999968094,0.0017014999975799,0.0052211000001989,0.0024548000001232,6.70000008540228e-06,2.1200001356191933e-05
13,71,4.339999577496201e-05,0.0007255000018631,0.0066373000008752,0.0012255000037839,0.0066806999966502,0.001951000005647,1.1099997209385036e-05,2.289999974891544e-05
13,72,4.350000381236896e-05,0.0007995999985723,0.0049456999986432,0.0017431000014767,0.0049892000024556,0.002542700000049,1.1000003723893316e-05,2.3100001271814108e-05
13,73,4.569999873638153e-05,0.000777499997639,0.0076190999971004,0.0013939000054961,0.0076647999958368,0.0021714000031352,1.1000003723893316e-05,2.390000008745119e-05
13,74,4.440000338945538e-05,0.0007480999993276,0.0056056999965221,0.0021320000014384,0.0056500999999116,0.0028801000007661,1.0100004146806896e-05,2.269999822601676e-05
13,75,4.460000491235405e-05,0.0007550999944214,0.0056113000027835,0.0018053000021609,0.0056559000076958,0.0025603999965824,6.70000008540228e-06,2.0699997548945248e-05
13,76,4.379999882075936e-05,0.0007361999960266,0.0057251999969594,0.0005420000015874,0.0057689999957801,0.0012781999976141,1.0900002962443978e-05,2.189999941037968e-05
13,77,5.539999983739108e-05,0.0009263000029022,0.0049991000050795,0.0026126000011572,0.0050545000049169,0.0035389000040595,6.70000008540228e-06,2.059999678749591e-05
13,78,4.419999459059909e-05,0.0007457000028807,0.0051162000017939,0.0006607999966945,0.0051603999963845,0.0014064999995753,7.500006176996976e-06,2.11000005947426e-05
13,79,4.369999805931002e-05,0.0007281000071088,0.0046306000003824,0.0010843999989447,0.0046742999984417,0.0018125000060535,6.199996278155595e-06,2.089999907184392e-05
13,80,4.3099993490614e-05,0.00072899999941,0.0068978999988758,0.0013971999942441,0.0069409999923664,0.0021261999936541,8.09999619377777e-06,2.1400002879090607e-05
13,81,4.5900000259280205e-05,0.000735400004487,0.0053838000021642,0.0023625999965588,0.0054297000024234,0.0030980000010458,8.300004992634058e-06,2.220000169472769e-05
13,82,4.470000567380339e-05,0.0007324999969569,0.0059486999962246,0.0020312999986344,0.0059934000018984,0.0027637999955913,8.600000001024455e-06,2.1599997126031667e-05
13,83,4.520000220509246e-05,0.0007447000025422,0.0052184000014676,0.0014091999983065,0.0052636000036727,0.0021539000008488,1.1000003723893316e-05,2.3200002033263445e-05
13,84,4.650000482797623e-05,0.000748400001612,0.0051662000041687,0.0018555999995442,0.0052127000089967,0.0026040000011562,6.599999323952943e-06,2.089999907184392e-05
13,85,4.410000110510737e-05,0.0007270999994943,0.0061915999976918,0.0014899999951012,0.0062356999987969,0.0022170999945956,1.0899995686486363e-05,2.300000051036477e-05
13,86,4.640000406652689e-05,0.0007444000002578,0.0049441000010119,0.0010777999996207,0.0049905000050785,0.0018221999998786,6.800000846851617e-06,2.1399995603133e-05
13,87,4.379999882075936e-05,0.0007390000027953,0.0066769000040949,0.0013608999943244,0.0067207000029156,0.0020998999971197,1.1299998732283711e-05,2.390000008745119e-05
13,88,4.459999763639644e-05,0.0007432000056724,0.0048473999995621,0.0016897000023163,0.0048919999971985,0.0024329000079887,6.900001608300954e-06,2.1299994841683656e-05
13,89,4.459999763639644e-05,0.0007344000041484,0.0058234999960404,0.0019573000026866,0.0058680999936768,0.0026917000068351,7.199996616691351e-06,2.059999678749591e-05
13,90,4.430000262800604e-05,0.0007377000001724,0.0050642999995034,0.0009177999963867,0.0051086000021314,0.0016554999965592,7.399998139590025e-06,2.130000211764127e-05
13,91,4.319999425206333e-05,0.0007427000018651,0.0064347999941674,0.0010626000002957,0.0064779999884194,0.0018053000021609,6.999995093792677e-06,2.2100000933278352e-05
13,92,4.400000034365803e-05,0.0007417000015266,0.0062216000005719,0.0015071000016178,0.0062656000009155,0.0022488000031444,1.1199997970834374e-05,2.300000051036477e-05
13,93,4.560000525088981e-05,0.0007417000015266,0.0137394999983371,0.0020828999986406,0.013785100003588,0.0028246000001672,1.1600001016631722e-05,2.300000051036477e-05
13,94,4.6200002543628216e-05,0.0007567000066046,0.0051288999966345,0.0011024999985238,0.0051750999991782,0.0018592000051285,1.1000003723893316e-05,2.269999822601676e-05
13,95,4.470000567380339e-05,0.0007999999943422,0.0058528000008664,0.0016238999960478,0.0058975000065402,0.00242389999039,1.3600001693703234e-05,2.919999678852037e-05
13,96,5.689999670721591e-05,0.000768899997638,0.0076460000054794,0.0011056000003009,0.0077029000021866,0.0018744999979389,1.0899995686486363e-05,2.2799998987466097e-05
13,97,4.340000305091962e-05,0.0007847000015317,0.0062584999977843,0.0018400999979348,0.0063019000008353,0.0026247999994666,1.1199997970834374e-05,2.309999399585649e-05
13,98,4.460000491235405e-05,0.0007368999940808,0.0055272000026889,0.0018410999982734,0.0055718000076012,0.0025779999923543,7.299997378140688e-06,2.099999983329326e-05
13,99,5.03999981447123e-05,0.0008228000006056,0.0061599000036949,0.0019310999996378,0.0062103000018396,0.0027539000002434,6.499998562503606e-06,2.130000211764127e-05
13,100,4.350000381236896e-05,0.0007350999949267,0.0048707000023568,0.0012251000007381,0.0049142000061692,0.0019601999956648,7.299997378140688e-06,2.160000440198928e-05
14,1,4.909999552182853e-05,0.0009399000045959,0.0087321000028168,0.0023760999974911,0.0087811999983387,0.003316000002087,1.4000004739500582e-05,3.470000228844583e-05
14,2,6.120000034570694e-05,0.0010867999953916,0.0070311000017682,0.0017923000050359,0.0070923000021139,0.0028791000004275,7.499998901039362e-06,2.5300003471784294e-05
14,3,4.8000001697801054e-05,0.0008882999973138,0.0058757999941008,0.0009387000027345,0.0059237999957986,0.0018270000000484,1.1000003723893316e-05,2.6299996534362435e-05
14,4,4.750000516651198e-05,0.0010732999944593,0.0086439999940921,0.0035467000052449,0.0086914999992586,0.0046199999997043,1.1299998732283711e-05,2.6699999580159783e-05
14,5,5.029999738326296e-05,0.0009479000000283,0.0063605000032112,0.0017005999980028,0.0064108000005944,0.0026484999980311,6.599999323952943e-06,2.7300004148855805e-05
14,6,4.810000245925039e-05,0.0009021000005304,0.0055202000003191,0.0013928999978816,0.0055683000027784,0.002294999998412,7.700000423938036e-06,2.4000000848900527e-05
14,7,4.749999789055437e-05,0.0009011000001919,0.0062605999992229,0.0024293000024044,0.0063080999971134,0.0033304000025964,1.1399999493733048e-05,2.61999957729131e-05
14,8,4.819999594474211e-05,0.0008948999966378,0.0068700999981956,0.0013558999999077,0.0069182999941403,0.0022507999965455,6.499998562503606e-06,2.4000000848900527e-05
14,9,4.749999789055437e-05,0.0008929999967222,0.0063092999989748,0.0010346999988541,0.0063567999968654,0.0019276999955764,7.500006176996976e-06,2.4299995857290924e-05
14,10,4.839999746764079e-05,0.0008777999973972,0.0066395999965607,0.0007362000033026,0.0066879999940283,0.0016140000006998,6.50000583846122e-06,2.459999814163893e-05
14,11,4.610000178217888e-05,0.000887900001544,0.0067576000001281,0.00239789999614,0.0068037000019103,0.003285799997684,6.900001608300954e-06,2.390000008745119e-05
14,12,4.669999907491729e-05,0.0010088999988511,0.007364500001131,0.0012326999931246,0.007411200000206,0.0022415999919758,6.199996278155595e-06,2.479999966453761e-05
14,13,4.669999907491729e-05,0.0008993000010377,0.0060392000013962,0.0012602999995579,0.0060859000004711,0.0021596000005956,6.399997801054269e-06,2.4299995857290924e-05
14,14,4.7599998652003706e-05,0.000880399995367,0.0077187999995658,0.001740100000461,0.0077663999982178,0.0026204999958281,1.1299998732283711e-05,2.61999957729131e-05
14,15,4.760000592796132e-05,0.0008775000023888,0.0080565000025671,0.0027652999997371,0.0081041000084951,0.003642800002126,1.1399999493733048e-05,2.559999848017469e-05
14,16,4.850000550504774e-05,0.0008854000043356,0.005919499999436,0.0021474000022863,0.0059680000049411,0.0030328000066219,8.000002708286047e-06,2.44999973801896e-05
14,17,4.749999789055437e-05,0.0008920000036596,0.0057387999986531,0.0024288999993586,0.0057862999965436,0.0033209000030183,6.499998562503606e-06,2.4900000425986946e-05
14,18,5.03999981447123e-05,0.0008822000017971,0.008261199996923,0.0023462999961338,0.0083115999950678,0.003228499997931,1.1399999493733048e-05,2.559999848017469e-05
14,19,4.810000245925039e-05,0.000894299999345,0.0080058000021381,0.0017940000034286,0.0080539000045973,0.0026883000027737,8.900002285372466e-06,2.5000001187436283e-05
14,20,4.859999899053946e-05,0.0008823000025586,0.0077605999977095,0.0018857999966712,0.0078091999967,0.0027680999992298,6.800000846851617e-06,2.42000023717992e-05
14,21,4.799999442184344e-05,0.000900899998669,0.0073713000019779,0.0028321999998297,0.0074192999963997,0.0037330999984988,8.800001523923129e-06,2.540000423323363e-05
14,22,4.719999560620636e-05,0.0008747000028961,0.0077639999944949,0.0017712999979266,0.0078111999901011,0.0026460000008228,1.3600001693703234e-05,3.239999932702631e-05
14,23,7.130000449251384e-05,0.0009202000001096,0.0067028999983449,0.0025384000036865,0.0067742000028374,0.0034586000037961,1.1399999493733048e-05,2.6299996534362435e-05
14,24,4.9299997044727206e-05,0.0008850000012898,0.0064607000022078,0.0013958999988972,0.0065099999992526,0.0022809000001871,6.299997039604932e-06,2.450000465614721e-05
14,25,4.769999941345304e-05,0.0008874999984982,0.0092731000040657,0.0016132000018842,0.0093208000034792,0.0025007000003824,1.1199997970834374e-05,2.6400004571769387e-05
14,26,4.820000322069973e-05,0.0009103999982471,0.0075703000038629,0.0015282000022125,0.0076185000070836,0.0024386000004597,1.1199997970834374e-05,2.630000381032005e-05
14,27,4.690000059781596e-05,0.0008600000001024,0.0080686000001151,0.0007192999983089,0.0081155000007129,0.0015792999984114,7.299997378140688e-06,2.4900000425986946e-05
14,28,4.669999907491729e-05,0.000940800004173,0.0082455000010668,0.0020525999934761,0.0082922000001417,0.0029933999976492,1.1100004485342652e-05,2.5800000003073364e-05
14,29,4.8000001697801054e-05,0.0009030000001075,0.0076632999989669,0.0013823000044794,0.0077113000006647,0.002285300004587,7.100003131199628e-06,2.3799999326001853e-05
14,30,4.7599998652003706e-05,0.000893399999768,0.0070550000018556,0.0019928000037907,0.0071026000005076,0.0028862000035587,8.200004231184721e-06,2.44999973801896e-05
14,31,4.7599998652003706e-05,0.0008914999998523,0.0067079000000376,0.0019192000036127,0.0067554999986896,0.0028107000034651,1.1399999493733048e-05,2.559999848017469e-05
14,32,5.01000031363219e-05,0.000887900001544,0.0071683999995002,0.0020544999933918,0.0072185000026365,0.0029423999949358,7.800001185387373e-06,2.450000465614721e-05
14,33,4.780000017490238e-05,0.0009420999995199,0.0068570999937946,0.0023975000003702,0.0069048999939695,0.0033395999998901,8.200004231184721e-06,2.5199995434377342e-05
14,34,4.930000432068482e-05,0.0008808000056887,0.0057439000011072,0.0023435999974026,0.0057932000054279,0.0032244000030914,6.599999323952943e-06,2.359999780310318e-05
14,35,4.730000364361331e-05,0.0008901999972295,0.0076343999971868,0.0015677999981562,0.0076817000008304,0.0024579999953857,1.1299998732283711e-05,2.680000034160912e-05
14,36,4.859999899053946e-05,0.0009034999966388,0.0075656999979401,0.0005544000014197,0.0076142999969306,0.0014578999980585,7.599999662488699e-06,2.439999661874026e-05
14,37,4.709999484475702e-05,0.0008862000031513,0.0062021999983699,0.0027574999985517,0.0062492999932146,0.0036437000017031,6.70000008540228e-06,2.4199995095841587e-05
14,38,4.730000364361331e-05,0.0008774999951128,0.0072172000000136,0.0020461000021896,0.0072645000036573,0.0029235999973025,1.1099997209385036e-05,2.5699999241624027e-05
14,39,4.769999941345304e-05,0.0008930000039981,0.0070123999976203,0.0016853999986778,0.0070600999970338,0.002578400002676,7.499998901039362e-06,2.390000008745119e-05
14,40,4.849999822909013e-05,0.0008785999962128,0.0066201000008732,0.0007020999983069,0.0066685999991022,0.0015806999945198,6.400005077011883e-06,2.42000023717992e-05
14,41,4.7299996367655694e-05,0.0008860000016284,0.0078630999996676,0.001739199993608,0.0079103999960352,0.0026251999952364,1.1199997970834374e-05,2.6699999580159783e-05
14,42,4.8800000513438135e-05,0.0008842999959597,0.0086725000001024,0.0015813999998499,0.0087213000006158,0.0024656999958097,1.1299998732283711e-05,2.600000152597204e-05
14,43,7.129999721655622e-05,0.000999399999273,0.0106311999988975,0.0025677000012365,0.010702499996114,0.0035671000005095,1.1399999493733048e-05,2.680000034160912e-05
14,44,5.0199996621813625e-05,0.0008908000017981,0.0072006999980658,0.0017041000028257,0.0072508999946876,0.0025949000046239,6.399997801054269e-06,2.399999357294292e-05
14,45,4.7599998652003706e-05,0.0008787999977357,0.0060778000042773,0.001821400001063,0.0061254000029293,0.0027001999987987,6.499998562503606e-06,2.370000584051013e-05
14,46,4.7599998652003706e-05,0.0008849999940139,0.0066968000028282,0.0016614999985904,0.0067444000014802,0.0025464999926043,6.599999323952943e-06,2.459999814163893e-05
14,47,4.70000013592653e-05,0.0008869999946909,0.0077820000005885,0.0010690000053728,0.0078290000019478,0.0019560000000637,6.599999323952943e-06,2.3799999326001853e-05
14,48,4.7599998652003706e-05,0.0008727999957045,0.0097413000039523,0.0016477000026497,0.0097889000026043,0.0025204999983543,1.1099997209385036e-05,2.479999966453761e-05
14,49,4.839999746764079e-05,0.0008808000056887,0.0149591000008513,0.0012471999943954,0.0150074999983189,0.0021280000000842,1.2100004823878407e-05,2.5800000003073364e-05
14,50,4.860000626649708e-05,0.0009024000028148,0.0077778000049875,0.0019264000002294,0.007826400011254,0.0028288000030443,9.60000033956021e-06,2.6299996534362435e-05
14,51,4.8000001697801054e-05,0.000892299998668,0.0070842999994056,0.0012076000057277,0.0071323000011034,0.0020999000043957,6.900001608300954e-06,2.430000313324853e-05
14,52,4.710000212071464e-05,0.0008843999967211,0.0075331999978516,0.0010399000020697,0.0075802999999723,0.0019242999987909,1.7599995771888644e-05,2.479999966453761e-05
14,53,4.859999899053946e-05,0.0009968000013031,0.0076434999937191,0.0019074999945587,0.0076920999927097,0.0029042999958619,1.1300006008241326e-05,2.5999994250014424e-05
14,54,4.819999594474211e-05,0.0008767999970586,0.0064652000000933,0.0025703999999677,0.006513399996038,0.0034471999970264,1.1100004485342652e-05,2.529999619582668e-05
14,55,5.5999997130129486e-05,0.001148600000306,0.0055277999999816,0.0019020999970962,0.0055837999971117,0.0030506999974022,1.1199997970834374e-05,2.630000381032005e-05
14,56,4.900000203633681e-05,0.0008993000010377,0.0063002000024425,0.0022546000036527,0.0063492000044789,0.0031539000046905,1.6999998479150236e-05,2.529999619582668e-05
14,57,4.780000017490238e-05,0.0008634999976493,0.0094669000027352,0.003033900000446,0.0095147000029101,0.0038973999980953,1.1199997970834374e-05,2.540000423323363e-05
14,58,4.7599998652003706e-05,0.000877099999343,0.0085666000013588,0.0020235999982105,0.0086142000000108,0.0029006999975536,1.170000177808106e-05,2.6299996534362435e-05
14,59,4.889999399892986e-05,0.0009166000018012,0.0074258999957237,0.0020734999998239,0.0074747999897226,0.0029901000016252,1.1099997209385036e-05,2.59000007645227e-05
14,60,4.799999442184344e-05,0.000877099999343,0.007998499997484,0.00188089999574,0.0080464999919058,0.002757999995083,1.1299998732283711e-05,2.6699999580159783e-05
14,61,4.950000584358349e-05,0.0008872000034898,0.0057838999928208,0.0009101999967242,0.0058333999986643,0.0017974000002141,8.499999239575118e-06,2.510000194888562e-05
14,62,4.769999941345304e-05,0.0008719999968889,0.0080595000035827,0.001715399994282,0.0081072000029962,0.0025873999911709,6.300004315562546e-06,2.349999704165384e-05
14,63,4.769999941345304e-05,0.0008785000027273,0.0063578999979654,0.0015266999980667,0.0064055999973788,0.0024052000007941,6.599999323952943e-06,2.390000008745119e-05
14,64,4.7400004405062646e-05,0.0008822000017971,0.0061685999971814,0.0020282000041333,0.0062160000015865,0.0029104000059305,1.1300006008241326e-05,2.660000609466806e-05
14,65,5.220000457484275e-05,0.0008755000017117,0.0077476000005844,0.0018204000007244,0.0077998000051593,0.0026959000024362,1.1199997970834374e-05,2.529999619582668e-05
14,66,4.919999628327787e-05,0.0008956999954534,0.0062596999996458,0.0020862000019405,0.006308899995929,0.002981899997394,7.000002369750291e-06,2.5500004994682968e-05
14,67,4.690000059781596e-05,0.0008180000004358,0.0082909999982803,0.0010409000024083,0.0083378999988781,0.0018589000028441,1.1099997209385036e-05,2.5800000003073364e-05
14,68,4.829999670619145e-05,0.0008812000014586,0.0063872999962768,0.0018540000019129,0.006435599992983,0.0027352000033715,8.39999847812578e-06,2.870000025723129e-05
14,69,4.820000322069973e-05,0.0009026000043377,0.0066292000046814,0.0015386000013677,0.0066774000079021,0.0024412000057054,1.1399999493733048e-05,2.5800000003073364e-05
14,70,4.8800000513438135e-05,0.0009228000053553,0.0070679000054951,0.001210100002936,0.0071167000060086,0.0021329000082914,7.599999662488699e-06,2.5000001187436283e-05
14,71,4.780000017490238e-05,0.000878200000443,0.0069236999988788,0.001689400000032,0.0069714999990537,0.002567600000475,1.3900003978051244e-05,3.2000003557186574e-05
14,72,6.379999831551686e-05,0.0010550000006332,0.007639299998118,0.0017114999936893,0.0077030999964335,0.0027664999943226,1.1299998732283711e-05,2.6100002287421376e-05
14,73,4.8000001697801054e-05,0.0008923999994294,0.0073010000050999,0.0016715999954612,0.0073490000067977,0.0025639999948907,9.10000380827114e-06,2.4100001610349864e-05
14,74,4.890000127488747e-05,0.0009054999973159,0.0078080000021145,0.0005674999993061,0.0078569000033894,0.001472999996622,7.800001185387373e-06,2.510000194888562e-05
14,75,4.7299996367655694e-05,0.0008880000023054,0.0061965999993844,0.0015316999997594,0.0062438999957521,0.0024197000020649,6.099995516706258e-06,2.4100001610349864e-05
14,76,4.829999670619145e-05,0.0008850000012898,0.0090540000019245,0.0015503999966313,0.0091022999986307,0.0024353999979211,1.1400006769690664e-05,2.59000007645227e-05
14,77,4.86999997519888e-05,0.0009969000020646,0.0087186000018846,0.0014051999969524,0.0087673000016366,0.002402099999017,1.1200005246791989e-05,2.630000381032005e-05
14,78,0.0001040999995893,0.0012914999970234,0.0063516000009258,0.0014418999999179,0.0064557000005152,0.0027333999969414,1.1299998732283711e-05,2.859999949578196e-05
14,79,4.749999789055437e-05,0.0008877000000211,0.0090749000009964,0.0021302000022842,0.0091223999988869,0.0030179000023053,1.1199997970834374e-05,2.540000423323363e-05
14,80,4.730000364361331e-05,0.0009627000035834,0.0073697000043466,0.0019213000050513,0.0074170000079902,0.0028840000086347,1.1299998732283711e-05,2.6299996534362435e-05
14,81,4.920000355923548e-05,0.0008975000018835,0.0079450999983237,0.0010376999998698,0.0079943000018829,0.0019352000017534,7.199996616691351e-06,2.439999661874026e-05
14,82,4.7400004405062646e-05,0.0009951999963959,0.0069423000022652,0.0019156999987899,0.0069897000066703,0.0029108999951859,1.3700002455152571e-05,3.239999932702631e-05
14,83,6.269999721553177e-05,0.000943199993344,0.0067265999969094,0.0022118000051705,0.006789299994125,0.0031549999985145,7.399998139590025e-06,2.3799999326001853e-05
14,84,4.780000017490238e-05,0.0008930000039981,0.0076045000023441,0.0017339999976684,0.007652300002519,0.0026270000016666,1.1199997970834374e-05,2.5699999241624027e-05
14,85,5.270000110613182e-05,0.0008785999962128,0.0079718999986653,0.0016258999967249,0.0080245999997714,0.0025044999929377,8.400005754083395e-06,2.459999814163893e-05
14,86,4.819999594474211e-05,0.0009012000009533,0.0072209999998449,0.0013493000005837,0.0072691999957896,0.0022505000015371,6.70000008540228e-06,2.4000000848900527e-05
14,87,4.8300003982149065e-05,0.0009256999983335,0.0075187000038567,0.001356200002192,0.0075670000078389,0.0022819000005256,1.1199997970834374e-05,2.649999805726111e-05
14,88,4.859999899053946e-05,0.0008669999951962,0.0073542999962228,0.002661700003955,0.0074028999952133,0.0035286999991512,7.999995432328433e-06,2.9299997549969703e-05
14,89,5.160000000614673e-05,0.0008822000017971,0.0065204000056837,0.0012131999974371,0.0065720000056899,0.0020953999992343,6.70000008540228e-06,2.349999704165384e-05
14,90,4.7599998652003706e-05,0.0008822000017971,0.0083296999946469,0.001759700004186,0.0083772999932989,0.0026419000059831,1.1199997970834374e-05,2.549999771872536e-05
14,91,4.859999899053946e-05,0.0008859000008669,0.0063473999980487,0.0015609999973094,0.0063959999970393,0.0024468999981763,1.049999991664663e-05,2.510000194888562e-05
14,92,4.89999947603792e-05,0.0008383000022149,0.0071460000035585,0.001775800003088,0.0071949999983189,0.002614100005303,6.70000008540228e-06,2.4400003894697875e-05
14,93,4.739999712910503e-05,0.0012251999942236,0.007440299996233,0.002019300001848,0.0074876999933621,0.0032444999960716,1.1299998732283711e-05,2.620000304887072e-05
14,94,5.199999577598646e-05,0.0008668000009492,0.0068455999935395,0.0007327999992412,0.0068975999893154,0.0015996000001905,1.0100004146806896e-05,3.03999986499548e-05
14,95,4.78999936603941e-05,0.0008660000021336,0.0062757999985478,0.0010548999998718,0.0063236999922082,0.0019209000020055,6.299997039604932e-06,2.409999433439225e-05
14,96,4.70000013592653e-05,0.0008850000012898,0.0091604999979608,0.0013923999940743,0.0092074999993201,0.0022773999953642,1.1199997970834374e-05,2.6699999580159783e-05
14,97,4.839999746764079e-05,0.0008918000021367,0.0072413999951095,0.001210100002936,0.0072897999925771,0.0021019000050728,1.09999964479357e-05,2.59000007645227e-05
14,98,4.7599998652003706e-05,0.0008847999997669,0.0074537999971653,0.002945100000943,0.0075013999958173,0.00382990000071,7.399998139590025e-06,2.4400003894697875e-05
14,99,4.780000017490238e-05,0.0008712999988347,0.0064118000009329,0.0020767000023624,0.0064596000011079,0.0029480000011972,8.999995770864189e-06,2.5699999241624027e-05
14,100,4.810000245925039e-05,0.0009124999996856,0.009368799997901,0.0020065000062459,0.0094169000003603,0.0029190000059315,1.080000220099464e-05,2.6599998818710446e-05
15,1,5.129999772179872e-05,0.001349799997115,0.01112429999921,0.002714800000831,0.0111755999969318,0.004064599997946,1.1500000255182384e-05,2.9299997549969703e-05
15,2,5.200000305194408e-05,0.0010410000031697,0.0216626000037649,0.0038320000021485,0.0217146000068169,0.0048730000053183,1.3500000932253895e-05,2.8800001018680632e-05
15,3,5.1899995014537126e-05,0.0010697999969124,0.0095904000045266,0.0020793999938177,0.0096422999995411,0.0031491999907302,1.1299998732283711e-05,2.870000025723129e-05
15,4,5.2600000344682485e-05,0.0010643999994499,0.0075324999997974,0.0027679000049829,0.0075851000001421,0.0038323000044329,1.3799995940644294e-05,3.5099998058285564e-05
15,5,6.489999941550195e-05,0.001308599996264,0.0079501000000163,0.0019419999953242,0.0080149999994318,0.0032505999915883,1.1299998732283711e-05,2.959999983431772e-05
15,6,5.109999619890005e-05,0.0010384999986854,0.0113961000024573,0.001919700000144,0.0114471999986562,0.0029581999988295,1.1199997970834374e-05,2.859999949578196e-05
15,7,5.200000305194408e-05,0.001037299996824,0.0102054999952088,0.001526100000774,0.0102574999982607,0.002563399997598,8.900002285372466e-06,2.830000448739156e-05
15,8,5.18000015290454e-05,0.0010487999970791,0.0083092999993823,0.0025796999980229,0.0083611000009113,0.0036284999951021,6.70000008540228e-06,2.7399997634347528e-05
15,9,5.249999958323315e-05,0.0010651000047801,0.0097810000006575,0.0016008000020519,0.0098335000002407,0.002665900006832,1.1099997209385036e-05,3.019999712705612e-05
15,10,5.249999958323315e-05,0.0010618000014801,0.0079504000023007,0.0016392999968957,0.0080029000018839,0.0027010999983758,1.1199997970834374e-05,2.9000002541579303e-05
15,11,5.059999966761097e-05,0.0010316999978385,0.0089854000034392,0.0025900000036926,0.0090360000031068,0.0036217000015312,6.50000583846122e-06,2.6699999580159783e-05
15,12,4.970000009052456e-05,0.0010476000024937,0.0082347999996272,0.001172399999632,0.0082844999997178,0.0022200000021257,6.499998562503606e-06,2.769999991869554e-05
15,13,4.980000085197389e-05,0.001027400001476,0.0101349999968078,0.0022864999991725,0.0101847999976598,0.0033139000006485,1.1299998732283711e-05,2.9100003303028643e-05
15,14,5.470000178320333e-05,0.0010982000021613,0.0099588000011863,0.0020562999998219,0.0100135000029695,0.0031545000019832,1.1199997970834374e-05,2.890000178012997e-05
15,15,5.160000000614673e-05,0.0010518999988562,0.0071362999951816,0.0017225999981747,0.0071878999951877,0.0027744999970309,8.000002708286047e-06,2.7900001441594213e-05
15,16,5.249999958323315e-05,0.0010321999943698,0.0080757000032463,0.0035215000025345,0.0081282000028295,0.0045536999969044,7.90000194683671e-06,2.5500004994682968e-05
15,17,5.190000229049474e-05,0.0010471999994479,0.0097868000011658,0.0024481000000378,0.0098387000034563,0.0034952999994857,1.1399999493733048e-05,2.930000482592732e-05
15,18,5.059999966761097e-05,0.0010277000037604,0.0081279000005451,0.0028906000006827,0.0081785000002128,0.0039183000044431,8.999995770864189e-06,2.859999949578196e-05
15,19,5.329999839887023e-05,0.0010193999987677,0.0078601999994134,0.0019213999985367,0.0079134999978123,0.0029407999973045,7.399998139590025e-06,2.710000262595713e-05
15,20,5.100000271340832e-05,0.0011082999990321,0.0084664000023622,0.0013469999976223,0.0085174000050756,0.0024552999966545,7.499998901039362e-06,2.7499998395796865e-05
15,21,4.990000161342323e-05,0.0010089999996125,0.011078900002758,0.0019040000042878,0.0111288000043714,0.0029130000039003,1.1299998732283711e-05,2.780000068014488e-05
15,22,5.219999729888514e-05,0.001106299998355,0.0083788999982061,0.0017399000062141,0.008431099995505,0.0028462000045692,1.1100004485342652e-05,2.729999687289819e-05
15,23,5.160000000614673e-05,0.0010582000031718,0.0093493000022135,0.0012102000036975,0.0094009000022197,0.0022684000068693,8.499999239575118e-06,2.639999729581177e-05
15,24,5.119999696034938e-05,0.0010488000043551,0.0096325999984401,0.0029933999976492,0.0096837999954004,0.0040422000020043,1.1200005246791989e-05,2.8800001018680632e-05
15,25,5.270000110613182e-05,0.0010420000035082,0.0091656000004149,0.0017159000053652,0.0092183000015211,0.0027579000088735,6.800000846851617e-06,2.720000338740647e-05
15,26,5.160000000614673e-05,0.0014480000027106,0.0094154000034905,0.0020145999951637,0.0094670000034966,0.0034625999978743,1.1099997209385036e-05,2.859999949578196e-05
15,27,5.18000015290454e-05,0.0010412000046926,0.010761999998067,0.0021061000006739,0.010813799999596,0.0031473000053665,1.1300006008241326e-05,3.139999898849055e-05
15,28,5.190000229049474e-05,0.0010396000070613,0.0082378999941283,0.0011931999979424,0.0082897999964188,0.0022328000050038,1.1300006008241326e-05,2.890000178012997e-05
15,29,5.170000076759607e-05,0.00106109999615,0.0103828999999677,0.0025955000019166,0.0104346000007353,0.0036565999980666,1.1200005246791989e-05,2.970000059576705e-05
15,30,5.300000339047983e-05,0.0010704999949666,0.010419099999126,0.0013481999994837,0.0104721000025165,0.0024186999944504,1.1400006769690664e-05,2.809999568853528e-05
15,31,5.090000195195898e-05,0.0010425000000395,0.0080477999945287,0.0013556999983848,0.0080986999964807,0.0023981999984243,7.899994670879096e-06,2.780000068014488e-05
15,32,5.0300004659220576e-05,0.0010259000046062,0.0091370000009192,0.0028321999998297,0.0091873000055784,0.0038581000044359,7.499998901039362e-06,2.6900001103058457e-05
15,33,5.0300004659220576e-05,0.0010268999976688,0.0092881000018678,0.0036684000006061,0.009338400006527,0.004695299998275,6.599999323952943e-06,2.600000152597204e-05
15,34,5.070000042906031e-05,0.0012216000031912,0.0079423000061069,0.003375699998287,0.007993000006536,0.0045973000014782,1.1200005246791989e-05,2.8399997972883284e-05
15,35,5.109999619890005e-05,0.0010505999962333,0.0088742000007187,0.0012953999976161,0.0089252999969176,0.0023459999938495,8.000002708286047e-06,2.860000677173957e-05
15,36,4.990000161342323e-05,0.0010409999958937,0.0091734999950858,0.002710400003707,0.0092233999966993,0.0037513999996008,1.1399999493733048e-05,2.890000178012997e-05
15,37,5.340000643627718e-05,0.0010709999987739,0.0103072000056272,0.0019060999984503,0.0103606000120635,0.0029770999972242,1.1399999493733048e-05,2.7999994927085936e-05
15,38,5.129999772179872e-05,0.0010542999953031,0.0105915999956778,0.0015820999979041,0.0106428999933996,0.0026363999932073,1.4400000509340316e-05,3.659999492811039e-05
15,39,6.940000457689166e-05,0.001254599999811,0.0074384999970789,0.0025009000019053,0.0075079000016557,0.0037555000017164,7.299997378140688e-06,2.7499998395796865e-05
15,40,5.20999965374358e-05,0.0010509999992791,0.0075176999962423,0.0013510999997379,0.0075697999927797,0.002402099999017,6.50000583846122e-06,2.699999458855018e-05
15,41,5.149999924469739e-05,0.0013883999999961,0.0102301000006264,0.0028650000022025,0.0102815999998711,0.0042534000021987,1.1299998732283711e-05,2.859999949578196e-05
15,42,5.160000000614673e-05,0.0014192000016919,0.01063769999746,0.0020835000032093,0.0106892999974661,0.0035027000049012,1.1199997970834374e-05,2.8299997211433947e-05
15,43,5.1899995014537126e-05,0.0011152000006404,0.008355300000403,0.0027975999983027,0.0084071999954176,0.0039127999989432,1.09999964479357e-05,2.859999949578196e-05
15,44,5.119999696034938e-05,0.0010340000008,0.0080050000033224,0.0025423000042792,0.0080562000002828,0.0035763000050792,1.1100004485342652e-05,3.0000002880115065e-05
15,45,5.20999965374358e-05,0.0010268000041833,0.0110716999988653,0.0023352999996859,0.0111237999954028,0.0033621000038692,1.0899995686486363e-05,2.9100003303028643e-05
15,46,5.360000068321824e-05,0.0012676999976974,0.00978860000032,0.0053891000061412,0.0098422000010032,0.0066568000038387,1.1199997970834374e-05,2.9100003303028643e-05
15,47,5.2799994591623545e-05,0.0010667000024113,0.0177996999991592,0.0019161000018357,0.0178524999937508,0.0029828000042471,9.800001862458885e-06,2.8100002964492887e-05
15,48,5.210000381339341e-05,0.0013439000031212,0.009313700000348,0.0020663999966927,0.0093658000041614,0.003410299999814,1.1300006008241326e-05,2.8200003725942224e-05
15,49,5.440000677481294e-05,0.0011009000008925,0.0081099000017275,0.001750000003085,0.0081643000085023,0.0028509000039775,1.1299998732283711e-05,2.939999831141904e-05
15,50,5.2600000344682485e-05,0.0010589000012259,0.0116286999982548,0.0013905999949201,0.0116812999985995,0.0024494999961461,1.1199997970834374e-05,2.9800001357216388e-05
15,51,5.160000000614673e-05,0.0010556000052019,0.0094704999937675,0.0013825999994878,0.0095220999937737,0.0024382000046898,1.1199997970834374e-05,2.9100003303028643e-05
15,52,5.049999890616164e-05,0.0010443999999552,0.0110220999995362,0.0028281999984756,0.0110725999984424,0.0038725999984308,1.1299998732283711e-05,2.9499999072868377e-05
15,53,5.200000305194408e-05,0.0010394999990239,0.0098330999971949,0.0019410000022617,0.0098851000002468,0.0029805000012856,2.2599997464567423e-05,2.849999873433262e-05
15,54,5.2900002629030496e-05,0.0010955999969155,0.0091259999971953,0.0023837000044295,0.0091788999998243,0.0034793000013451,1.1200005246791989e-05,2.919999678852037e-05
15,55,5.200000305194408e-05,0.0010443000064697,0.0085906000022077,0.0022925000012037,0.0086426000052597,0.0033368000076734,8.200004231184721e-06,2.6500005333218724e-05
15,56,5.210000381339341e-05,0.0010409000024083,0.0098066999998991,0.0016926000025705,0.0098588000037125,0.0027335000049788,7.499998901039362e-06,2.639999729581177e-05
15,57,5.1399998483248055e-05,0.0010282000002916,0.0089010999945458,0.0022181999956956,0.008952499993029,0.0032463999959873,1.3999997463542968e-05,3.579999611247331e-05
15,58,6.410000059986487e-05,0.0013461999988066,0.0092530000038095,0.0031373000019812,0.0093171000044094,0.0044835000007878,1.1399999493733048e-05,2.819999644998461e-05
15,59,5.339999916031957e-05,0.0010612999976729,0.0080626999988453,0.0042456999944988,0.0081160999980056,0.0053069999921717,1.3500000932253895e-05,3.629999991972e-05
15,60,6.520000169984996e-05,0.0013457999957608,0.0093826000011176,0.0018641999995452,0.0094478000028175,0.0032099999953061,7.400005415547639e-06,2.7799993404187265e-05
15,61,5.4499992984347045e-05,0.0010781000019051,0.0098595999952522,0.0013430999970296,0.0099140999882365,0.0024211999989347,1.1000003723893316e-05,2.9299997549969703e-05
15,62,5.210000381339341e-05,0.0010594999985187,0.007088800004567,0.0024215000012191,0.0071409000083804,0.0034809999997378,1.1099997209385036e-05,2.830000448739156e-05
15,63,5.109999619890005e-05,0.0010513000015635,0.0072980999975698,0.0011862000028486,0.0073491999937687,0.0022375000044121,7.90000194683671e-06,2.769999991869554e-05
15,64,5.160000000614673e-05,0.0010443999999552,0.0118179999990388,0.0021052000010968,0.011869599999045,0.003149600001052,1.1399999493733048e-05,2.870000025723129e-05
15,65,5.229999806033448e-05,0.0010389000017312,0.0086413999961223,0.0029381000058492,0.0086936999941826,0.0039770000075805,1.1199997970834374e-05,2.6900001103058457e-05
15,66,5.239999882178381e-05,0.0010309999997843,0.0094471999982488,0.0021040999999968,0.0094995999970706,0.0031350999997812,1.3899996702093633e-05,3.5899996873922646e-05
15,67,7.01000026310794e-05,0.0011764000009861,0.0086283999989973,0.0031795000031706,0.0086985000016284,0.0043559000041568,8.400005754083395e-06,2.769999991869554e-05
15,68,5.249999958323315e-05,0.0010401999970781,0.0095701999962329,0.002226899996458,0.0096226999958162,0.0032670999935362,1.1199997970834374e-05,2.890000178012997e-05
15,69,5.219999729888514e-05,0.001042600000801,0.009432700004254,0.0019055000011576,0.0094849000015528,0.0029481000019586,6.800000846851617e-06,2.6699999580159783e-05
15,70,5.190000229049474e-05,0.0010509999992791,0.0100982999938423,0.0019451999978628,0.0101501999961328,0.0029961999971419,7.800001185387373e-06,2.7499998395796865e-05
15,71,5.1500006520655006e-05,0.0010536000045249,0.0094207000001915,0.0017155000023194,0.0094722000067122,0.0027691000068443,7.800001185387373e-06,2.8399997972883284e-05
15,72,5.190000229049474e-05,0.0010428999958094,0.0087711000014678,0.0011646000057226,0.0088230000037583,0.002207500001532,1.1199997970834374e-05,2.9499999072868377e-05
15,73,5.239999882178381e-05,0.0010439000034239,0.0071310999992419,0.0011679000017466,0.0071834999980637,0.0022118000051705,6.999995093792677e-06,2.720000338740647e-05
15,74,5.18000015290454e-05,0.0010678000035113,0.0082813000044552,0.0008321999994223,0.0083331000059843,0.0019000000029336,8.600000001024455e-06,2.699999458855018e-05
15,75,4.9899994337465614e-05,0.0010276999964844,0.0097212999971816,0.0021054999961052,0.009771199991519,0.0031331999925896,9.499999578110874e-06,2.8800001018680632e-05
15,76,4.980000085197389e-05,0.0010132000024896,0.0096145999996224,0.0021192000058363,0.0096644000004744,0.0031324000083259,1.1199997970834374e-05,2.8800001018680632e-05
15,77,5.280000186758116e-05,0.0010677999962354,0.0086530999979004,0.0020643000025302,0.008705899999768,0.0031320999987656,8.09999619377777e-06,2.7399997634347528e-05
15,78,5.160000000614673e-05,0.0010449999972479,0.0086418999999295,0.0021355999997467,0.0086934999999357,0.0031805999969947,7.599999662488699e-06,2.7900001441594213e-05
15,79,5.20999965374358e-05,0.0011128000041935,0.0079058999981498,0.0028485000002547,0.0079579999946872,0.0039613000044482,6.299997039604932e-06,2.729999687289819e-05
15,80,5.129999772179872e-05,0.0010729999994509,0.009107000005315,0.0021070999937364,0.0091583000030368,0.0031800999931874,1.1199997970834374e-05,2.970000059576705e-05
15,81,5.269999383017421e-05,0.0010475000017322,0.0117612000030931,0.0024510000002919,0.0118138999969232,0.0034985000020242,1.1200005246791989e-05,2.840000524884089e-05
15,82,5.1500006520655006e-05,0.0010495000024093,0.0086193999959505,0.0018994999991264,0.0086709000024711,0.0029490000015357,1.1399999493733048e-05,2.989999484270811e-05
15,83,5.199999577598646e-05,0.0010525999969104,0.0104543000052217,0.0019081999998888,0.0105063000009977,0.0029607999967993,1.429999974789098e-05,2.939999831141904e-05
15,84,5.1399998483248055e-05,0.0010437999953865,0.0113413999933982,0.002309100003913,0.0113927999918814,0.0033528999992995,1.1299998732283711e-05,2.8399997972883284e-05
15,85,5.280000186758116e-05,0.0010509999992791,0.0088794000039342,0.0013458999965223,0.0089322000058018,0.0023968999958015,1.1199997970834374e-05,2.890000178012997e-05
15,86,5.149999924469739e-05,0.0010590000019874,0.0089864000037778,0.0021494999964488,0.0090379000030225,0.0032084999984363,1.09999964479357e-05,2.859999949578196e-05
15,87,5.240000609774143e-05,0.0010430000038468,0.0090459000057308,0.0020881000018562,0.0090983000118285,0.003131100005703,7.299997378140688e-06,2.710000262595713e-05
15,88,5.119999696034938e-05,0.0010734999959822,0.0070488999990629,0.0022685000003548,0.0071000999960233,0.0033419999963371,1.3800003216601908e-05,3.529999958118424e-05
15,89,5.610000516753644e-05,0.0010726999971666,0.0084665999966091,0.002641200000653,0.0085227000017766,0.0037138999978196,1.509999856352806e-05,2.899999526562169e-05
15,90,5.200000305194408e-05,0.0010332000019843,0.0097866000069188,0.0015211000063573,0.0098386000099708,0.0025543000083416,1.1399999493733048e-05,2.9999995604157448e-05
15,91,5.199999577598646e-05,0.0010567999997874,0.0097138000055565,0.0017459000009694,0.0097658000013325,0.0028027000007568,1.1399999493733048e-05,2.8800001018680632e-05
15,92,5.149999924469739e-05,0.0010505000027478,0.0099373999983072,0.0101189999986672,0.0099888999975519,0.0111695000014151,1.2700002116616815e-05,3.03999986499548e-05
15,93,5.380000220611692e-05,0.0010431999980937,0.0116239999988465,0.0020747999951709,0.0116778000010526,0.0031179999932646,1.1199997970834374e-05,2.8299997211433947e-05
15,94,5.210000381339341e-05,0.0010160000019823,0.0101301000031526,0.0035873999950126,0.010182200006966,0.0046033999969949,1.1399999493733048e-05,2.9100003303028643e-05
15,95,5.179999425308779e-05,0.0010402999978396,0.0085581999956048,0.0020205999971949,0.0086099999898578,0.0030608999950345,8.800001523923129e-06,2.769999991869554e-05
15,96,5.169999349163845e-05,0.0010495000024093,0.0089309999966644,0.0020835000032093,0.0089826999901561,0.0031330000056186,7.300004654098302e-06,2.780000068014488e-05
15,97,5.219999729888514e-05,0.0010562999959802,0.0106177999987266,0.0032554999997955,0.0106699999960255,0.0043117999957758,1.3700002455152571e-05,3.760000254260376e-05
15,98,6.630000279983506e-05,0.0012244999961694,0.0103334000014001,0.0028189000004203,0.0103997000041999,0.0040433999965898,1.0799994925037026e-05,2.9000002541579303e-05
15,99,5.149999924469739e-05,0.0013003999993088,0.0091162999960943,0.0017742999989422,0.009167799995339,0.0030746999982511,1.1000003723893316e-05,2.859999949578196e-05
15,100,5.190000229049474e-05,0.0010506000035093,0.0085799999942537,0.002090699999826,0.0086318999965442,0.0031413000033353,1.550000160932541e-05,6.829999620094895e-05
16,1,9.169999975711109e-05,0.0014515000002575,0.0117805000045336,0.0040530000042053,0.0118722000042907,0.0055045000044628,9.800001862458885e-06,3.149999974993989e-05
16,2,5.609999789157882e-05,0.0012583000061567,0.0124944999988656,0.0029814000008627,0.0125505999967572,0.0042397000070195,8.499999239575118e-06,2.979999408125877e-05
16,3,5.540000711334869e-05,0.0012305999989621,0.0111634999993839,0.0017788000041036,0.0112189000064972,0.0030094000030658,1.1600001016631722e-05,3.3700001949910074e-05
16,4,5.819999933009967e-05,0.0012444000021787,0.013812199998938,0.0023055999990901,0.0138703999982681,0.0035500000012689,1.1399999493733048e-05,3.300000389572233e-05
16,5,5.6400000175926834e-05,0.0012310999954934,0.0125501000002259,0.0019616999998106,0.0126065000004018,0.003192799995304,1.1600001016631722e-05,3.210000431863591e-05
16,6,5.650000093737617e-05,0.0012303999974392,0.0099650000047404,0.0013221999979577,0.0100215000056778,0.002552599995397,1.170000177808106e-05,3.279999509686604e-05
16,7,6.040000153006986e-05,0.001232999995409,0.0108214000065345,0.004887700000836,0.0108818000080646,0.006120699996245,1.3800003216601908e-05,4.919999628327787e-05
16,8,7.339999865507707e-05,0.0012522999968496,0.012874300002295,0.0029175000017858,0.0129477000009501,0.0041697999986354,1.4000004739500582e-05,3.9399994420818985e-05
16,9,7.020000339252874e-05,0.0013277999969432,0.0108054000011179,0.0034153999949921,0.0108756000045104,0.0047431999919353,1.1399999493733048e-05,3.450000076554716e-05
16,10,5.750000127591193e-05,0.0012403000000631,0.0103593000021646,0.0052829999985988,0.0104168000034405,0.0065232999986619,1.1299998732283711e-05,3.310000465717167e-05
16,11,5.94000011915341e-05,0.0016017999951145,0.0134343999961856,0.0025382000021636,0.0134937999973772,0.0041399999972782,1.0700001439545304e-05,3.189999551977962e-05
16,12,5.6400000175926834e-05,0.0012384000001475,0.0128442999994149,0.0034224999981233,0.0129006999995908,0.0046608999982709,1.1500000255182384e-05,4.079999780515209e-05
16,13,7.190000178525224e-05,0.0016735000026528,0.014575799999875,0.0018152000047848,0.0146477000016602,0.0034887000074377,1.1500000255182384e-05,3.199999628122896e-05
16,14,5.6400000175926834e-05,0.001270699998713,0.0137071999997715,0.0031836999987717,0.0137635999999474,0.0044543999974848,8.499999239575118e-06,3.1100003980100155e-05
16,15,5.62999994144775e-05,0.0012243000019225,0.011191300000064,0.0037760999985039,0.0112475999994785,0.0050004000004264,7.000002369750291e-06,2.859999949578196e-05
16,16,5.650000093737617e-05,0.0012589000034495,0.0122533999965526,0.0034947000021929,0.0123098999974899,0.0047536000056425,1.1500000255182384e-05,3.260000084992498e-05
16,17,5.619999865302816e-05,0.0012320000023464,0.0110289000003831,0.002758000002359,0.0110850999990361,0.0039900000047055,1.0100004146806896e-05,3.2699994335416704e-05
16,18,5.699999746866524e-05,0.0012370999975246,0.0135959999970509,0.0022890000036568,0.0136529999945196,0.0035261000011814,1.1300006008241326e-05,3.239999932702631e-05
16,19,5.6400000175926834e-05,0.001176600002509,0.0137022999988403,0.0023694000046816,0.0137586999990162,0.0035460000071907,1.170000177808106e-05,3.2199997804127634e-05
16,20,5.659999442286789e-05,0.0017234999977517,0.0117172999962349,0.0020920000024489,0.0117738999906578,0.0038155000002007,1.170000177808106e-05,3.290000313427299e-05
16,21,5.6700002460274845e-05,0.0011978000038652,0.0095680999947944,0.0027278999987174,0.0096247999972547,0.0039257000025827,8.000002708286047e-06,2.9299997549969703e-05
16,22,5.609999789157882e-05,0.0014494999995804,0.011704099997587,0.0021369999958551,0.0117601999954786,0.0035864999954355,1.1299998732283711e-05,7.360000017797574e-05
16,23,8.620000153314322e-05,0.0014937000014469,0.0117652000044472,0.0034613000025274,0.0118514000059803,0.0049550000039744,1.1600001016631722e-05,3.2099997042678297e-05
16,24,5.729999975301325e-05,0.0012449999994714,0.0096410999976797,0.0023607000039191,0.0096983999974327,0.0036057000033906,1.4199998986441642e-05,3.900000592693687e-05
16,25,7.159999950090423e-05,0.0014598999987356,0.0112365000022691,0.0018924999967566,0.01130810000177,0.0033523999954923,1.3899996702093633e-05,4.079999780515209e-05
16,26,7.129999721655622e-05,0.0012428999980329,0.010811799998919,0.0036313000018708,0.0108830999961355,0.0048741999999037,1.3899996702093633e-05,4.120000085094944e-05
16,27,5.819999933009967e-05,0.0012866000033682,0.0135968000031425,0.0013413999986369,0.0136550000024726,0.0026280000020051,1.1199997970834374e-05,3.239999932702631e-05
16,28,5.560000136028975e-05,0.001205900000059,0.0139736999990418,0.0023145000013755,0.0140293000004021,0.0035204000014346,1.1299998732283711e-05,3.289999585831538e-05
16,29,5.6400000175926834e-05,0.0012322000038693,0.0110207000034279,0.0032250000003841,0.0110771000036038,0.0044572000042535,1.1399999493733048e-05,3.190000279573724e-05
16,30,5.6700002460274845e-05,0.0012311000027693,0.0221942999996827,0.0032435000030091,0.0222510000021429,0.0044746000057784,1.200000406242907e-05,3.260000084992498e-05
16,31,5.750000127591193e-05,0.0012051000012434,0.0101542000047629,0.0027224000004935,0.0102117000060388,0.0039275000017369,8.300004992634058e-06,3.0000002880115065e-05
16,32,5.5999997130129486e-05,0.0012299999943934,0.0111871999979484,0.0013363000034587,0.0112431999950786,0.0025662999978521,8.000002708286047e-06,3.060000017285347e-05
16,33,5.509999755304307e-05,0.0012220999997225,0.0129342999935033,0.0019251000048825,0.0129893999910564,0.0031472000046051,6.900001608300954e-06,3.01000036415644e-05
16,34,5.659999442286789e-05,0.0013915000017732,0.0098265999986324,0.0028714000000036,0.0098831999930553,0.0042629000017768,1.1199997970834374e-05,3.3399999665562063e-05
16,35,5.660000169882551e-05,0.0012366000009933,0.0095960999969975,0.0021418000033008,0.0096526999986963,0.0033784000042942,1.1400006769690664e-05,3.1299998227041215e-05
16,36,5.709999823011458e-05,0.0012302000031922,0.0130778000020654,0.0019993000023532,0.0131349000002956,0.0032295000055455,1.1499992979224771e-05,3.2800002372823656e-05
16,37,5.709999823011458e-05,0.0016402999972342,0.0129251000034855,0.0021218000038061,0.0129822000017156,0.0037621000010403,1.1500000255182384e-05,3.229999856557697e-05
16,38,5.6400000175926834e-05,0.0012268999998923,0.0122514000031515,0.0027516999980434,0.0123078000033274,0.0039785999979358,1.1399999493733048e-05,3.360000118846074e-05
16,39,6.079999729990959e-05,0.0012234000023454,0.0116923999958089,0.0038540000023203,0.0117531999931088,0.0050774000046658,8.100003469735384e-06,3.0499999411404133e-05
16,40,5.4899996030144393e-05,0.0011959000039496,0.0123224000053596,0.0031815999973332,0.0123773000013898,0.0043775000012828,1.1300006008241326e-05,3.139999898849055e-05
16,41,5.7000004744622856e-05,0.0012766999934683,0.0117497000028379,0.0017931000038515,0.0118067000075825,0.0030697999973199,1.1399999493733048e-05,3.319999814266339e-05
16,42,7.94000006862916e-05,0.0016829000014695,0.012868800004071,0.0029227999984868,0.0129482000047573,0.0046056999999564,1.1600001016631722e-05,3.199999628122896e-05
16,43,5.520000559045002e-05,0.0011983000003965,0.0109655000051134,0.0033665000009932,0.0110207000107038,0.0045648000013898,1.170000177808106e-05,3.2800002372823656e-05
16,44,5.7600002037361264e-05,0.0012435000026016,0.0126480999970226,0.0033253000001423,0.01270569999906,0.0045688000027439,8.300004992634058e-06,3.100000321865082e-05
16,45,5.60000044060871e-05,0.0012325999996392,0.0121682000026339,0.0025641999964136,0.01222420000704,0.0037967999960528,1.1500000255182384e-05,3.270000161137432e-05
16,46,5.780000356025994e-05,0.0012313999977777,0.014368000003742,0.00151729999925,0.0144258000073023,0.0027486999970278,1.1100004485342652e-05,3.2500000088475645e-05
16,47,5.5500000598840415e-05,0.0012132000047131,0.0117670999970869,0.0028884999992442,0.0118225999976857,0.0041017000039573,1.000000338535756e-05,3.360000118846074e-05
16,48,5.539999983739108e-05,0.0012185000014142,0.0115516999940155,0.0033924000017577,0.0116070999938528,0.0046109000031719,1.1600001016631722e-05,3.35000004270114e-05
16,49,5.6400000175926834e-05,0.0013436000008368,0.010839800001122,0.0023691000023973,0.0108962000012979,0.0037127000032342,1.1199997970834374e-05,3.189999551977962e-05
16,50,5.4799995268695056e-05,0.0015240000066114,0.0117952000000514,0.0013273999938974,0.0118499999953201,0.0028514000005088,1.1199997970834374e-05,3.669999568955973e-05
16,51,5.589999636868015e-05,0.0012665999965975,0.0109878000002936,0.0013532999946619,0.0110436999966623,0.0026198999912594,1.1399999493733048e-05,3.270000161137432e-05
16,52,5.5500000598840415e-05,0.0012148000023444,0.0119262000007438,0.0019376999989617,0.0119817000013426,0.0031525000013061,1.1500000255182384e-05,3.260000084992498e-05
16,53,5.619999865302816e-05,0.0012779000026057,0.012112900003558,0.0017379999990225,0.012169100002211,0.0030159000016283,1.1299998732283711e-05,3.310000465717167e-05
16,54,5.650000093737617e-05,0.0012678000057348,0.0116835000007995,0.0025662000043666,0.0117400000017369,0.0038340000101015,1.1300006008241326e-05,3.359999391250312e-05
16,55,5.5800002883188426e-05,0.0012213000009069,0.0109047000005375,0.003041399999347,0.0109605000034207,0.0042627000002539,2.44999973801896e-05,4.199999966658652e-05
16,56,7.280000136233866e-05,0.0012473000024328,0.0128533999959472,0.0029080999956931,0.0129261999973095,0.004155399998126,1.1300006008241326e-05,3.35000004270114e-05
16,57,5.660000169882551e-05,0.0012377000020933,0.0120439000020269,0.0021446000027935,0.0121005000037257,0.0033823000048869,1.1399999493733048e-05,3.37999954354018e-05
16,58,5.689999670721591e-05,0.0012249999999767,0.0113861999998334,0.0025332000004709,0.0114430999965406,0.0037582000004476,1.1299998732283711e-05,3.270000161137432e-05
16,59,5.5999997130129486e-05,0.0012104999987059,0.0091099999990547,0.0029065000053378,0.0091659999961848,0.0041170000040438,1.1299998732283711e-05,3.3299998904112726e-05
16,60,5.570000212173909e-05,0.001222200000484,0.0099719999998342,0.0024809999958961,0.0100277000019559,0.0037031999963801,7.700000423938036e-06,3.029999788850546e-05
16,61,5.60000044060871e-05,0.0011899999954039,0.0129050000032293,0.0034181999944848,0.0129610000076354,0.0046081999898888,1.1299998732283711e-05,3.37999954354018e-05
16,62,5.5800002883188426e-05,0.0012343999987933,0.0097474999929545,0.001897000001918,0.0098032999958377,0.0031314000007114,1.1500000255182384e-05,3.2500000088475645e-05
16,63,5.610000516753644e-05,0.001235000003362,0.0103761000063968,0.0042629999952623,0.0104322000115644,0.0054979999986244,1.1500000255182384e-05,3.189999551977962e-05
16,64,5.579999560723081e-05,0.0012170999980298,0.0112197000053129,0.0021984000049997,0.0112755000009201,0.0034155000030295,1.1399999493733048e-05,3.319999814266339e-05
16,65,5.790000432170928e-05,0.0015150000035646,0.0149087999961921,0.001924100004544,0.0149667000005138,0.0034391000081086,1.1500000255182384e-05,3.239999932702631e-05
16,66,5.62999994144775e-05,0.001223299994308,0.01501389999612,0.0041827999957604,0.0150701999955344,0.0054060999900684,1.7100006516557187e-05,4.769999941345304e-05
16,67,8.660000457894057e-05,0.001617999994778,0.0131277000036789,0.0016744000022299,0.0132143000082578,0.003292399997008,1.1299998732283711e-05,3.0800001695752144e-05
16,68,5.7600002037361264e-05,0.0012512000030255,0.0197656000018469,0.0036211000042385,0.0198232000038842,0.0048723000072641,1.5199999324977398e-05,4.159999662078917e-05
16,69,7.37999944249168e-05,0.0014481999969575,0.0131403999985195,0.0019582999957492,0.0132141999929444,0.0034064999927068,1.1399999493733048e-05,3.2099997042678297e-05
16,70,5.660000169882551e-05,0.0015966000064508,0.0097815000044647,0.0041311000022687,0.0098381000061635,0.0057277000087196,1.4199998986441642e-05,4.030000127386302e-05
16,71,6.959999882383272e-05,0.0013597999932244,0.0103667000003042,0.0010850000035134,0.010436299999128,0.0024447999967378,1.1500000255182384e-05,3.2199997804127634e-05
16,72,5.570000212173909e-05,0.0012270999941392,0.0125992000030237,0.0015211999998427,0.0126549000051454,0.002748299993982,1.1500000255182384e-05,3.270000161137432e-05
16,73,5.609999789157882e-05,0.0012626999960048,0.0120117999977082,0.001773800002411,0.0120678999955998,0.0030364999984158,1.1400006769690664e-05,3.2800002372823656e-05
16,74,5.5500000598840415e-05,0.0014338000037241,0.0143488999965484,0.0024470000062137,0.0144043999971472,0.0038808000099379,1.170000177808106e-05,3.310000465717167e-05
16,75,5.709999823011458e-05,0.0012872999941464,0.0118062000037753,0.0018263000019942,0.0118633000020054,0.0031135999961406,1.6500001947861165e-05,4.910000279778615e-05
16,76,8.879999950295314e-05,0.0015760999958729,0.0121903999970527,0.0053588999944622,0.0122791999965556,0.0069349999903352,1.1600001016631722e-05,3.2999996619764715e-05
16,77,9.780000254977494e-05,0.001411299999745,0.0119850999981281,0.0027555999986361,0.0120829000006779,0.0041668999983812,1.1399999493733048e-05,3.229999856557697e-05
16,78,5.7600002037361264e-05,0.0012612999998964,0.0116329000011319,0.0017331999988527,0.0116905000031692,0.0029944999987492,1.019999763229862e-05,3.1299998227041215e-05
16,79,5.609999789157882e-05,0.001567100000102,0.0138231000019004,0.0032214000020758,0.013879199999792,0.0047885000021778,1.1399999493733048e-05,3.3399999665562063e-05
16,80,5.6700002460274845e-05,0.0012396000020089,0.0105777999997371,0.0028984000018681,0.0106345000021974,0.004138000003877,1.1299998732283711e-05,3.300000389572233e-05
16,81,5.6700002460274845e-05,0.0012321999965934,0.01076290000492,0.0019458000024314,0.0108196000073803,0.0031779999990249,1.1299998732283711e-05,3.260000084992498e-05
16,82,5.5800002883188426e-05,0.0012247999984538,0.012944599999173,0.0010564000040176,0.0130004000020562,0.0022812000024714,1.3800003216601908e-05,4.099999932805076e-05
16,83,7.339999865507707e-05,0.0012541000032797,0.0099001999988104,0.0038196000023162,0.0099735999974654,0.005073700005596,1.019999763229862e-05,3.2999996619764715e-05
16,84,5.6400000175926834e-05,0.0012214000016683,0.011726800003089,0.0029535000066971,0.0117832000032649,0.0041749000083655,1.1300006008241326e-05,3.319999814266339e-05
16,85,5.6700002460274845e-05,0.0012403000000631,0.0135539999973843,0.0029692000025534,0.0136106999998446,0.0042095000026165,1.1299998732283711e-05,3.3399999665562063e-05
16,86,5.619999865302816e-05,0.0013537999984691,0.0102608999950462,0.0048667000010027,0.0103170999936992,0.0062204999994719,1.1299998732283711e-05,3.239999932702631e-05
16,87,5.690000398317352e-05,0.0012729999943985,0.0110003000008873,0.0026784000001498,0.0110572000048705,0.0039513999945484,1.1400006769690664e-05,3.319999814266339e-05
16,88,5.750000127591193e-05,0.0015372999987448,0.0098568999965209,0.0024851999987731,0.0099143999977968,0.004022499997518,1.1399999493733048e-05,3.2300005841534585e-05
16,89,0.0001002999997581,0.0016381000023102,0.0133130000031087,0.0025301999994553,0.0134133000028668,0.0041683000017656,1.1299998732283711e-05,3.3299998904112726e-05
16,90,5.6400000175926834e-05,0.0012182999998913,0.009500800006208,0.0024398999958066,0.0095572000063839,0.0036581999956979,7.099995855242014e-06,3.149999974993989e-05
16,91,5.5500000598840415e-05,0.0015306999994209,0.0134096999972825,0.0039752000011503,0.0134651999978814,0.0055059000005712,1.1600001016631722e-05,3.260000084992498e-05
16,92,5.62999994144775e-05,0.0012591999984579,0.0094339999996009,0.0026201000000583,0.0094902999990154,0.0038792999985162,1.4199998986441642e-05,4.11000000895001e-05
16,93,7.239999831654131e-05,0.001410400000168,0.0106511999983922,0.0024427999960607,0.0107235999967088,0.0038531999962287,1.1199997970834374e-05,3.210000431863591e-05
16,94,5.4600001021754e-05,0.0014929000026313,0.0120644999988144,0.0016745999964768,0.0121190999998361,0.0031674999991082,1.1600001016631722e-05,3.210000431863591e-05
16,95,5.619999865302816e-05,0.0012002999937976,0.0105993999968632,0.002301600005012,0.0106555999955162,0.0035018999988096,1.1399999493733048e-05,3.189999551977962e-05
16,96,6.329999450827017e-05,0.0012428000045474,0.0119151000035344,0.0023288000011234,0.0119783999980427,0.0035716000056709,1.6199999663513154e-05,5.049999890616164e-05
16,97,5.690000398317352e-05,0.0012770999965141,0.0103070999975898,0.001373599996441,0.010364000001573,0.0026506999929551,8.200004231184721e-06,3.03999986499548e-05
16,98,5.529999907594174e-05,0.0012215000024298,0.0117245000001275,0.0021109000008436,0.0117797999992035,0.0033324000032735,1.1299998732283711e-05,3.2699994335416704e-05
16,99,5.569999484578148e-05,0.0012458999990485,0.0101321000038296,0.0019732000000658,0.0101877999986754,0.0032190999991144,1.1399999493733048e-05,3.290000313427299e-05
16,100,5.5800002883188426e-05,0.0012619999979506,0.009270300004573,0.003659099995275,0.0093261000074562,0.0049210999932256,1.0100004146806896e-05,3.1600000511389226e-05
22,1,8.650000381749123e-05,0.0028821999949286,0.0319677000006777,0.0077278000026126,0.0320542000044952,0.0106099999975413,1.290000363951549e-05,5.789999704575166e-05
22,2,9.169999975711109e-05,0.002818599998136,0.0322840000008,0.0118661999949836,0.0323757000005571,0.0146847999931196,1.26999948406592e-05,5.740000051446259e-05
22,3,8.399999933317304e-05,0.0033304000025964,0.0485030000054393,0.0092958000022917,0.0485870000047725,0.0126262000048882,1.5199999324977398e-05,5.9300000430084765e-05
22,4,9.670000144978984e-05,0.0027998000005027,0.0294015999970724,0.0065135000040754,0.0294982999985222,0.0093133000045781,1.2200005585327744e-05,5.5999997130129486e-05
22,5,8.619999425718561e-05,0.0030616000003647,0.0348678000009385,0.0042631999967852,0.0349539999951957,0.0073247999971499,1.2299999070819467e-05,5.879999662283808e-05
22,6,8.270000398624688e-05,0.0028619000004255,0.0312906000035582,0.0043999000045005,0.0313733000075444,0.007261800004926,1.189999602502212e-05,8.830000297166407e-05
22,7,0.0001308999999309,0.0032686000049579,0.0294131000046036,0.0070338000004994,0.0295440000045346,0.0103024000054574,1.1999996786471456e-05,6.310000026132911e-05
22,8,8.290000550914556e-05,0.0028927000021212,0.0328652000025613,0.0090533999973558,0.0329481000080704,0.0119460999994771,1.1999996786471456e-05,5.77000027988106e-05
22,9,8.499999967170879e-05,0.0033105999973486,0.0327954000022145,0.006134800001746,0.0328804000018863,0.0094453999990946,1.1999996786471456e-05,5.7999997807201e-05
22,10,8.119999984046444e-05,0.0029902999958721,0.0331825999965076,0.0065724000014597,0.0332637999963481,0.0095626999973319,1.219999830937013e-05,5.750000127591193e-05
22,11,8.319999324157834e-05,0.0032800999979372,0.0289405000003171,0.0099397000012686,0.0290236999935586,0.0132197999992058,1.2200005585327744e-05,5.850000161444768e-05
22,12,0.0001257999974768,0.0031597000051988,0.029557299996668,0.0059446000013849,0.0296830999941448,0.0091043000065837,2.3200002033263445e-05,5.860000237589702e-05
22,13,8.339999476447701e-05,0.0028143000017735,0.0350055000017164,0.0091048999966005,0.0350888999964809,0.011919199998374,1.170000177808106e-05,5.750000127591193e-05
22,14,8.259999594883993e-05,0.002826099997037,0.0389167000030283,0.0081175000013899,0.0389992999989772,0.010943599998427,1.2099997547920792e-05,5.619999865302816e-05
22,15,8.479999814881012e-05,0.0033970000004046,0.0386734999992768,0.0059841999973286,0.0387582999974256,0.0093811999977333,1.1999996786471456e-05,5.699999746866524e-05
22,16,8.270000398624688e-05,0.0028676000001723,0.0305773000000044,0.0061158999960753,0.0306600000039907,0.0089834999962477,1.2399999832268804e-05,5.989999772282317e-05
22,17,8.540000271750614e-05,0.0028740000052493,0.0325127999967662,0.0067665000024135,0.0325981999994837,0.0096405000076629,1.2299999070819467e-05,5.830000009154901e-05
22,18,8.53000019560568e-05,0.0028653000044869,0.0275773000030312,0.0099352000033832,0.0276626000049873,0.0128005000078701,1.2099997547920792e-05,5.830000009154901e-05
22,19,8.440000237897038e-05,0.0028983000011066,0.0501495999997132,0.0048428999944007,0.0502340000020922,0.0077411999955074,1.4699995517730711e-05,5.819999933009967e-05
22,20,8.520000119460747e-05,0.0028785000031348,0.0359577999988687,0.0059193999986746,0.0360430000000633,0.0087979000018094,1.2099997547920792e-05,5.850000161444768e-05
22,21,8.370000432478264e-05,0.0028504000001703,0.0328401000006124,0.0095541999980923,0.0329238000049372,0.0124045999982627,1.2399999832268804e-05,5.709999823011458e-05
22,22,8.47000046633184e-05,0.0028931999986525,0.0325350999992224,0.0037446999995154,0.0326198000038857,0.0066378999981679,1.2299999070819467e-05,5.950000195298344e-05
22,23,8.480000542476773e-05,0.0030947999985073,0.0385957999969832,0.0085837000005994,0.038680600002408,0.0116784999991068,1.2100004823878407e-05,5.790000432170928e-05
22,24,8.440000237897038e-05,0.0029047000061837,0.0359028000020771,0.005059600000095,0.0359872000044561,0.0079643000062787,1.189999602502212e-05,6.179999763844535e-05
22,25,8.420000085607171e-05,0.0031719000035081,0.0319036000000778,0.010350800002925,0.0319878000009339,0.0135227000064332,1.1900003300979732e-05,5.819999933009967e-05
22,26,8.210000669350848e-05,0.0028222000037203,0.0371279999963007,0.0053373999980976,0.0372101000029942,0.008159600001818,1.2099997547920792e-05,5.939999391557649e-05
22,27,8.53000019560568e-05,0.0031380000000353,0.0319178999998257,0.0068697000024258,0.0320032000017818,0.0100077000024612,1.1999996786471456e-05,5.789999704575166e-05
22,28,8.150000212481245e-05,0.0027853999999933,0.0319097000028705,0.0078504999983124,0.0319912000049953,0.0106358999983058,1.2299999070819467e-05,5.77000027988106e-05
22,29,8.589999924879521e-05,0.0033039000045391,0.0335728999998536,0.0068414999986998,0.0336587999991024,0.010145400003239,1.2099997547920792e-05,5.619999865302816e-05
22,30,8.119999984046444e-05,0.0028396999987307,0.0354115000009187,0.0090264999962528,0.0354927000007592,0.0118661999949836,1.2100004823878407e-05,5.999999848427251e-05
22,31,0.0001359000016236,0.003883899997163,0.0348778999978094,0.0097806999983731,0.0350137999994331,0.0136645999955362,1.2299999070819467e-05,5.719999899156392e-05
22,32,8.290000550914556e-05,0.0032665999970049,0.02924350000103,0.0068275000012363,0.0293264000065391,0.0100940999982412,1.1999996786471456e-05,5.789999704575166e-05
22,33,8.38999985717237e-05,0.0031152000010479,0.0314279000012902,0.0068093000008957,0.0315117999998619,0.0099245000019436,1.2200005585327744e-05,5.6400000175926834e-05
22,34,8.450000314041972e-05,0.0028708000027108,0.034231899997394,0.0129277999949408,0.0343164000005344,0.0157985999976517,1.2100004823878407e-05,5.8800003898795694e-05
22,35,8.769999840296805e-05,0.0031283999996958,0.0430091000016545,0.0066699000017251,0.0430968000000575,0.009798300001421,1.3500000932253895e-05,5.779999628430232e-05
22,36,8.540000271750614e-05,0.0033944000024348,0.0341523000024608,0.0033722000007401,0.0342377000051783,0.0067666000031749,1.2399999832268804e-05,5.740000051446259e-05
22,37,8.380000508623198e-05,0.00321989999793,0.0302449000009801,0.0066899999947054,0.0303287000060663,0.0099098999926354,1.2100004823878407e-05,5.9600002714432776e-05
22,38,8.399999933317304e-05,0.0028631999957724,0.0311426999978721,0.0070359000019379,0.0312266999972052,0.0098990999977104,1.2299999070819467e-05,6.819999543949962e-05
22,39,8.270000398624688e-05,0.0028628000000026,0.03362080000079,0.0096925999969244,0.0337035000047762,0.012555399996927,1.200000406242907e-05,5.6700002460274845e-05
22,40,8.510000043315813e-05,0.0028431999962776,0.0389574999935575,0.0050371999968774,0.0390425999939907,0.0078803999931551,1.219999830937013e-05,5.709999823011458e-05
22,41,8.629999501863495e-05,0.0028738000037265,0.032124899997143,0.0083078000025125,0.0322111999921617,0.011181600006239,1.1600001016631722e-05,5.719999899156392e-05
22,42,8.579999848734587e-05,0.0028990999999223,0.0324172000036924,0.0092203000021982,0.0325030000021797,0.0121194000021205,1.2099997547920792e-05,5.9300000430084765e-05
22,43,8.749999688006938e-05,0.0028941000055056,0.0317045000047073,0.0074324000015622,0.0317920000015874,0.0103265000070678,1.219999830937013e-05,5.830000009154901e-05
22,44,8.459999662591144e-05,0.0028934000001754,0.0371186999982455,0.0023427999985869,0.0372032999948714,0.0052361999987624,1.2099997547920792e-05,5.729999975301325e-05
22,45,8.430000161752105e-05,0.0031291999985114,0.0348929000028874,0.0094249000030686,0.0349772000045049,0.01255410000158,1.200000406242907e-05,5.709999823011458e-05
22,46,8.420000085607171e-05,0.002783999996609,0.0351888000004692,0.0065131000010296,0.0352730000013252,0.0092970999976387,1.1999996786471456e-05,5.909999890718609e-05
22,47,8.340000204043463e-05,0.002895499994338,0.0300142000050982,0.0081563999992795,0.0300976000071386,0.0110518999936175,1.2200005585327744e-05,5.689999670721591e-05
22,48,0.0001359000016236,0.0036202999981469,0.0390858000027947,0.012669800002186,0.0392217000044183,0.016290100000333,1.2099997547920792e-05,5.62999994144775e-05
22,49,8.290000550914556e-05,0.0028626999992411,0.0368626000054064,0.0102305000036722,0.0369455000109155,0.0130932000029133,1.1999996786471456e-05,5.77000027988106e-05
22,50,8.449999586446211e-05,0.002826099997037,0.0444212000002153,0.0041133999984594,0.0445056999960797,0.0069394999954965,1.4099998224992303e-05,6.009999924572185e-05
22,51,8.679999882588163e-05,0.0032828999974299,0.0373623000050429,0.0102876999953878,0.0374491000038688,0.0135705999928177,1.2200005585327744e-05,0.0001125999988289
22,52,0.0001291999942623,0.0032180000052903,0.0316194999977597,0.0037023999975644,0.031748699992022,0.0069204000028548,1.200000406242907e-05,5.510000482900068e-05
22,53,0.0001478999984101,0.0031362000008812,0.034076099997037,0.0088178000005427,0.0342239999954472,0.0119540000014239,2.1599997126031667e-05,7.170000026235357e-05
22,54,0.0001054000022122,0.0030066000035731,0.0297327000007499,0.0060742999994545,0.0298381000029621,0.0090809000030276,1.2200005585327744e-05,5.709999823011458e-05
22,55,8.379999781027436e-05,0.0028533000004244,0.0312935999972978,0.0069450000009965,0.0313773999951081,0.009798300001421,1.2099997547920792e-05,5.819999933009967e-05
22,56,8.420000085607171e-05,0.0029037999993306,0.0350347000057809,0.0076559000008273,0.0351189000066369,0.010559700000158,1.189999602502212e-05,5.729999975301325e-05
22,57,8.329999400302768e-05,0.0028590000001713,0.0346694999971077,0.0059132000023964,0.0347527999911108,0.0087722000025678,1.2299999070819467e-05,5.5999997130129486e-05
22,58,0.0001095999978133,0.0028564000022015,0.0325429000004078,0.004093700001249,0.0326524999982211,0.0069501000034506,1.219999830937013e-05,5.819999933009967e-05
22,59,8.399999933317304e-05,0.0028750999990734,0.0344624999997904,0.0083210000011604,0.0345464999991236,0.0111961000002338,1.4899997040629389e-05,7.419999747071415e-05
22,60,0.0001036999965435,0.0032065000050351,0.0290198000002419,0.007630699998117,0.0291234999967855,0.0108372000031522,1.4899997040629389e-05,7.18000010238029e-05
22,61,0.0001082000017049,0.0028935999944224,0.0331864999971003,0.0094256000011228,0.0332946999988053,0.0123191999955452,1.4899997040629389e-05,7.019999611657113e-05
22,62,0.0001247000036528,0.0031501999983447,0.0320074999981443,0.0100425000055111,0.0321322000017971,0.0131927000038558,1.219999830937013e-05,5.750000127591193e-05
22,63,8.540000271750614e-05,0.0030845000001136,0.0319312999999965,0.0059731000001193,0.032016700002714,0.0090576000002329,2.7399997634347528e-05,7.729999924777076e-05
22,64,0.0001086999982362,0.0032949000014923,0.0311364000008325,0.0047598000019206,0.0312450999990687,0.008054700003413,1.1900003300979732e-05,5.810000584460795e-05
22,65,8.509999315720052e-05,0.0033986999987973,0.0282558999970206,0.0163867000010213,0.0283409999901778,0.0197853999998187,1.2099997547920792e-05,5.889999738428742e-05
22,66,8.610000077169389e-05,0.0028625000049942,0.0337785000010626,0.0173120000035851,0.0338646000018343,0.0201745000085793,1.4399993233382702e-05,5.7600002037361264e-05
22,67,8.459999662591144e-05,0.0028843999971286,0.0351197999989381,0.0053915999960736,0.035204399995564,0.0082759999932022,1.219999830937013e-05,5.999999848427251e-05
22,68,8.350000280188397e-05,0.0030650999979116,0.0325567999971099,0.0099763999969582,0.0326402999999118,0.0130414999948698,1.2299999070819467e-05,5.679999594576657e-05
22,69,8.499999967170879e-05,0.0030681999996886,0.0366091000032611,0.0064428999976371,0.0366941000029328,0.0095110999973258,1.189999602502212e-05,5.830000009154901e-05
22,70,8.420000085607171e-05,0.0028337000039755,0.0312133999977959,0.0051994000023114,0.031297599998652,0.0080331000062869,1.250000059371814e-05,7.159999950090423e-05
22,71,8.590000652475283e-05,0.003226300003007,0.0318102999954135,0.0066385000027366,0.0318962000019382,0.0098648000057437,1.7600003047846258e-05,8.510000043315813e-05
22,72,8.499999967170879e-05,0.0028352000008453,0.037803300001542,0.0074291999990236,0.0378883000012137,0.010264399999869,1.790000533219427e-05,8.620000153314322e-05
22,73,0.0001052000006893,0.003051100000448,0.0298355999984778,0.0060559000048669,0.0299407999991672,0.009107000005315,1.1999996786471456e-05,5.7999997807201e-05
22,74,8.369999704882503e-05,0.0030926000035833,0.0344128999931854,0.0077002999969408,0.0344965999902342,0.0107929000005242,1.2800002878066152e-05,5.850000161444768e-05
22,75,8.459999662591144e-05,0.002856499995687,0.030465700001514,0.0053856000013183,0.0305502999981399,0.0082420999970054,1.219999830937013e-05,5.7600002037361264e-05
22,76,8.47000046633184e-05,0.0028757999971276,0.0313563000017893,0.0072939000019687,0.0314410000064526,0.0101696999990963,1.2099997547920792e-05,5.909999890718609e-05
22,77,8.410000009462237e-05,0.0028936999951838,0.031905399999232,0.0056121000015991,0.0319894999993266,0.008505799996783,1.2100004823878407e-05,6.370000483002514e-05
22,78,0.0001226999956998,0.003207999994629,0.032958800002234,0.0078696999989915,0.0330814999979338,0.0110776999936206,1.799999881768599e-05,8.659999730298296e-05
22,79,0.0001276999973924,0.003117000000202,0.0350136999986716,0.0051164999968023,0.0351413999960641,0.0082334999970044,1.219999830937013e-05,5.8599995099939406e-05
22,80,8.800000068731606e-05,0.0031945999944582,0.0278619999953662,0.0076074999960837,0.0279499999960535,0.010802099990542,1.2100004823878407e-05,6.040000153006986e-05
22,81,8.510000043315813e-05,0.0028410000013536,0.030893000002834,0.0114954999953624,0.0309781000032671,0.0143364999967161,1.250000059371814e-05,5.699999746866524e-05
22,82,8.600000001024455e-05,0.0031626999989384,0.0495170000067446,0.0077480000036302,0.0496030000067548,0.0109107000025687,1.460000203223899e-05,5.509999755304307e-05
22,83,8.369999704882503e-05,0.0029475999981514,0.0325572000001557,0.0054269000029307,0.0326408999972045,0.0083745000010821,1.3199998647905886e-05,5.710000550607219e-05
22,84,8.539999544154853e-05,0.0028916000010212,0.032034099996963,0.0088838999945437,0.0321194999924046,0.011775499995565,1.3000004400964826e-05,5.860000237589702e-05
22,85,8.590000652475283e-05,0.0028183999966131,0.036829899996519,0.0057069999966188,0.0369158000030438,0.0085253999932319,1.0900002962443978e-05,5.789999704575166e-05
22,86,8.81000014487654e-05,0.0028076000016881,0.0314182000001892,0.0113103999974555,0.031506300001638,0.0141179999991436,1.290000363951549e-05,6.320000102277845e-05
22,87,8.600000001024455e-05,0.0028409000005922,0.0294661000007181,0.0077683999988948,0.0295521000007283,0.0106092999994871,1.230000634677708e-05,5.9300000430084765e-05
22,88,8.510000043315813e-05,0.0028930999978911,0.0333502000066801,0.0058688999997684,0.0334353000071132,0.0087619999976595,1.2099997547920792e-05,5.6200005928985775e-05
22,89,8.53000019560568e-05,0.002866199996788,0.0322591999938595,0.007680300004722,0.0323444999958155,0.0105465000015101,1.1900003300979732e-05,5.8099998568650335e-05
22,90,8.349999552592635e-05,0.0028641999961109,0.0347594999984721,0.0067127000002074,0.034842999993998,0.0095768999963183,1.189999602502212e-05,5.619999865302816e-05
22,91,8.699999307282269e-05,0.0028719000038108,0.0335960000011255,0.0098502000037115,0.0336829999941983,0.0127221000075223,1.8300001102034003e-05,8.630000229459256e-05
22,92,0.0001056000037351,0.003146300005028,0.0302252999972552,0.0073481999934301,0.0303309000009903,0.0104944999984581,1.4700002793688329e-05,7.570000161649659e-05
22,93,0.0001250999994226,0.0032602999999653,0.0293295000010402,0.0114592000027187,0.0294546000004629,0.014719500002684,1.2399999832268804e-05,5.850000161444768e-05
22,94,8.420000085607171e-05,0.0028732999999192,0.0296338000043761,0.0080343000008724,0.0297180000052321,0.0109076000007917,9.800001862458885e-06,5.689999670721591e-05
22,95,8.53000019560568e-05,0.0029232999950181,0.0349662999942665,0.0062600000019301,0.0350515999962226,0.0091832999969483,1.2100004823878407e-05,5.779999628430232e-05
22,96,8.489999891025946e-05,0.0027986999994027,0.0306597000017063,0.0081767999945441,0.0307446000006166,0.0109754999939468,1.2200005585327744e-05,5.77000027988106e-05
22,97,8.529999468009919e-05,0.0028907999949296,0.037339399998018,0.0168585999999777,0.0374246999926981,0.0197493999949074,1.3299999409355223e-05,5.800000508315861e-05
22,98,8.639999578008428e-05,0.0030809000018052,0.0370621999973082,0.0068699999974342,0.0371485999930882,0.0099508999992394,1.2200005585327744e-05,5.800000508315861e-05
22,99,8.460000390186906e-05,0.0027699999991455,0.0313957000034861,0.007090800005244,0.0314803000073879,0.0098608000043896,1.019999763229862e-05,5.570000212173909e-05
22,100,8.30000062705949e-05,0.0028067999955965,0.0310609999942244,0.011879300000146,0.0311440000004949,0.0146860999957425,1.2299999070819467e-05,6.0200000007171184e-05
28,1,0.0001187000016216,0.005737700004829,0.0750518000058946,0.0170847999979741,0.0751705000075162,0.0228225000028032,1.5400000847876072e-05,9.839999984251337e-05
28,2,0.0001238000040757,0.0054440999956568,0.0788059000042267,0.0248145000005024,0.0789297000083024,0.0302585999961593,1.4200006262399256e-05,9.609999688109384e-05
28,3,0.0001173999989987,0.0055054000040399,0.0618147999994107,0.0151039999982458,0.0619321999984094,0.0206094000022858,1.3100005162414163e-05,9.630000567995012e-05
28,4,0.0001159999956144,0.0054158999992068,0.0790350000024773,0.0133462000012514,0.0791509999980917,0.0187621000004583,1.309999788645655e-05,9.870000212686136e-05
28,5,0.000116600000183,0.0054560999997192,0.0807069999937084,0.0148805999997421,0.0808235999938915,0.0203366999994614,1.290000363951549e-05,9.549999958835542e-05
28,6,0.0001151000033132,0.0053865000008954,0.076611700002104,0.0260302999959094,0.0767268000054173,0.0314167999968049,1.3199998647905886e-05,9.750000026542692e-05
28,7,0.0001176999940071,0.0054779999991296,0.0791152000019792,0.0128488000045763,0.0792328999959863,0.018326800003706,1.4599994756281376e-05,9.580000187270345e-05
28,8,0.0001185999935842,0.0057723999998415,0.0647530999995069,0.0161040000020875,0.0648716999930911,0.0218764000019291,1.3499993656296285e-05,9.510000381851567e-05
28,9,0.0001159000021289,0.0060556999960681,0.0655284999957075,0.0138098999959765,0.0656443999978364,0.0198655999920447,1.2700002116616815e-05,9.649999992689118e-05
28,10,0.0001153000048361,0.0054119000051287,0.0891539000003831,0.0207032999969669,0.0892692000052193,0.0261152000020956,1.2800002878066152e-05,9.439999848837032e-05
28,11,0.0001169000024674,0.005435099999886,0.0745312999933958,0.0149688000019523,0.0746481999958632,0.0204039000018383,1.26999948406592e-05,9.380000119563192e-05
28,12,0.0001216000018757,0.005310599997756,0.0817940999986603,0.0077541999999084,0.0819157000005361,0.0130647999976645,1.2599994079209864e-05,9.839999984251337e-05
28,13,0.0001132000033976,0.0053086000043549,0.0835762999995495,0.0116072000018903,0.0836895000029471,0.0169158000062452,1.2800002878066152e-05,9.420000424142928e-05
28,14,0.0001212999995914,0.0054658000008203,0.0661570999945979,0.0360140999982832,0.0662783999941893,0.0414798999991035,1.4800003555137664e-05,9.370000043418258e-05
28,15,0.0001192999989143,0.0053314000033424,0.0594686000040383,0.021327199996449,0.0595879000029526,0.0266585999997914,1.309999788645655e-05,9.649999992689118e-05
28,16,0.0001210999980685,0.0055329999959212,0.0660435000027064,0.0127342999985557,0.0661646000007749,0.018267299994477,1.290000363951549e-05,9.789999603526668e-05
28,17,0.0001170999967143,0.0057557999971322,0.0684193999986746,0.0169822000025305,0.068536499995389,0.0227379999996628,6.10999995842576e-05,0.0001546999992569
28,18,0.0001474000018788,0.0056120999943232,0.078440800003591,0.0182041000007302,0.0785882000054698,0.0238161999950534,1.2800002878066152e-05,9.62999984039925e-05
28,19,0.0001165000066976,0.005801600003906,0.0664384999981848,0.0126693999991402,0.0665550000048824,0.0184710000030463,1.3000004400964826e-05,9.70999972196296e-05
28,20,0.0001179000028059,0.0053688999978476,0.0667994999967049,0.0135835999972186,0.0669173999995109,0.0189524999950663,1.2799995602108538e-05,9.520000457996504e-05
28,21,0.0001164999994216,0.0056466999958502,0.0804029999999329,0.0134564000036334,0.0805194999993546,0.0191030999994836,1.290000363951549e-05,0.0001004000005195
28,22,0.0001193999996758,0.0054510000045411,0.0849863999974331,0.0271454999965499,0.0851057999971089,0.032596500001091,1.7700003809295595e-05,9.819999831961468e-05
28,23,0.0001181000043288,0.0057061000043177,0.0787173999997321,0.0165960000013001,0.078835500004061,0.0223021000056178,1.309999788645655e-05,9.649999992689118e-05
28,24,0.0001144999987445,0.00538200000301,0.0743440000005648,0.0123002000036649,0.0744584999993094,0.0176822000066749,1.32000059238635e-05,0.0001010999985737
28,25,0.0001170999967143,0.0054510999980266,0.073643700001412,0.0162333999978727,0.0737607999981264,0.0216844999958993,1.2899996363557875e-05,9.379999391967432e-05
28,26,0.0001170999967143,0.0061361000043689,0.0634783999994397,0.0130640999996103,0.0635954999961541,0.0192002000039792,1.2700002116616815e-05,9.649999992689118e-05
28,27,0.000116600000183,0.0054829000000609,0.0759402999974554,0.016927199998463,0.0760568999976385,0.0224100999985239,1.2899996363557875e-05,9.560000034980476e-05
28,28,0.0001162999978987,0.0062961000003269,0.080488299994613,0.0219896000053267,0.0806045999925118,0.0282857000056537,1.2600001355167478e-05,9.760000102687628e-05
28,29,0.0001885999954538,0.0057486000005155,0.0696534000016981,0.0126725000009173,0.069841999997152,0.0184211000014329,1.290000363951549e-05,9.580000187270345e-05
28,30,0.0001167000009445,0.0059295999963069,0.0824954000054276,0.0203315999970072,0.0826121000063722,0.0262611999933142,1.7799997294787318e-05,9.639999916544184e-05
28,31,0.0001191000046674,0.0061284999974304,0.0705874000050243,0.0133767000006628,0.0707065000096918,0.0195051999980933,1.6400001186411828e-05,0.0001219999976456
28,32,0.0001354999985778,0.005455600003188,0.0631388999972841,0.0236235999982454,0.063274399995862,0.0290792000014334,1.2999997125007212e-05,9.850000060396268e-05
28,33,0.0001181999978143,0.0053798999942955,0.087858499995491,0.0105058999979519,0.0879766999933053,0.0158857999922474,1.2700002116616815e-05,9.579999459674582e-05
28,34,0.0001172999982372,0.0054171999945538,0.0742074000008869,0.0134753000020282,0.0743246999991242,0.018892499996582,1.26999948406592e-05,9.829999908106402e-05
28,35,0.0001185000000987,0.0062013999995542,0.0816429999977117,0.0133280000009108,0.0817614999978104,0.0195294000004651,1.2899996363557875e-05,9.249999857274815e-05
28,36,0.0001135999991674,0.0053439000039361,0.0841318000020692,0.0216845999966608,0.0842454000012367,0.0270285000005969,1.2800002878066152e-05,0.0001037000038195
28,37,0.0001168999951914,0.0063599999994039,0.0823832000023685,0.0178671999965445,0.08250009999756,0.0242271999959484,1.2899996363557875e-05,0.000103600003058
28,38,0.0001161999971373,0.0059040999985882,0.0971967000004951,0.0151624999998603,0.0973128999976324,0.0210665999984485,1.7899998056236655e-05,9.690000297268853e-05
28,39,0.0001244999948539,0.0054256000003078,0.060006700005033,0.011453099999926,0.060131199999887,0.0168787000002339,1.2899996363557875e-05,0.0001014999943436
28,40,0.0001169000024674,0.0054540999990422,0.0691999000046053,0.0096376999936182,0.0693168000070727,0.0150917999926605,1.309999788645655e-05,9.849999332800508e-05
28,41,0.0001163999986601,0.0054657000000588,0.0779455000010784,0.0143161000014515,0.0780618999997386,0.0197818000015104,1.2999997125007212e-05,9.499999578110874e-05
28,42,0.0001212999995914,0.0054310999985318,0.06866849999642,0.0188345999995362,0.0687897999960114,0.0242656999980681,1.290000363951549e-05,9.699999645818024e-05
28,43,0.0001165000066976,0.0053434000001288,0.0677536000002874,0.0159370000037597,0.067870100006985,0.0212804000038886,1.7099999240599573e-05,0.0001237999967997
28,44,0.0001470999995945,0.0058367000019643,0.0827403999937814,0.0212576000049011,0.0828874999933759,0.0270943000068655,1.2999997125007212e-05,9.599999611964448e-05
28,45,0.0001171999974758,0.0054511000053025,0.0628603000004659,0.016895700005989,0.0629774999979417,0.0223468000112916,1.3299999409355223e-05,9.419999696547166e-05
28,46,0.0001168000017059,0.0053794000050402,0.0763025000051129,0.0152488999956403,0.0764193000068189,0.0206283000006806,1.630000042496249e-05,9.919999865815043e-05
28,47,0.0001173999989987,0.0054449000017484,0.0681571000022813,0.0230116000020643,0.0682745000012801,0.0284565000038128,1.2999997125007212e-05,9.380000119563192e-05
28,48,0.0001177999947685,0.0054507000022567,0.0603153999982168,0.0137551000007078,0.0604331999929854,0.0192058000029646,1.309999788645655e-05,9.579999459674582e-05
28,49,0.0001201000050059,0.0054401000015786,0.0859660999994957,0.02091289999953,0.0860862000045017,0.0263530000011087,1.2800002878066152e-05,9.71000044955872e-05
28,50,0.0001291999942623,0.0054883999982848,0.0670412999970722,0.0110716999988653,0.0671704999913345,0.0165600999971502,1.2899996363557875e-05,9.470000077271834e-05
28,51,0.0001155999998445,0.0056792999967001,0.0616112000061548,0.0136105999990832,0.0617268000059993,0.0192898999957833,1.2800002878066152e-05,9.4600000011269e-05
28,52,0.0001150999960373,0.0053004000001237,0.0794310000055702,0.0121953000052599,0.0795461000016075,0.0174957000053836,1.3000004400964826e-05,9.819999831961468e-05
28,53,0.0001163000051747,0.0054605000041192,0.0731276000005891,0.0122274000023026,0.0732439000057638,0.0176879000064218,1.2600001355167478e-05,9.51999973040074e-05
28,54,0.0001182999985758,0.0054283000063151,0.0878430999946431,0.0179006999969715,0.0879613999932189,0.0233290000032866,1.5199999324977398e-05,0.0001725999973132
28,55,0.0001479999991715,0.0054992000004858,0.0782170000020414,0.0210823000015807,0.078365000001213,0.0265815000020666,1.250000059371814e-05,0.0001177999947685
28,56,0.0001206000015372,0.0057930999973905,0.0671294999992824,0.0126164999965112,0.0672501000008196,0.0184095999939017,1.3199998647905886e-05,9.77000017883256e-05
28,57,0.0001160000028903,0.0056515999967814,0.0782338999997591,0.0200746999980765,0.0783499000026495,0.0257262999948579,1.2999997125007212e-05,9.720000525703654e-05
28,58,0.0001248999978997,0.0057269999961135,0.0750975999981165,0.0170823000007658,0.0752224999960162,0.0228092999968794,1.6199999663513154e-05,0.0001219999976456
28,59,0.000143699995533,0.0056656000015209,0.0733345999979064,0.0213567999962833,0.0734782999934395,0.0270223999978043,1.2899996363557875e-05,9.600000339560212e-05
28,60,0.0001187000016216,0.0057904999994207,0.0693616999997175,0.0195958999975118,0.0694804000013391,0.0253863999969325,1.2800002878066152e-05,9.609999688109384e-05
28,61,0.000116600000183,0.0054106000025058,0.0782720999995945,0.0207465999992564,0.0783886999997776,0.0261572000017622,1.3299999409355223e-05,9.329999738838524e-05
28,62,0.00011789999553,0.0054791000002296,0.0812994000007165,0.0173647999981767,0.0814172999962465,0.0228438999984064,1.4800003555137664e-05,0.000102699996205
28,63,0.0001244999948539,0.0054600000003119,0.073334499997145,0.0151896000024862,0.073458999991999,0.0206496000027982,1.3299999409355223e-05,9.220000356435776e-05
28,64,0.0001182999985758,0.0054149999996297,0.0605615000022226,0.0134273000003304,0.0606798000007984,0.0188422999999602,1.2799995602108538e-05,9.449999924981968e-05
28,65,0.0001147999937529,0.0059656000012182,0.0701453000001492,0.0156104999987292,0.0702600999939022,0.0215760999999474,1.2899996363557875e-05,9.679999493528156e-05
28,66,0.0001161000036518,0.0054473999989568,0.073491199997079,0.0138652999958139,0.0736073000007309,0.0193126999947708,1.2599994079209864e-05,9.390000195708126e-05
28,67,0.000117700001283,0.0053818999949726,0.0646059999999124,0.0148584000053233,0.0647237000011955,0.0202403000002959,1.3199998647905886e-05,9.68000022112392e-05
28,68,0.0001316000052611,0.0059211999978288,0.0807372000053874,0.0157344999970519,0.0808688000106485,0.0216556999948807,1.2599994079209864e-05,0.000100500001281
28,69,0.0001161000036518,0.0054244000057224,0.0839323999971384,0.0160232999987783,0.0840485000007902,0.0214477000045008,1.2899996363557875e-05,9.229999704984948e-05
28,70,0.0001161000036518,0.0054231000030995,0.0938200000018696,0.0136323000042466,0.0939361000055214,0.0190554000073461,2.099999983329326e-05,0.0001161000036518
28,71,0.0001180000035674,0.0062848000015947,0.1032587000008788,0.0181154000019887,0.1033767000044463,0.0244002000035834,1.3299999409355223e-05,9.599999611964448e-05
28,72,0.000116600000183,0.0053994999980204,0.0745284000004176,0.021033900004113,0.0746450000006007,0.0264334000021335,1.3000004400964826e-05,9.299999510403724e-05
28,73,0.0001168000017059,0.005717399995774,0.0627764999953797,0.0160681999986991,0.0628932999970857,0.0217855999944731,1.2999997125007212e-05,9.900000441120936e-05
28,74,0.00011679999443,0.0056286999970325,0.0733212999984971,0.0137694000004557,0.0734380999929271,0.0193980999974883,1.3000004400964826e-05,9.610000415705144e-05
28,75,0.0001151999967987,0.0053431999986059,0.0642535000006319,0.0196462000021711,0.0643686999974306,0.024989400000777,1.599999814061448e-05,0.00011899999663
28,76,0.0001498999990872,0.0060746000017388,0.0792780999981914,0.0211615999942296,0.0794279999972786,0.0272361999959684,1.2999997125007212e-05,0.0001001999989966
28,77,0.0001179999962914,0.0058205000023008,0.0730141000021831,0.0119510000004083,0.0731320999984745,0.0177715000027092,1.2999997125007212e-05,9.699999645818024e-05
28,78,0.0001147000002674,0.0054125000024214,0.0751670999961788,0.0175715000004856,0.0752817999964463,0.0229840000029071,1.5799996617715806e-05,9.649999992689118e-05
28,79,0.0001182999985758,0.0059345999979996,0.0625010000003385,0.0126266999941435,0.0626192999989143,0.0185612999921431,1.2800002878066152e-05,9.4900002295617e-05
28,80,0.0001149999952758,0.0053251999997883,0.0712369999964721,0.0113973000043188,0.071351999991748,0.0167225000041071,1.6099998902063817e-05,0.0001094999970518
28,81,0.0001150999960373,0.0061109000016585,0.0780309000037959,0.0213881999952718,0.0781459999998333,0.0274990999969304,1.5700003132224083e-05,0.0001235000017913
28,82,0.0001221999991685,0.0054282999990391,0.0706107000005431,0.0162415000013425,0.0707328999997116,0.0216698000003816,1.3799995940644294e-05,9.71000044955872e-05
28,83,0.000118800002383,0.0055771000043023,0.0847918999934336,0.012513099994976,0.0849106999958166,0.0180901999992784,1.2700002116616815e-05,9.77000017883256e-05
28,84,0.0001135000056819,0.0052498000004561,0.0714483999981894,0.0170218999992357,0.0715619000038714,0.0222716999996919,1.2800002878066152e-05,9.70999972196296e-05
28,85,0.0001192000054288,0.0053524000031757,0.0577485000030719,0.0102815999998711,0.0578677000085008,0.0156340000030468,1.3000004400964826e-05,0.000101600002381
28,86,0.0001130000018747,0.0053434000001288,0.0851546999983838,0.0195068000030005,0.0852677000002586,0.0248502000031294,1.750000228639692e-05,0.0001014000008581
28,87,0.0001172999982372,0.0058511999959591,0.0879141000041272,0.0182524999981978,0.0880314000023645,0.024103699994157,1.309999788645655e-05,0.0001017000031424
28,88,0.0001198000027216,0.005464199995913,0.0740673000036622,0.0099960000006831,0.0741871000063838,0.0154601999965962,1.2800002878066152e-05,9.520000457996504e-05
28,89,0.0001517999990028,0.0062877999953343,0.0612189000021317,0.0141799000048195,0.0613707000011345,0.0204677000001538,1.3199998647905886e-05,9.4600000011269e-05
28,90,0.0001212999995914,0.0053832999983569,0.074642200001108,0.0189567999987048,0.0747635000006994,0.0243400999970617,1.3199998647905886e-05,9.600000339560212e-05
28,91,0.00011789999553,0.0052960999964852,0.0991489000007277,0.0151471999997738,0.0992667999962577,0.0204432999962591,1.290000363951549e-05,9.620000491850078e-05
28,92,0.000116600000183,0.0053180999966571,0.0760966000016196,0.0169285000010859,0.0762132000018027,0.022246599997743,1.2700002116616815e-05,9.510000381851567e-05
28,93,0.0001172000047517,0.0055261999950744,0.0729707000064081,0.0141757000019424,0.0730879000111599,0.0197018999970168,1.2800002878066152e-05,0.0001063000017893
28,94,0.0001176000005216,0.0054039999959059,0.0733285000023897,0.0132179000065661,0.0734461000029114,0.0186219000024721,1.429999974789098e-05,9.449999924981968e-05
28,95,0.0001193999996758,0.0058215000026393,0.0775829999984125,0.0179059000001871,0.0777023999980883,0.0237274000028264,1.3300006685312836e-05,9.48999950196594e-05
28,96,0.0001150999960373,0.0058047999991686,0.0836609000034513,0.0126225000058184,0.0837759999994887,0.018427300004987,1.3000004400964826e-05,9.609999688109384e-05
28,97,0.0001162000044132,0.0054225999992922,0.0773466000027838,0.0160028999962378,0.077462800007197,0.0214254999955301,1.2899996363557875e-05,9.409999620402232e-05
28,98,0.000117700001283,0.0053888999973423,0.0742517999970004,0.0147436000042944,0.0743694999982835,0.0201325000016368,1.3199998647905886e-05,9.700000373413786e-05
28,99,0.0001180999970529,0.0053966999985277,0.0713076999963959,0.0164476999998441,0.0714257999934488,0.0218443999983719,1.2800002878066152e-05,9.549999958835542e-05
28,100,0.0001132000033976,0.0053861999986111,0.0679015000059735,0.0199737000002642,0.0680147000093711,0.0253598999988753,1.2799995602108538e-05,9.670000144978984e-05
34,1,0.0001531000016257,0.0098606999963521,0.1820012999960454,0.0171454000010271,0.1821543999976711,0.0270060999973793,1.939999492606148e-05,0.0001434000005247
34,2,0.000155599998834,0.0093271000005188,0.1426435000030324,0.0271573999998508,0.1427991000018664,0.0364845000003697,1.4200006262399256e-05,0.0001431999990018
34,3,0.0001506999979028,0.0095590999990236,0.1598411999948439,0.0180466000019805,0.1599918999927467,0.0276057000010041,1.3799995940644294e-05,0.0001439000043319
34,4,0.000152499997057,0.0090111000026809,0.1483897999933106,0.0196675999977742,0.1485422999903676,0.0286787000004551,1.3100005162414163e-05,0.0001462000000174
34,5,0.0001575999995111,0.0100808999995933,0.1749035000029835,0.0255711999998311,0.1750611000024946,0.0356520999994245,1.3600001693703234e-05,0.0001455000019632
34,6,0.0001570000022184,0.0099287999983062,0.1695082000005641,0.0292854999934206,0.1696652000027825,0.0392142999917268,1.809999957913533e-05,0.0001506000044173
34,7,0.0001542000027257,0.0095012999954633,0.1489688000001479,0.0321038999973097,0.1491230000028736,0.0416051999927731,1.700000575510785e-05,0.0001806000000215
34,8,0.0001486000037402,0.0091724000012618,0.177866099998937,0.0258038000029046,0.1780147000026772,0.0349762000041664,1.68999977177009e-05,0.0001771999959601
34,9,0.0001751000017975,0.0094716000021435,0.1555388999986462,0.0246882000064943,0.1557140000004437,0.0341598000086378,1.340000017080456e-05,0.0001456000027246
34,10,0.0001522000020486,0.0097164999970118,0.1795667999977013,0.0347130000009201,0.1797189999997499,0.044429499997932,1.9599996448960155e-05,0.0001498999990872
34,11,0.0001531999951112,0.009163399998215,0.1558564999941154,0.0236724999995203,0.1560096999892266,0.0328358999977353,1.410000550094992e-05,0.0001454000012017
34,12,0.0001492999945185,0.0089766000019153,0.1631773999979486,0.02322219999769,0.1633266999924671,0.0321987999996054,1.3899996702093633e-05,0.0001481999934185
34,13,0.0001511000009486,0.0096181999979307,0.1806053000036627,0.0284890000039013,0.1807564000046113,0.0381072000018321,1.3299999409355223e-05,0.0001518999997642
34,14,0.000195699998585,0.0092522999984794,0.1789034000030369,0.0383874000035575,0.179099100001622,0.0476397000020369,1.7300000763498247e-05,0.0001422999994247
34,15,0.0001562999968882,0.0097058000028482,0.1518267000064952,0.0223945999969146,0.1519830000033835,0.0321003999997628,1.4700002793688329e-05,0.0001463999942643
34,16,0.0002431000029901,0.0095997000025818,0.1852979999966919,0.0326789000027929,0.185541099999682,0.0422786000053747,1.3800003216601908e-05,0.0001476000034017
34,17,0.0001531000016257,0.0090557000003173,0.1956592999995337,0.0346705999982077,0.1958124000011594,0.043726299998525,1.3299999409355223e-05,0.0001503999956184
34,18,0.0001550000015413,0.009286599997722,0.18302859999676,0.0601590999940526,0.1831835999983013,0.0694456999917747,1.7700003809295595e-05,0.0001445000016246
34,19,0.0001592999979038,0.0098002000013366,0.1552663999973447,0.0277168999964487,0.1554256999952485,0.0375170999977854,1.479999627918005e-05,0.0001454999946872
34,20,0.0001498999990872,0.0090997000006609,0.1529249000013806,0.0306399000037345,0.1530748000004678,0.0397396000043954,2.039999526459724e-05,0.0002160999938496
34,21,0.0001917999979923,0.0090918999994755,0.1800500000026659,0.0304327999983797,0.1802418000006582,0.0395246999978553,1.429999974789098e-05,0.00015120000171
34,22,0.0001584999990882,0.0107083000038983,0.2014447000037762,0.0302154999953927,0.2016032000028644,0.040923799999291,1.3899996702093633e-05,0.0001424000001861
34,23,0.0001530999943497,0.0090287999992142,0.1502489999984391,0.0353018000023439,0.1504020999927888,0.0443306000015581,1.8399994587525725e-05,0.0001462000000174
34,24,0.0001619999966351,0.0093971000023884,0.1501149000032455,0.0279348999974899,0.1502768999998807,0.0373319999998784,1.5700003132224083e-05,0.0001489999995101
34,25,0.0001599000024725,0.0094211000032373,0.2032776000050944,0.0365635999987716,0.203437500007567,0.045984700002009,1.4200006262399256e-05,0.0001467999973101
34,26,0.0001613000058569,0.0096893000009004,0.1639393000004929,0.0349595000006957,0.1641006000063498,0.0446488000015961,1.3899996702093633e-05,0.000142799995956
34,27,0.0001517999990028,0.0098029000000678,0.1642342999984976,0.034107599996787,0.1643860999975004,0.0439104999968549,1.940000220201909e-05,0.0001907000041683
34,28,0.0002212999970652,0.0099612999983946,0.1548734000025433,0.025212399996235,0.1550946999996085,0.0351736999946297,2.0200001017656177e-05,0.000217300002987
34,29,0.0001975999985006,0.0091585000045597,0.1481563999986974,0.025668800000858,0.1483539999971981,0.0348273000054177,1.6500001947861165e-05,0.0001745999979902
34,30,0.0002471999978297,0.0093505999975604,0.1771139999982551,0.0270336999965365,0.1773611999960849,0.036384299994097,1.340000017080456e-05,0.0002045999935944
34,31,0.00015230000281,0.0089719999959925,0.1454339000047184,0.026167299998633,0.1455862000075285,0.0351392999946256,1.3600001693703234e-05,0.0001467000038246
34,32,0.0001506000044173,0.0090529000008245,0.1768573000008473,0.0273755000016535,0.1770079000052646,0.0364284000024781,1.5100005839485677e-05,0.000144799996633
34,33,0.0001546999992569,0.0091667000015149,0.1397039000003133,0.0267089999979361,0.1398585999995703,0.0358756999994511,1.4099998224992303e-05,0.0001446000023861
34,34,0.0001573000045027,0.0091462999989744,0.1705326000010245,0.0192903000061051,0.1706899000055273,0.0284366000050795,1.3799995940644294e-05,0.0001448999973945
34,35,0.0001702999943518,0.009969299993827,0.1641864999983227,0.0320973999987472,0.1643567999926745,0.0420666999925742,1.6999998479150236e-05,0.0001782000035746
34,36,0.0002340999999432,0.0093845999945187,0.1731203000017558,0.0287548000051174,0.1733544000016991,0.0381393999996362,1.720000000204891e-05,0.0001463000007788
34,37,0.0001574999987496,0.0091793999963556,0.1612467999948421,0.0262197999982163,0.1614042999935918,0.0353991999945719,1.3600001693703234e-05,0.0001466000030632
34,38,0.0001532000023871,0.0092611000000033,0.1725504999994882,0.0268390999990515,0.1727037000018754,0.0361001999990548,1.359999441774562e-05,0.0001487999979872
34,39,0.0001583999983267,0.0102627999949618,0.1714305999994394,0.0199534999992465,0.1715889999977662,0.0302162999942083,1.3600001693703234e-05,0.0001464999950258
34,40,0.0001522000020486,0.0093269999997573,0.1587746000004699,0.0351508999956422,0.1589268000025185,0.0444778999953996,2.0200001017656177e-05,0.0001462000000174
34,41,0.0001583999983267,0.0093889999989187,0.132002199999988,0.0481980999975348,0.1321605999983148,0.0575870999964536,1.7099999240599573e-05,0.0001809000023058
34,42,0.0001511000009486,0.0092289000021992,0.1879191999978502,0.034952300004079,0.1880702999987988,0.0441812000062782,1.4099998224992303e-05,0.0001454999946872
34,43,0.0001542999962111,0.0091766999976243,0.1778244000015547,0.0277642000000923,0.1779786999977659,0.0369408999977167,1.429999974789098e-05,0.0001438999970559
34,44,0.0001543000034871,0.0092141999994055,0.1582667999973637,0.0230548000035923,0.1584211000008508,0.0322690000029979,1.3999997463542968e-05,0.0001474000018788
34,45,0.000154499997734,0.0099207000021124,0.1603826999999,0.0387138000005506,0.1605371999976341,0.0486345000026631,1.870000414783135e-05,0.0001499999998486
34,46,0.0001540999946882,0.0093358999947668,0.1767770000005839,0.0284081999998306,0.1769310999952722,0.0377440999945974,1.3900003978051244e-05,0.0001529000001028
34,47,0.0002029999959631,0.0092949999962002,0.1521582999994279,0.0312871000060113,0.1523612999953911,0.0405821000022115,1.3499993656296285e-05,0.0001430000047548
34,48,0.0001947999990079,0.0095252000028267,0.1649929999985033,0.0270816000047489,0.1651877999975113,0.0366068000075756,1.6199999663513154e-05,0.0001441999993403
34,49,0.0001504000028944,0.0093903000015416,0.1997090000004391,0.0231371999980183,0.1998594000033335,0.0325274999995599,1.8499995348975062e-05,0.0001493000017944
34,50,0.0001546000057714,0.0091059999977005,0.1858767999947304,0.0225113999986206,0.1860314000005019,0.0316173999963211,2.0200001017656177e-05,0.0002208000005339
34,51,0.0001876000023912,0.0092526000007637,0.1683951000013621,0.0302242000034311,0.1685827000037534,0.0394768000041949,1.4300007023848592e-05,0.0001504999963799
34,52,0.0001553000038256,0.0097860000023501,0.131731800000125,0.023977199998626,0.1318871000039507,0.0337632000009762,1.3500000932253895e-05,0.0001491000002715
34,53,0.0001563999976497,0.0094444999995175,0.177738300000783,0.0241469999964465,0.1778946999984327,0.0335914999959641,1.7299993487540632e-05,0.0001441999993403
34,54,0.0002404999977443,0.0100324000013642,0.1592757999969762,0.0200251999995089,0.1595162999947206,0.0300576000008732,1.509999856352806e-05,0.0001447000031475
34,55,0.0001589999956195,0.0091568999996525,0.1642045000044163,0.0385341000001062,0.1643635000000358,0.0476909999997587,1.429999974789098e-05,0.000141500000609
34,56,0.0001562000034027,0.0093305999980657,0.1741999999940162,0.0347134999974514,0.174356199997419,0.0440440999955171,1.359999441774562e-05,0.0001449000046704
34,57,0.0001533000031486,0.0102953999958117,0.1646977999989758,0.0230808999986038,0.1648511000021244,0.0333762999944156,1.3899996702093633e-05,0.0001420000044163
34,58,0.0001573000045027,0.0091732000000774,0.179859399999259,0.0203095000033499,0.1800167000037618,0.0294827000034274,1.879999763332308e-05,0.0001445000016246
34,59,0.0001537999996799,0.0098913999972864,0.1568612999981269,0.0235283999936655,0.1570150999978068,0.033419799990952,3.0800001695752144e-05,0.0002333000011276
34,60,0.0001625000004423,0.0094985000032465,0.1634788000010303,0.0379030000040074,0.1636413000014727,0.047401500007254,1.3199998647905886e-05,0.0001473000011174
34,61,0.0001504999963799,0.0095681000020704,0.1859299999996437,0.0240102000025217,0.1860804999960237,0.0335783000045921,1.4900004316587e-05,0.0001477000041631
34,62,0.0001536999989184,0.0091176999994786,0.1554702999928849,0.0324932000003173,0.1556239999918034,0.0416108999997959,1.8200000340584666e-05,0.0001454999946872
34,63,0.0001507000051788,0.0090312000029371,0.1666534999967552,0.0373766000047908,0.166804200001934,0.0464078000077279,1.3899996702093633e-05,0.0001454000012017
34,64,0.000230100005865,0.0094642999974894,0.1698918999973102,0.0308555000010528,0.1701220000031753,0.0403197999985422,1.3799995940644294e-05,0.0001476000034017
34,65,0.000153599998157,0.0094518999976571,0.1764800000019022,0.0300230000066221,0.1766336000000592,0.0394749000042793,1.3299999409355223e-05,0.0001449999981559
34,66,0.0002179000002797,0.0100941999990027,0.1664104999945266,0.0352095000052941,0.1666283999948064,0.0453037000042968,1.6099998902063817e-05,0.0001407999952789
34,67,0.0001629999969736,0.0093774999986635,0.1694860999996308,0.020284400001401,0.1696490999966045,0.0296619000000646,1.3899996702093633e-05,0.0001441999993403
34,68,0.0001577000002725,0.0096174999998766,0.1560551000002306,0.0263640000048326,0.1562128000005032,0.0359815000047092,1.3500000932253895e-05,0.000143699995533
34,69,0.0002075000011245,0.0103467000008095,0.1633385000022826,0.0270462999978917,0.1635460000034072,0.0373929999987012,1.3500000932253895e-05,0.0001451999996788
34,70,0.0001563999976497,0.0092176999969524,0.2026946999976644,0.025329199997941,0.2028510999953141,0.0345468999948934,1.3499993656296285e-05,0.0001451999996788
34,71,0.0001511000009486,0.0098695999986375,0.1809557000015047,0.0180937000041012,0.1811068000024533,0.0279633000027388,1.9500002963468432e-05,0.0001463999942643
34,72,0.0001577000002725,0.0095252999963122,0.1492599000048358,0.0283459999991464,0.1494176000051084,0.0378712999954586,1.4199998986441642e-05,0.0001535000046715
34,73,0.0001483000014559,0.0090788000015891,0.1582028999982867,0.0268107000010786,0.1583511999997426,0.0358895000026677,1.340000017080456e-05,0.0001507999986642
34,74,0.0001561000026413,0.0092741999978898,0.1808474999997997,0.02279489999637,0.1810036000024411,0.0320690999942598,1.6500001947861165e-05,0.0001724999965517
34,75,0.0001641999988351,0.0098969999962719,0.1400425000028917,0.0372103999980026,0.1402067000017268,0.0471073999942746,1.809999957913533e-05,0.0001468000045861
34,76,0.0001575000060256,0.0090802999984589,0.1646487999969395,0.0255008000021916,0.1648063000029651,0.0345811000006506,1.3799995940644294e-05,0.0001477999976486
34,77,0.0001562999968882,0.009491099997831,0.1538378999975975,0.0315310000005411,0.1539941999944858,0.0410220999983721,1.6999998479150236e-05,0.0001841000048443
34,78,0.0001767000067047,0.0105077999978675,0.1938402999949176,0.0262379999985569,0.1940170000016223,0.0367457999964244,1.3600001693703234e-05,0.0001456999962101
34,79,0.0001516999982413,0.009143800001766,0.1811839000001782,0.0368143999949097,0.1813355999984196,0.0459581999966758,1.3999997463542968e-05,0.0001465000023017
34,80,0.0001555000053485,0.0092327000020304,0.2045096000001649,0.0339722000062465,0.2046651000055135,0.043204900008277,1.8600003386382014e-05,0.0001453000004403
34,81,0.0001565999991726,0.0099657000027946,0.1552646999989519,0.0226925999959348,0.1554212999981246,0.0326582999987294,1.5799996617715806e-05,0.0001462000000174
34,82,0.00021089999791,0.0102391000036732,0.1672049000044353,0.0309412999995402,0.1674158000023453,0.0411804000032134,1.4900004316587e-05,0.0001447000031475
34,83,0.0001505000036559,0.0098384000011719,0.1576487999991513,0.0242654000030597,0.1577993000028072,0.0341038000042317,1.340000017080456e-05,0.0001432999997632
34,84,0.0001536999989184,0.0099178000018582,0.1728500000026542,0.0350839999955496,0.1730037000015727,0.0450017999974079,1.8999999156221747e-05,0.0001572000037413
34,85,0.0001615000001038,0.0090942000024369,0.1598957000023801,0.0273410999943735,0.160057200002484,0.0364352999968105,1.509999856352806e-05,0.0001482000006944
34,86,0.0001554999980726,0.0089370999994571,0.1636336000010487,0.0252390000023297,0.1637890999991214,0.0341761000017868,1.3700002455152571e-05,0.0001472000003559
34,87,0.0001562999968882,0.0093049999995855,0.1456693999934941,0.0211192999995546,0.1458256999903824,0.0304242999991402,1.3500000932253895e-05,0.0001594999994267
34,88,0.0001511000009486,0.0091027000016765,0.1599875000028987,0.0374895999993896,0.1601386000038474,0.0465923000010661,1.7799997294787318e-05,0.0001454000012017
34,89,0.0001584000056027,0.0090198999969288,0.1531821000025957,0.0240440999987185,0.1533405000081984,0.0330639999956474,1.410000550094992e-05,0.0001410999975632
34,90,0.0001532000023871,0.0094986999974935,0.1473848999958136,0.0231588999959058,0.1475380999982007,0.0326575999933993,1.3800003216601908e-05,0.0001455000019632
34,91,0.0001518999997642,0.0092969000033917,0.1573892999949748,0.0350599999947007,0.1575411999947391,0.0443568999980925,1.410000550094992e-05,0.0001472000003559
34,92,0.0001543999969726,0.0098940000025322,0.161227600001439,0.0329754999984288,0.1613819999984116,0.0428695000009611,1.3600001693703234e-05,0.000146999998833
34,93,0.0001552000030642,0.0091536000036285,0.1754867999989073,0.029076899998472,0.1756420000019716,0.0382305000021006,1.799999881768599e-05,0.0001445000016246
34,94,0.0001579000017954,0.0093221999995876,0.1903540999992401,0.0321664000002783,0.1905120000010356,0.0414885999998659,1.4400000509340316e-05,0.0001506999979028
34,95,0.000155599998834,0.0092613999950117,0.161496900000202,0.0199841000066953,0.161652499999036,0.0292455000017071,1.3900003978051244e-05,0.0001430000047548
34,96,0.0001552999965497,0.0092051000028732,0.1472278000001097,0.0207947000017156,0.1473830999966594,0.0299998000045889,1.3399992894846946e-05,0.000149200001033
34,97,0.0001512999951955,0.0090743999971891,0.1859809000015957,0.026266900000337,0.1861321999967913,0.0353412999975262,1.920000067912042e-05,0.0001487000045017
34,98,0.0001579000017954,0.0090651999998954,0.1845728999978746,0.024606600003608,0.1847307999996701,0.0336718000035034,1.3999997463542968e-05,0.0001548000000184
34,99,0.0001559000011184,0.0090248999986215,0.1558546000014757,0.0332226999962586,0.1560105000025942,0.0422475999948801,1.340000017080456e-05,0.0001446000023861
34,100,0.0001521000012871,0.0090246000036131,0.1573119999957271,0.0210101999982725,0.1574640999970142,0.0300348000018857,1.340000017080456e-05,0.000143699995533
40,1,0.0001934000028995,0.0142051000002538,0.3113528000030783,0.036258899999666,0.3115462000059779,0.0504639999999199,2.680000034160912e-05,0.0002132000008714
40,2,0.0001947999990079,0.0152241999967372,0.2943221999958041,0.0853896999979042,0.294516999994812,0.1006138999946415,2.9499999072868377e-05,0.0002165999976568
40,3,0.0001989000011235,0.0143352999948547,0.2901066999984323,0.0383511999971233,0.2903055999995558,0.052686499991978,1.6699996194802225e-05,0.0002107999971485
40,4,0.0001904000018839,0.0147149999975226,0.2786200000045937,0.0436998000004678,0.2788104000064777,0.0584147999979904,2.260000474052504e-05,0.0002086000022245
40,5,0.0002009000018006,0.0144026999987545,0.3098965999961365,0.0462455000015324,0.3100974999979371,0.060648200000287,1.6600002709310502e-05,0.0002134000023943
40,6,0.0001942000017152,0.0149006999999983,0.3376140999971539,0.0676631000023917,0.3378082999988692,0.08256380000239,2.170000516343861e-05,0.0002101999998558
40,7,0.0001993999976548,0.0144293999983347,0.2917942000058247,0.0447913000025437,0.2919936000034795,0.0592207000008784,1.5799996617715806e-05,0.0002106999963871
40,8,0.0001929999998537,0.0141184000021894,0.3548153000010643,0.0333180000016,0.3550083000009181,0.0474364000037894,1.6500001947861165e-05,0.0002090999987558
40,9,0.0001932999948621,0.0138808000046992,0.3144339999998919,0.0361513000025297,0.3146272999947541,0.050032100007229,2.099999983329326e-05,0.0002081999991787
40,10,0.0001945000039995,0.016331099999661,0.3106869000039296,0.0449474999986705,0.3108814000079292,0.0612785999983316,1.670000347075984e-05,0.0002089999979943
40,11,0.0002041999978246,0.0144275999991805,0.3765839000043343,0.0528157000007922,0.3767881000021589,0.0672432999999728,2.149999636458233e-05,0.000209600002563
40,12,0.0001965999981621,0.0134742000009282,0.3599649000025238,0.0881585999959497,0.3601615000006859,0.101632799996878,1.769999653333798e-05,0.0002948000037577
40,13,0.0002520999987609,0.0145489999995334,0.3288776999979745,0.047352999994473,0.3291297999967355,0.0619019999940064,2.099999983329326e-05,0.00020759999461
40,14,0.0001976999992621,0.0144509999954607,0.3246570000046631,0.0592524000021512,0.3248547000039252,0.073703399997612,1.7800004570744932e-05,0.0002110999994329
40,15,0.0001951999947777,0.0143396999992546,0.3364451999950688,0.0544834000029368,0.3366403999898466,0.0688231000021915,2.179999864893034e-05,0.0002082999999402
40,16,0.000198800000362,0.0144229000070481,0.2927549000014551,0.0398730999950203,0.2929537000018172,0.0542960000020684,1.6699996194802225e-05,0.000212899998587
40,17,0.0001899000053526,0.0141411000004154,0.3227752999955555,0.051921799997217,0.3229652000009082,0.0660628999976324,1.4999997802078724e-05,0.0002155999973183
40,18,0.0001925000033224,0.0148857000021962,0.3209965999994892,0.0537505000029341,0.3211891000028117,0.0686362000051303,2.0799998310394585e-05,0.0002091999995172
40,19,0.0002701000048546,0.0150200999996741,0.3078023999987636,0.0293040000033215,0.3080725000036182,0.0443241000029956,1.7099999240599573e-05,0.0002126000035787
40,20,0.0001955999978235,0.0147904000041307,0.2865852999966591,0.0466782000003149,0.2867808999944827,0.0614686000044457,2.4000000848900527e-05,0.0002667000007932
40,21,0.0002049000031547,0.0142869999981485,0.3381589999989955,0.0463123000008636,0.3383639000021503,0.0605992999990121,1.649999467190355e-05,0.0002040999970631
40,22,0.000194599997485,0.0150491999957012,0.3096424000032129,0.0439770000011776,0.309837000000698,0.0590261999968788,1.550000160932541e-05,0.0002186999990954
40,23,0.0001993000041693,0.0145062000010511,0.3305179000017233,0.0474333000020124,0.3307172000058926,0.0619395000030635,2.249999670311809e-05,0.0002096999960485
40,24,0.0001944999967236,0.014281600000686,0.3593044999943231,0.0411759999988134,0.3594989999910467,0.0554575999994995,1.5300000086426735e-05,0.0002089000045089
40,25,0.0001905000026454,0.0149934999935794,0.2974981000006664,0.0428298999977414,0.2976886000033119,0.0578233999913209,2.479999966453761e-05,0.0002435999995213
40,26,0.0001978000000235,0.014236199996958,0.2640614999982063,0.0482594999994034,0.2642592999982298,0.0624956999963615,1.550000160932541e-05,0.0002055000004475
40,27,0.0001959000001079,0.0143469999966328,0.3142328000030829,0.0600967999998829,0.3144287000031909,0.0744437999965157,2.02999945031479e-05,0.0002629000009619
40,28,0.0002939000041806,0.0159673000016482,0.2988218999962555,0.066133100001025,0.2991158000004361,0.0821004000026732,2.4299995857290924e-05,0.0002113999944413
40,29,0.0001995999991777,0.0141221999947447,0.3914413000020431,0.046366599999601,0.3916409000012208,0.0604887999943457,1.670000347075984e-05,0.0002067999957944
40,30,0.0001942000017152,0.0152491000044392,0.2549060000019381,0.0560455999948317,0.2551002000036533,0.0712946999992709,2.049999602604657e-05,0.0002108000044245
40,31,0.0001935999971465,0.0151091000006999,0.3905062000048929,0.0530708000005688,0.3906998000020394,0.0681799000012688,2.7000001864507794e-05,0.0002127000043401
40,32,0.0002005999995162,0.0156523999976343,0.3269516000000294,0.0476756999996723,0.3271521999995457,0.0633280999973067,3.440000000409782e-05,0.0002123000012943
40,33,0.0001986999996006,0.0143757000041659,0.3300310999984504,0.0399959999995189,0.330229799998051,0.0543717000036849,2.1399995603133e-05,0.0002667000007932
40,34,0.0001981000023079,0.0147705999988829,0.2919092000011005,0.0481030000009923,0.2921073000034084,0.0628735999998753,1.5000005078036338e-05,0.0002105000021401
40,35,0.0001972000027308,0.0144159999981638,0.3570853999990504,0.028092699998524,0.3572826000017812,0.0425086999966879,2.1599997126031667e-05,0.0002040999970631
40,36,0.0002004000052693,0.0142950999943423,0.3033881999945151,0.0530776000014157,0.3035885999997845,0.067372699995758,1.670000347075984e-05,0.0002136999974027
40,37,0.0002459000024828,0.0147761999978683,0.3263365000020712,0.0449321999985841,0.3265824000045541,0.0597083999964525,2.099999983329326e-05,0.0002154999965569
40,38,0.000197900000785,0.0143142999950214,0.3112536000044201,0.0562863000013749,0.3114515000052051,0.0706005999963963,1.85999961104244e-05,0.0002101999998558
40,39,0.0001963999966392,0.0143819000004441,0.3294218000010005,0.0504771000050823,0.3296181999976397,0.0648590000055264,2.089999907184392e-05,0.0002034999997704
40,40,0.0001980000015464,0.0143119999993359,0.3308703000002424,0.0519035000033909,0.3310683000017889,0.0662155000027269,2.2400003217626363e-05,0.0002064000000245
40,41,0.0002003999979933,0.0149268000022857,0.2860628999987966,0.0603077999985544,0.28626329999679,0.0752346000008401,3.2800002372823656e-05,0.0002126999970641
40,42,0.0001969000004464,0.0141164999949978,0.3210213999991538,0.0450180999978329,0.3212182999996003,0.0591345999928307,2.189999941037968e-05,0.0002113000009558
40,43,0.0002052999989246,0.0145550000015646,0.2889559999966877,0.054320799994457,0.2891612999956123,0.0688757999960216,1.6500001947861165e-05,0.0002074000003631
40,44,0.0001953999963006,0.0138548000031732,0.272856600000523,0.0544836999979452,0.2730519999968237,0.0683385000011185,1.7400001524947584e-05,0.0002071999988402
40,45,0.0001930999933392,0.0147044000041205,0.3896365999971749,0.034573700002511,0.3898296999905142,0.0492781000066315,2.300000051036477e-05,0.0002160000003641
40,46,0.0001978000000235,0.0148402999984682,0.2535970000026282,0.0472098000027472,0.2537948000026517,0.0620501000012154,2.2599997464567423e-05,0.0002606999987619
40,47,0.000219499997911,0.0143849000014597,0.3315522000048077,0.0390668999971239,0.3317717000027187,0.0534517999985837,2.189999941037968e-05,0.000213999999687
40,48,0.0001954000035766,0.0144951000038417,0.3414918999988003,0.0416541000013239,0.341687300002377,0.0561492000051657,1.610000617802143e-05,0.0002104999948642
40,49,0.0001950999940163,0.0146598999999696,0.2885380000006989,0.0821330999970086,0.2887330999947153,0.0967929999969783,2.4000000848900527e-05,0.0002061000050161
40,50,0.0001974999977392,0.0150442999947699,0.3045866999964346,0.050419300001522,0.3047841999941738,0.065463599996292,1.7599995771888644e-05,0.0002115000024787
40,51,0.0001942999952007,0.0141414000026998,0.2715692999991006,0.0592726000031689,0.2717635999943013,0.0734140000058687,1.550000160932541e-05,0.0002004999987548
40,52,0.0001973999969777,0.0148541000016848,0.3215424999943934,0.0581953999935649,0.3217398999913712,0.0730494999952497,3.4900003811344504e-05,0.0002688999957172
40,53,0.0001948999997694,0.0147019999931217,0.3200098999950569,0.0552603999967686,0.3202047999948263,0.0699623999898904,1.509999856352806e-05,0.0002069999973173
40,54,0.0001996999999391,0.0148554999977932,0.2725318999946466,0.0630535000018426,0.2727315999945858,0.0779089999996358,2.040000254055485e-05,0.0002141000004485
40,55,0.0002007000002777,0.0134888000029604,0.3002661000064108,0.0434185999984038,0.3004668000066886,0.0569074000013642,1.799999881768599e-05,0.0002045000001089
40,56,0.0001959000001079,0.0154622999980347,0.2921168000029865,0.0418052000022726,0.2923127000030945,0.0572675000003073,1.6599995433352888e-05,0.0002529000048525
40,57,0.0001953999963006,0.0147746000002371,0.348508999995829,0.055494300002465,0.3487043999921297,0.0702689000027021,2.0900006347801536e-05,0.0002091999995172
40,58,0.0001944999967236,0.0150256999986595,0.3339930000001914,0.0273336999962339,0.334187499996915,0.0423593999948934,1.610000617802143e-05,0.0002490000042598
40,59,0.0002410000015515,0.0152068999959738,0.3187203999987105,0.0663648999980068,0.3189614000002621,0.0815717999939806,2.1299994841683656e-05,0.0002067000023089
40,60,0.0001985000053537,0.0144172000000253,0.3312638999996125,0.048191299996688,0.3314624000049662,0.0626084999967133,1.720000000204891e-05,0.0002052000054391
40,61,0.0001985000053537,0.0143670000034035,0.3145444999972824,0.0531690999996499,0.3147430000026361,0.0675361000030534,1.6999998479150236e-05,0.0002168999999412
40,62,0.0001950000005308,0.0143648000012035,0.3561743999962345,0.0621653999987756,0.3563693999967654,0.0765301999999792,1.940000220201909e-05,0.0002088999972329
40,63,0.0001974999977392,0.0153161999987787,0.3279762000020128,0.0267635999989579,0.328173699999752,0.0420797999977367,1.5900004655122757e-05,0.0002085999949485
40,64,0.0001992000034078,0.0141470000016852,0.2995555000015883,0.0371859000006224,0.2997547000049962,0.0513329000023077,2.149999636458233e-05,0.0002081999991787
40,65,0.000197900000785,0.0141933999984757,0.3218596000006073,0.0557214000000385,0.3220575000013923,0.0699147999985143,1.610000617802143e-05,0.0002105000021401
40,66,0.0001933999956236,0.0148400999969453,0.300159899998107,0.0436454000009689,0.3003532999937306,0.0584854999979143,2.1599997126031667e-05,0.0002131000001099
40,67,0.0002429000014672,0.0142970999950193,0.3575660999995307,0.0452884999976959,0.3578090000009979,0.0595855999927152,1.7800004570744932e-05,0.0002126999970641
40,68,0.0001954999970621,0.0142166999939945,0.3044832000014139,0.0447580999971251,0.3046786999984761,0.0589747999911196,1.5499994333367795e-05,0.0002087999964714
40,69,0.0001986999996006,0.0144497000001138,0.3337589000002481,0.0503343000018503,0.3339575999998487,0.0647840000019641,2.170000516343861e-05,0.0002145000034943
40,70,0.0001906999968923,0.0151287999979103,0.3441257000013138,0.040440299999318,0.3443163999982062,0.0555690999972284,1.5899997379165143e-05,0.0002136999974027
40,71,0.0001973000034922,0.0150696999990032,0.3249752999981865,0.0479875000019092,0.3251726000016788,0.0630572000009124,1.940000220201909e-05,0.0002138999989256
40,72,0.0002071000053547,0.0142603999993298,0.3300204000042868,0.0527098000020487,0.3302275000096415,0.0669702000013785,1.750000228639692e-05,0.0002059999969787
40,73,0.0001899999988381,0.0143558000054326,0.3607663000002503,0.0540418000018689,0.3609562999990885,0.0683976000073016,1.8800004909280688e-05,0.0002079999976558
40,74,0.0001944999967236,0.0142116999995778,0.2921458999990136,0.0421317000000271,0.2923403999957372,0.056343399999605,2.0200001017656177e-05,0.0002141000004485
40,75,0.0001943999959621,0.014089000003878,0.3270189999966533,0.0282958000025246,0.3272133999926154,0.0423848000064026,1.5600002370774746e-05,0.0002105000021401
40,76,0.0001944999967236,0.0143581000011181,0.3178953999959049,0.0618354999969597,0.3180898999926285,0.0761935999980778,3.7999998312443495e-05,0.0002094000010401
40,77,0.0001974999977392,0.0140267000024323,0.2933032000000821,0.0404283999960171,0.2935006999978213,0.0544550999984494,4.2100000428035855e-05,0.000322200001392
40,78,0.0002492000057827,0.0144271000026492,0.2965333999964059,0.0513519999949494,0.2967826000021887,0.0657790999975986,1.8300001102034003e-05,0.0002213000043411
40,79,0.0002202000032411,0.0150464999969699,0.2707975000012084,0.0606418999959714,0.2710177000044496,0.0756883999929414,2.2100000933278352e-05,0.0002166999984183
40,80,0.0001960999943548,0.0159633000002941,0.3301012000010814,0.0561286999945878,0.3302972999954363,0.0720919999948819,1.610000617802143e-05,0.0002082999999402
40,81,0.0001980000015464,0.0142790000027162,0.3229960999960894,0.0490302000034716,0.3231940999976359,0.0633092000061879,2.1500003640539944e-05,0.0002233999985037
40,82,0.0002094000010401,0.0143090999990818,0.3467603999961284,0.0374135999954887,0.3469697999971686,0.0517226999945705,1.670000347075984e-05,0.0002122000005329
40,83,0.0001995999991777,0.0145659999980125,0.2459646999996039,0.0497409999952651,0.2461642999987816,0.0643069999932777,1.4700002793688329e-05,0.0002115000024787
40,84,0.0001937000051839,0.0148684000014327,0.30760569999984,0.0425625999996555,0.3077994000050239,0.0574310000010882,2.1200001356191933e-05,0.0002123000012943
40,85,0.0001948999997694,0.0150178999974741,0.3128144000002066,0.030603199993493,0.313009299999976,0.0456210999909671,1.68999977177009e-05,0.0002046000008704
40,86,0.0001994000049307,0.0137279999980819,0.3051646999956574,0.0584505999941029,0.3053641000005882,0.0721785999921849,2.4000000848900527e-05,0.0002986000035889
40,87,0.0002639999947859,0.0144517999942763,0.2980326000033528,0.0658852999986265,0.2982965999981388,0.0803370999929029,1.739999424898997e-05,0.0002039000028162
40,88,0.0002036000005318,0.0147122999987914,0.3059299000015016,0.0450526999993599,0.3061335000020335,0.0597649999981513,1.4999997802078724e-05,0.0002145999969798
40,89,0.0001998000007006,0.0144495999993523,0.3040447999956086,0.0439843999993172,0.3042445999963092,0.0584339999986696,2.1500003640539944e-05,0.0002113000009558
40,90,0.0002158999996026,0.0156382000059238,0.3174333999995724,0.0408435999997891,0.3176492999991751,0.056481800005713,1.6800004232209176e-05,0.0002044000066234
40,91,0.0001975999985006,0.0145833999995375,0.2742352999994182,0.0528743000031681,0.2744328999979188,0.0674577000027056,2.099999983329326e-05,0.0002122000005329
40,92,0.0001969000004464,0.0144326000008732,0.358833099999174,0.0317176999960793,0.3590299999996205,0.0461502999969525,1.569999585626647e-05,0.0002048000023933
40,93,0.0001917999979923,0.0145817000011447,0.3148996000018087,0.0532624999977997,0.315091399999801,0.0678441999989445,1.630000042496249e-05,0.0002089000045089
40,94,0.0001941000009537,0.0142129000014392,0.3326885999995284,0.0268963999988045,0.3328827000004821,0.0411093000002438,2.1200001356191933e-05,0.0002068000030703
40,95,0.0002045000001089,0.014948900003219,0.3141852000044309,0.0321280999996815,0.3143897000045399,0.0470770000029006,1.6000005416572094e-05,0.0002101999998558
40,96,0.000195699998585,0.013839100000041,0.3507495000012568,0.0395543999984511,0.3509451999998418,0.0533934999984921,2.2300002456177023e-05,0.0002072999996016
40,97,0.0001951000012923,0.014255400004913,0.3139436999990721,0.0554102000023704,0.3141388000003644,0.0696656000072835,1.889999839477241e-05,0.0002635999990161
40,98,0.0001900999995996,0.0144034000040846,0.3168889999942621,0.078481799995643,0.3170790999938617,0.0928851999997277,2.039999526459724e-05,0.0002112000001943
40,99,0.0002170999941881,0.0163928999972995,0.3329390999933821,0.0500758999987738,0.3331561999875703,0.0664687999960733,1.769999653333798e-05,0.000206500000786
40,100,0.0001907999976538,0.0143927000026451,0.338778799996362,0.0450768000009702,0.3389695999940159,0.0594695000036153,1.550000160932541e-05,0.0002124000020558
46,1,0.0002414999980828,0.021344599997974,0.5665156000031857,0.0686627000031876,0.5667571000012686,0.0900073000011616,2.549999771872536e-05,0.0003104999996139
46,2,0.0003238999997847,0.0222572999991825,0.4928797999964445,0.0820120999997016,0.4932036999962292,0.1042693999988841,2.769999991869554e-05,0.0002882999979192
46,3,0.0002439000018057,0.0220927000045776,0.5816403999997419,0.0994300000020302,0.5818843000015477,0.1215227000066079,2.939999831141904e-05,0.000291999996989
46,4,0.0002425000056973,0.0216206000040983,0.534295800003747,0.1203284000002895,0.5345383000094444,0.1419490000043879,2.3299995518755168e-05,0.0002949999980046
46,5,0.0002409000007901,0.0215582000018912,0.4999985999966156,0.0643133999983547,0.5002394999974058,0.0858716000002459,2.340000355616212e-05,0.0002947000029962
46,6,0.0002424999984214,0.0225956000067526,0.4907215000057476,0.0857021999981952,0.490964000004169,0.1082978000049479,2.390000008745119e-05,0.0002854999984265
46,7,0.0002343000014661,0.0210919999954057,0.5148748000065098,0.0789457999999285,0.5151091000079759,0.1000377999953343,1.750000228639692e-05,0.0002879000021493
46,8,0.0002690999972401,0.0213890999948489,0.5190868000063347,0.0690861000039149,0.5193559000035748,0.0904751999987638,2.3100001271814108e-05,0.0003020000003743
46,9,0.0002473999993526,0.0214200000045821,0.5428006000001915,0.0745208000007551,0.5430479999995441,0.0959408000053372,2.249999670311809e-05,0.0002873999983421
46,10,0.0002376999982516,0.0213221000012708,0.5055462000018451,0.0865163000053144,0.5057839000000968,0.1078384000065852,2.6699999580159783e-05,0.000298400002066
46,11,0.0002392000023974,0.0221137999978964,0.5242058000003453,0.0761333000045851,0.5244450000027427,0.0982471000024816,2.300000051036477e-05,0.0002946000022348
46,12,0.0002393000031588,0.0205888999989838,0.4915815999993356,0.0794086000023526,0.4918209000024944,0.0999975000013364,2.2799998987466097e-05,0.0002851000026566
46,13,0.0002409000007901,0.0220708999986527,0.6288101999962237,0.0609078999987104,0.6290510999970138,0.0829787999973632,2.390000008745119e-05,0.0002914000069722
46,14,0.0002427999934297,0.0222414000018034,0.5848460000052,0.0914578000010806,0.5850887999986298,0.113699200002884,2.0200001017656177e-05,0.0002880000029108
46,15,0.0002382000020588,0.0211718999998993,0.5474484000005759,0.0859626000019488,0.5476866000026348,0.1071345000018482,2.549999771872536e-05,0.0002901000043493
46,16,0.0002470999970682,0.0213481999962823,0.5447251000005053,0.0763016999990213,0.5449721999975736,0.0976498999953037,2.5699999241624027e-05,0.0002956999960588
46,17,0.0002469999963068,0.0223021999991033,0.5648891999953776,0.0624839000010979,0.5651361999916844,0.0847861000002012,2.3500004317611456e-05,0.0002951999995275
46,18,0.0002426999999443,0.0221277999953599,0.4870741999984602,0.0567308000026969,0.4873168999984045,0.0788585999980568,1.670000347075984e-05,0.0003074000051128
46,19,0.0002340999999432,0.0210835000034421,0.555368900000758,0.0663127000007079,0.5556030000007013,0.0873962000041501,2.549999771872536e-05,0.0002868000010494
46,20,0.0002447000006213,0.0210938000018359,0.5404607999953441,0.080655999998271,0.5407054999959655,0.1017498000001069,3.139999898849055e-05,0.0002942999999504
46,21,0.0002452000044286,0.0211579000024357,0.517047299996193,0.1333995000022696,0.5172925000006217,0.1545574000047054,2.849999873433262e-05,0.0002873999983421
46,22,0.0002378999997745,0.0215790000002016,0.5992838000020129,0.1154461000041919,0.5995217000017874,0.1370251000043936,3.0800001695752144e-05,0.0003580000047804
46,23,0.000242200003413,0.0225167000025976,0.4661212999999407,0.0754911999974865,0.4663635000033537,0.0980079000000841,2.479999966453761e-05,0.0002954000010504
46,24,0.0002471000043442,0.0214791000034892,0.5632142000031308,0.0620628999968175,0.5634613000074751,0.0835420000003068,2.249999670311809e-05,0.0002835000050254
46,25,0.0002396000054432,0.0212484000003314,0.5784801999980118,0.07736560000194,0.578719800003455,0.0986140000022715,2.2599997464567423e-05,0.0002881999971577
46,26,0.000243299997237,0.0222566999946138,0.5431562000012491,0.0664934000014909,0.5433994999984861,0.0887500999961048,2.200000017182901e-05,0.0002960999991046
46,27,0.0002672999980859,0.0214415000009466,0.5405323000013595,0.0747129000010318,0.5407995999994455,0.0961544000019785,2.3300002794712785e-05,0.0002939999976661
46,28,0.0003527000008034,0.0217087999990326,0.6079307999971206,0.1091355000025942,0.6082834999979241,0.1308443000016268,2.7499998395796865e-05,0.0002882999979192
46,29,0.0002518000037525,0.0228669000061927,0.4945764000003692,0.092273499998555,0.4948282000041217,0.1151404000047477,2.370000584051013e-05,0.0002854999984265
46,30,0.0002380000005359,0.022121199996036,0.549437299996498,0.0707892999998875,0.549675299997034,0.0929104999959236,2.5999994250014424e-05,0.0003310000029159
46,31,0.0002381000012974,0.0226562000025296,0.5838313999993261,0.0847066999995149,0.5840695000006235,0.1073629000020446,2.409999433439225e-05,0.0002850000018952
46,32,0.0002508999968995,0.0211901000002399,0.5119206999952439,0.0959290000027976,0.5121715999921435,0.1171191000030376,2.8100002964492887e-05,0.0002977000040118
46,33,0.0002442999975755,0.0242248000067775,0.5180491999999504,0.0832823000018834,0.5182934999975259,0.1075071000086609,2.8299997211433947e-05,0.0004189999963273
46,34,0.0003295999995316,0.0231170999977621,0.5697239999935846,0.0708486000003176,0.5700535999931162,0.0939656999980798,2.8200003725942224e-05,0.0002873999983421
46,35,0.0002414999980828,0.0205083999971975,0.540782299998682,0.0707746999978553,0.5410237999967649,0.0912830999950529,2.709999534999952e-05,0.000290900003165
46,36,0.0002441999968141,0.0225111000036122,0.4873950000037439,0.0925248999992618,0.487639200000558,0.115036000002874,2.5099994672928005e-05,0.0003591999993659
46,37,0.0002456000001984,0.022625000005064,0.556609599996591,0.0791274000002886,0.5568551999967895,0.1017524000053526,2.3799999326001853e-05,0.0002858000007108
46,38,0.0002915000004577,0.0206228999959421,0.5608140999975149,0.0694510999965132,0.5611055999979726,0.0900739999924553,3.470000228844583e-05,0.0002960999991046
46,39,0.0002423000041744,0.0209381999957258,0.5114097000041511,0.0838631000005989,0.5116520000083256,0.1048012999963248,2.5000001187436283e-05,0.0003744999994523
46,40,0.0002911999981733,0.0219212000010884,0.511968099999649,0.1006837000022642,0.5122592999978224,0.1226049000033526,1.9700004486367103e-05,0.0002905000001192
46,41,0.0002653999981703,0.0221775000027264,0.5420919000025606,0.0647827999928267,0.5423573000007309,0.0869602999955532,2.3200002033263445e-05,0.0002877000006265
46,42,0.0002411999957985,0.0212747000041417,0.5100749000048381,0.0630946000019321,0.5103161000006367,0.0843693000060739,2.3300002794712785e-05,0.0003104999996139
46,43,0.0002406000057817,0.021261100002448,0.524333100001968,0.1098229999988689,0.5245737000077497,0.1310841000013169,2.3800006601959467e-05,0.0002850000018952
46,44,0.0002429000014672,0.0236843000020599,0.5582165000014356,0.0722840000016731,0.5584594000029028,0.095968300003733,2.409999433439225e-05,0.0002967000036733
46,45,0.0002381999947829,0.0213482999970437,0.5337502999973367,0.126245800005563,0.5339884999921196,0.1475941000026068,2.750000567175448e-05,0.0002920999977504
46,46,0.0002359000063734,0.0219010000000707,0.4959596999979112,0.0530775000006542,0.4961956000042846,0.074978500000725,2.3799999326001853e-05,0.0002901999978348
46,47,0.00023909999436,0.0226906999960192,0.5622576999958255,0.073483699998178,0.5624967999901855,0.0961743999941973,2.2400003217626363e-05,0.0002842000030796
46,48,0.0002394999974058,0.0210919000019202,0.5451739999989513,0.1091286000009859,0.5454134999963571,0.1302205000029062,2.44999973801896e-05,0.0002902999985963
46,49,0.0002451999971526,0.0218882000044686,0.4836151999988942,0.0825202999985776,0.4838603999960469,0.1044085000030463,2.399999357294292e-05,0.0003092999977525
46,50,0.0002453999986755,0.0221139999994193,0.5278544999964652,0.0878250000023399,0.5280998999951407,0.1099390000017592,2.4199995095841587e-05,0.000285399997665
46,51,0.0002395999981672,0.0207383000015397,0.5875037999940105,0.0682428999934927,0.5877433999921777,0.0889811999950325,2.089999907184392e-05,0.0002853000041795
46,52,0.0002382999955443,0.0213535000002593,0.5454009000022779,0.0755065999983344,0.5456391999978223,0.0968600999985938,2.44999973801896e-05,0.0002856999999494
46,53,0.0002493000065442,0.0208584000065457,0.5703566000011051,0.0495694999990519,0.5706059000076493,0.0704279000055976,2.3200002033263445e-05,0.000282100001641
46,54,0.0002378999997745,0.0229926999963936,0.5752910000010161,0.0747307000056025,0.5755289000007906,0.0977234000019962,1.9800005247816443e-05,0.0002858000007108
46,55,0.0002416000061202,0.0206710999991628,0.6408038000008673,0.0828426000007311,0.6410454000069876,0.103513699999894,3.489999653538689e-05,0.0003870000000461
46,56,0.0002468000020598,0.0213868999999249,0.565374999998312,0.0761638000039965,0.5656218000003719,0.0975507000039215,2.469999890308827e-05,0.0002935000011348
46,57,0.0002447999941068,0.0213320000038947,0.520258600001398,0.1026484999965759,0.5205033999955049,0.1239805000004707,3.0500006687361747e-05,0.0003853000016533
46,58,0.0002482999989297,0.0215169000002788,0.4899445000046398,0.0592705000017304,0.4901928000035696,0.0807874000020092,2.6500005333218724e-05,0.0003967000011471
46,59,0.0002422999968985,0.0214460999995935,0.6220429000022705,0.0824769999962882,0.622285199999169,0.1039230999958817,2.479999966453761e-05,0.00029949999589
46,60,0.0002449000021442,0.0228942000030656,0.6050632000042242,0.0759318999989773,0.6053081000063685,0.0988261000020429,2.4299995857290924e-05,0.0002920999977504
46,61,0.000244399998337,0.0217791999966721,0.6337970999957179,0.085898500001349,0.6340414999940549,0.1076776999980211,2.849999873433262e-05,0.0002931999988504
46,62,0.0002479000031598,0.0215696999948704,0.4803587999995216,0.0846899999960442,0.4806067000026814,0.1062596999909146,2.0700004824902862e-05,0.000285400004941
46,63,0.0002392999958829,0.0220763999968767,0.5254521000024397,0.0561483000055886,0.5256913999983226,0.0782247000024654,2.359999780310318e-05,0.0002863999980036
46,64,0.0002412999965599,0.0213334000000031,0.5463731000054395,0.0539514999982202,0.5466144000019995,0.0752848999982234,2.3100001271814108e-05,0.0002831999954651
46,65,0.0002413999973214,0.0220513000022037,0.4631727000014507,0.0977751000027637,0.4634140999987721,0.1198264000049675,1.7799997294787318e-05,0.0002856999999494
46,66,0.0002430999957141,0.0216378999975859,0.5180576000057044,0.092193500000576,0.5183007000014186,0.1138313999981619,2.390000008745119e-05,0.000295099998766
46,67,0.0002424999984214,0.022779899998568,0.5849097000027541,0.0623813999991398,0.5851522000011755,0.0851612999977078,2.3399996280204505e-05,0.0002906999943661
46,68,0.0002437000002828,0.0220289999997476,0.5800872000036179,0.1244873999967239,0.5803309000039008,0.1465163999964716,2.3799999326001853e-05,0.0002968000044347
46,69,0.0002359999998589,0.0219983999995747,0.5502749000006588,0.0839835000006132,0.5505109000005177,0.105981900000188,2.170000516343861e-05,0.0002874999991036
46,70,0.0002462999982526,0.0228007999976398,0.583774300001096,0.0678826000003027,0.5840205999993486,0.0906833999979426,3.2199997804127634e-05,0.00036430000182
46,71,0.0004862999994657,0.0216759000031743,0.5862648000038462,0.0796019999979762,0.5867511000033119,0.1012779000011505,2.939999831141904e-05,0.00036870000622
46,72,0.0002495999942766,0.021554200000537,0.5520146999988356,0.0885602999987895,0.5522642999931122,0.1101144999993266,2.340000355616212e-05,0.0002834000042639
46,73,0.0002363000021432,0.0213547999956063,0.5276073999993969,0.0816123000040534,0.5278437000015401,0.1029670999996597,2.0200001017656177e-05,0.0002863999980036
46,74,0.0002445000063744,0.0226399000021046,0.6423781999983476,0.0573766999950748,0.642622700004722,0.0800165999971795,2.4199995095841587e-05,0.0002931999988504
46,75,0.0003085999996983,0.0213471000024583,0.5781069000004209,0.0666094999978668,0.5784155000001192,0.0879566000003251,2.409999433439225e-05,0.0002920000042649
46,76,0.0002463000055286,0.0223311000008834,0.5754509999969741,0.0686421999998856,0.5756973000025027,0.090973300000769,2.4100001610349864e-05,0.0002853000041795
46,77,0.000293099998089,0.0223560000013094,0.5376727000038954,0.0612184999990859,0.5379658000019845,0.0835745000003953,2.75999991572462e-05,0.0004415000003064
46,78,0.0002402000027359,0.0209910999983549,0.514289099999587,0.059002000001783,0.514529300002323,0.0799931000001379,2.3399996280204505e-05,0.0002923000065493
46,79,0.0003082000039285,0.0222031000012066,0.5595898999963538,0.0728212999965762,0.5598981000002823,0.0950243999977829,2.7399997634347528e-05,0.0002921999985119
46,80,0.0002419999946141,0.0219633000015164,0.4777409000016632,0.0803634000039892,0.4779828999962774,0.1023267000055057,1.870000414783135e-05,0.0002835999985109
46,81,0.0002386999985901,0.0211150000031921,0.5441451000006055,0.0829789999988861,0.5443837999991956,0.1040940000020782,2.479999966453761e-05,0.0003017999988514
46,82,0.0002459999959683,0.0221965000018826,0.551779000001261,0.0608145000005606,0.5520249999972293,0.0830110000024433,2.369999856455252e-05,0.0002940999984275
46,83,0.0002477000016369,0.0222681000013835,0.5483544000016991,0.0884013999966555,0.5486021000033361,0.1106694999980391,2.870000025723129e-05,0.0002891000040108
46,84,0.0002491999985068,0.0211593999993056,0.4862959000020055,0.0571509000001242,0.4865451000005123,0.0783102999994298,2.2100000933278352e-05,0.000296199999866
46,85,0.0003530999965732,0.0216312999982619,0.5041446999966865,0.0540323000022908,0.5044977999932598,0.0756636000005528,2.25000039790757e-05,0.0003116000007139
46,86,0.0002483999996911,0.0211368999953265,0.5892366000043694,0.0712982000040938,0.5894850000040606,0.0924350999994203,2.359999780310318e-05,0.000284300003841
46,87,0.0002444999990984,0.0230585000026621,0.5212027000015951,0.0948891000007279,0.5214472000006936,0.1179476000033901,2.1399995603133e-05,0.000290899995889
46,88,0.0002404000042588,0.021118500000739,0.5654089000017848,0.0911727000056998,0.5656493000060436,0.1122912000064388,2.3500004317611456e-05,0.0002939999976661
46,89,0.000239999993937,0.0215621999959694,0.5628895999980159,0.0806442999964929,0.563129599991953,0.1022064999924623,2.359999780310318e-05,0.000294199999189
46,90,0.0003367000026628,0.0219268000000738,0.483557200001087,0.0770618999958969,0.4838939000037499,0.0989886999959708,2.25000039790757e-05,0.000300600004266
46,91,0.0002390000008745,0.0213185000029625,0.565916899999138,0.0877148999934434,0.5661559000000125,0.1090333999964059,1.9999999494757503e-05,0.0003060000017285
46,92,0.000248600001214,0.0220435000010184,0.5005239000020083,0.0522535999989486,0.5007725000032224,0.074297099999967,2.4900000425986946e-05,0.0002968000044347
46,93,0.0002371000009588,0.0212714000008418,0.4999000000025262,0.095131099995342,0.5001371000034851,0.1164024999961839,2.769999991869554e-05,0.0003692000027513
46,94,0.0002439000018057,0.0216533999991952,0.5814708000034443,0.101160099999106,0.58171470000525,0.1228134999983012,2.1599997126031667e-05,0.000296199999866
46,95,0.0002385000043432,0.0224951999989571,0.5804347000012058,0.0994749999954365,0.580673200005549,0.1219701999943936,2.870000025723129e-05,0.0002963000006275
46,96,0.0003031000014743,0.0215475000004516,0.4948078999950667,0.0676122000004397,0.495110999996541,0.0891597000008914,2.249999670311809e-05,0.0002839000007952
46,97,0.0002433999979984,0.0212375999981304,0.5057795000029728,0.1081621000048471,0.5060229000009713,0.1293997000029776,3.190000279573724e-05,0.0003867000050377
46,98,0.0002399000004515,0.0216844000024138,0.5398782000047504,0.0571720000007189,0.540118100005202,0.0788564000031328,1.990000600926578e-05,0.0002912999989348
46,99,0.0002412999965599,0.0234254999959375,0.5886000000027707,0.0934045000030892,0.5888412999993307,0.1168299999990267,2.359999780310318e-05,0.000281000000541
46,100,0.0002419000011286,0.0226269000049796,0.5553384000013466,0.0846239000020432,0.5555803000024753,0.1072508000070229,2.390000008745119e-05,0.0002937999961432
52,1,0.0002863999980036,0.0306119000015314,1.0074683999991976,0.1049050000001443,1.0077547999972012,0.1355169000016758,2.6699999580159783e-05,0.0003810999987763
52,2,0.0002927999958046,0.0306361000039032,0.8391566000063904,0.1283776000054786,0.839449400002195,0.1590137000093818,3.2500000088475645e-05,0.0003851000001304
52,3,0.0002878999948734,0.0306569999956991,0.8595370999973966,0.1203214999986812,0.85982499999227,0.1509784999943804,2.460000541759655e-05,0.0003786000015679
52,4,0.0002851000026566,0.0311768000028678,0.7421491999994032,0.1269283000001451,0.7424343000020599,0.1581051000030129,2.959999983431772e-05,0.000384800005122
52,5,0.0002893999990192,0.0307401000027311,0.9175474000003304,0.1102882999985013,0.9178367999993498,0.1410284000012325,3.959999594371766e-05,0.0004805999997188
52,6,0.0002888999952119,0.0322149999992689,0.8879746000020532,0.0867167000033077,0.8882634999972652,0.1189317000025766,2.5199995434377342e-05,0.000386100000469
52,7,0.0002917000019806,0.0309403999999631,0.8608154999965336,0.0865029999986291,0.8611071999985143,0.1174433999985922,2.469999890308827e-05,0.0004047000038553
52,8,0.0002934000003733,0.0306099999943398,0.9108775999993668,0.1396670999965863,0.9111709999997402,0.1702770999909262,3.0499999411404133e-05,0.0004142999969189
52,9,0.0002955000018118,0.0302767000030144,0.8483195000007981,0.1697848000039812,0.84861500000261,0.2000615000069956,3.0499999411404133e-05,0.0003970000034314
52,10,0.0003441000008024,0.0308511999974143,0.9388609000016004,0.0960407000020495,0.9392050000024028,0.1268918999994639,3.0499999411404133e-05,0.0003838000047835
52,11,0.0002814000035868,0.0306549000015365,0.9977245000045514,0.1325154000005568,0.9980059000081384,0.1631703000020934,2.600000152597204e-05,0.0003865999970003
52,12,0.0002867999937734,0.0321323000025586,0.803365699997812,0.1102408000006107,0.8036524999915855,0.1423731000031693,2.870000025723129e-05,0.0004015000013168
52,13,0.0002902999985963,0.0320925999985775,0.779944499998237,0.163138700001582,0.7802347999968333,0.1952313000001595,2.8800001018680632e-05,0.0003819999983534
52,14,0.0002827999996952,0.031248700004653,0.9102093999972568,0.1210929000008036,0.910492199996952,0.1523416000054567,2.4900000425986946e-05,0.0003835999959846
52,15,0.0002889000024879,0.0309058999991975,0.8328964999964228,0.1046875999963958,0.8331853999989107,0.1355934999955934,2.5199995434377342e-05,0.0004637000020011
52,16,0.0002926000015577,0.031314799998654,0.942995899997186,0.1320944000035524,0.9432884999987436,0.1634092000022065,3.409999771974981e-05,0.0005138999986229
52,17,0.0002905000001192,0.0308874000038485,0.8438069999974687,0.1036893999989843,0.8440974999975879,0.1345768000028329,2.5399996957276016e-05,0.0003910000014002
52,18,0.0003458999999566,0.0321515000032377,0.8233842000045115,0.096698399996967,0.8237301000044681,0.1288499000002048,3.500000457279384e-05,0.0004337999998824
52,19,0.0002873999983421,0.0318752000021049,0.8524932999935118,0.1919309000004432,0.8527806999918539,0.2238061000025482,3.170000127283856e-05,0.0003991000048699
52,20,0.0002845999988494,0.0321007000020472,0.8865430999940145,0.1179436000020359,0.8868276999928639,0.1500443000040832,2.859999949578196e-05,0.0003966000003856
52,21,0.0002871999968192,0.0289054000022588,0.8591741999989608,0.0991304999988642,0.8594613999957801,0.128035900001123,2.5000001187436283e-05,0.0003830000059679
52,22,0.0003674000035971,0.030840999999782,0.8339074000032269,0.1189736000014818,0.8342748000068241,0.1498146000012639,3.409999771974981e-05,0.0004878999970969
52,23,0.000291999996989,0.0289712000012514,0.8526439000052051,0.1188819999952102,0.8529359000021941,0.1478531999964616,2.549999771872536e-05,0.0003890999942086
52,24,0.0002991000001202,0.0294321999972453,0.7792205000005197,0.1213519999946584,0.7795196000006399,0.1507841999919037,2.970000059576705e-05,0.0003800000049523
52,25,0.0002911999981733,0.0302363000009791,0.8052261999982875,0.1417157999967457,0.8055173999964609,0.1719520999977248,2.9800001357216388e-05,0.0003828999979305
52,26,0.0003527000008034,0.0310774999961722,0.9519845999966492,0.1573496999990311,0.9523372999974526,0.1884271999952034,3.0499999411404133e-05,0.0003932999970857
52,27,0.0002911999981733,0.0313720000049215,0.7748480000009295,0.1199059999999008,0.7751391999991029,0.1512780000048224,2.9299997549969703e-05,0.0004283000016584
52,28,0.0002867000002879,0.0298017000022809,0.8756136000010883,0.1280846999943605,0.8759003000013763,0.1578863999966415,2.9900002118665725e-05,0.0003917000067303
52,29,0.000287599999865,0.0310822000028565,0.8757081000003382,0.1213911000013467,0.8759957000002032,0.1524733000042033,3.01000036415644e-05,0.0003888000064762
52,30,0.0002974000017275,0.030121700001473,0.773733900001389,0.1265442999938386,0.7740313000031165,0.1566659999953117,2.840000524884089e-05,0.0004918999984511
52,31,0.0002806000047712,0.0305446999991545,0.7789446000024327,0.1158622000002651,0.779225200007204,0.1464068999994197,3.070000093430281e-05,0.000380600002245
52,32,0.0002888999952119,0.0314632000008714,0.747043900002609,0.1713154999961261,0.747332799997821,0.2027786999969976,3.429999924264848e-05,0.0004423999998834
52,33,0.0002947999964817,0.0319364000024506,0.8930092000009608,0.097810200000822,0.8933039999974426,0.1297466000032727,2.5600005756132305e-05,0.0003921000025002
52,34,0.0002925000007962,0.0305857000057585,0.7781623999981093,0.1259513999975752,0.7784548999989056,0.1565371000033337,2.5399996957276016e-05,0.0004042000000481
52,35,0.0002886000002035,0.0319124999950872,0.896624699998938,0.1439217000006465,0.8969132999991416,0.1758341999957338,2.920000406447798e-05,0.0004024999943794
52,36,0.0002924000000348,0.0312200000043958,0.8932639000049676,0.1467558000003919,0.8935563000050024,0.1779758000047877,2.470000617904589e-05,0.0003913000036845
52,37,0.0002840000015567,0.0313210000022081,0.9849404000051436,0.0963030999992042,0.9852244000067004,0.1276241000014124,2.919999678852037e-05,0.0005264999999781
52,38,0.0002752000000327,0.0299986000027274,0.8532414000001154,0.148812600004021,0.8535166000001482,0.1788112000067485,2.9999995604157448e-05,0.0003922000032616
52,39,0.0002802000017254,0.030024300001969,0.8544244000004255,0.1775449999986449,0.854704600002151,0.207569300000614,2.970000059576705e-05,0.0003941000031773
52,40,0.0002905000001192,0.0307430000029853,0.8178305999972508,0.1339227999997092,0.81812109999737,0.1646658000026946,3.599999763537198e-05,0.0003859999997075
52,41,0.0002927000023191,0.0300487999993492,0.8448054999971646,0.134641599994211,0.8450981999994838,0.1646903999935602,3.710000601131469e-05,0.0004231999992043
52,42,0.0002852999969036,0.0305729999963659,1.0163651999973808,0.0938292999999248,1.0166504999942845,0.1244022999962908,3.189999551977962e-05,0.0003877999988617
52,43,0.0002884000059566,0.0307127999985823,0.9368896999949357,0.1321360000001732,0.9371781000008924,0.1628487999987555,3.3899996196851134e-05,0.00048660000175
52,44,0.0002947000029962,0.0299109999978099,0.9203421000056552,0.1426234000027761,0.9206368000086512,0.1725344000005861,3.0499999411404133e-05,0.0003858000054606
52,45,0.0002891000040108,0.0303031999937957,0.8186177000025054,0.1192178999990574,0.8189068000065163,0.1495210999928531,2.849999873433262e-05,0.0003768000024138
52,46,0.0002899999963119,0.0307985999970696,0.7781871999977739,0.1151779000065289,0.7784771999940858,0.1459765000035986,3.899999865097925e-05,0.0003963999988627
52,47,0.0002986000035889,0.0304370999947423,0.8001226000051247,0.0947680000026593,0.8004212000087136,0.1252050999974017,2.859999949578196e-05,0.0003886999984388
52,48,0.000288700000965,0.0303215999956592,0.7906727000008686,0.1406286999990698,0.7909614000018337,0.170950299994729,2.59000007645227e-05,0.0003800999984377
52,49,0.0002853000041795,0.0312002999999094,0.7909244999973453,0.2127789000005577,0.7912098000015249,0.2439792000004672,3.300000389572233e-05,0.0004789000013261
52,50,0.0002902999985963,0.0320100000026286,0.8801112000001012,0.1634989000012865,0.8804014999986975,0.1955089000039152,2.5099994672928005e-05,0.0003907999998773
52,51,0.0002879000021493,0.0307419999953708,0.8199984000020777,0.1154145000036805,0.8202863000042271,0.1461564999990514,2.919999678852037e-05,0.0004189999963273
52,52,0.0002970999994431,0.0288412000008975,0.8220867999989423,0.1164628000042284,0.8223838999983855,0.145304000005126,2.559999848017469e-05,0.0003881999946315
52,53,0.0002889000024879,0.0296891999969375,0.8682681999998749,0.137757500000589,0.8685571000023629,0.1674466999975266,3.060000017285347e-05,0.0003867000050377
52,54,0.0002942999999504,0.0304114000027766,0.8385234999950626,0.152715200005332,0.838817799995013,0.1831266000081086,2.919999678852037e-05,0.0003896000052918
52,55,0.0003034000037587,0.0306818000026396,0.9162110999968718,0.1468935000011697,0.9165145000006304,0.1775753000038094,3.0200004403013736e-05,0.000380600002245
52,56,0.0002886000002035,0.0296687000009114,0.824401099998795,0.1002089000030537,0.8246896999989985,0.1298776000039652,2.989999484270811e-05,0.0003937000001315
52,57,0.0002939000041806,0.0304076999964308,0.8645524000021396,0.1256904999972903,0.8648463000063202,0.1560981999937212,2.61999957729131e-05,0.0003956000000471
52,58,0.0002910999974119,0.0303646000029402,0.8425983999986784,0.1383722000027774,0.8428894999960903,0.1687368000057176,2.899999526562169e-05,0.0003808999972534
52,59,0.0002877000006265,0.0305710999964503,0.8698758999962592,0.0962717000002157,0.8701635999968858,0.1268427999966661,2.4400003894697875e-05,0.0003995000006398
52,60,0.0002874999991036,0.030387899998459,0.8540303999980097,0.1219636999958311,0.8543178999971133,0.1523515999942901,2.959999983431772e-05,0.0004257999971741
52,61,0.0002998000054503,0.0313673000055132,0.9050778000018908,0.0826391000009607,0.9053776000073412,0.114006400006474,2.630000381032005e-05,0.0005402000024332
52,62,0.0002796000044327,0.0308720000030007,0.7762760000041453,0.1214908999972976,0.776555600008578,0.1523629000002984,3.03999986499548e-05,0.0003894000037689
52,63,0.000291999996989,0.0303099999946425,0.8506410000045435,0.1052459999991697,0.8509330000015325,0.1355559999938123,2.899999526562169e-05,0.0003907999998773
52,64,0.0002936000018962,0.0307520999995176,0.9996029999965684,0.15260169999965,0.9998965999984648,0.1833537999991676,2.890000178012997e-05,0.0003865999970003
52,65,0.0002781000002869,0.0295866000014939,0.6940759999997681,0.114890099997865,0.694354100000055,0.1444766999993589,2.5399996957276016e-05,0.0003824000013992
52,66,0.0002935999946203,0.0300776000003679,0.8626150000054622,0.0653319999983068,0.8629086000000825,0.0954095999986748,2.6299996534362435e-05,0.0003901000018231
52,67,0.000291800002742,0.0310171000019181,1.012830899999244,0.1212989000050583,1.0131227000019862,0.1523160000069765,3.460000152699649e-05,0.0004784999982803
52,68,0.0002942000064649,0.0322372000009636,0.9533251999964704,0.1024640999967232,0.9536194000029354,0.1347012999976868,2.9900002118665725e-05,0.000382799997169
52,69,0.0002991000001202,0.0315705000029993,0.8917593999940436,0.1300288999991607,0.8920584999941639,0.1615994000021601,2.4900000425986946e-05,0.0003883000026689
52,70,0.0002868000010494,0.0296840999944834,0.9320185999968088,0.1138741999966441,0.9323053999978584,0.1435582999911275,3.0099996365606785e-05,0.0003882000019075
52,71,0.000281000000541,0.0312899999989895,0.7920783000008669,0.0835213000027579,0.792359300001408,0.1148113000017474,2.5800000003073364e-05,0.0004183999990345
52,72,0.0002916000012191,0.0309743000034359,0.8773209999999381,0.1792013999947812,0.8776126000011573,0.2101756999982171,3.1799994758330286e-05,0.0003921000025002
52,73,0.0002879000021493,0.0301612000039313,0.9371896000011476,0.1199906999972881,0.9374775000032968,0.1501519000012194,3.0499999411404133e-05,0.0003852000008919
52,74,0.0002944999941973,0.0304209999958402,0.8375799999994342,0.1213100000022677,0.8378744999936316,0.151730999998108,2.9000002541579303e-05,0.0005161000008229
52,75,0.0003097000007983,0.0299661999961244,0.8677121000000625,0.1219255999967572,0.8680218000008608,0.1518917999928817,2.489999315002933e-05,0.0003827000036835
52,76,0.0002937999961432,0.0314241999949445,0.8000730999992811,0.1188831999970716,0.8003668999954243,0.1503073999920161,2.8299997211433947e-05,0.0003775000004679
52,77,0.000296199999866,0.0305110000044805,0.8137535999994725,0.1024475999947753,0.8140497999993386,0.1329585999992559,2.5699999241624027e-05,0.0003880000003846
52,78,0.0002879000021493,0.0295470999990357,0.9274742999987212,0.0975367999999434,0.9277622000008704,0.1270838999989791,2.920000406447798e-05,0.0003867000050377
52,79,0.0002882999979192,0.032171400001971,0.8663522000060766,0.1065631000019493,0.8666405000039958,0.1387345000039204,2.9499999072868377e-05,0.0003937000001315
52,80,0.0002968000044347,0.0306191999989096,0.8003442999979598,0.1796164999977918,0.8006411000023945,0.2102356999967014,2.7999994927085936e-05,0.000381700003345
52,81,0.0002994000024045,0.0312145999996573,0.9004716999988887,0.1329031999994185,0.9007711000012932,0.1641177999990759,2.549999771872536e-05,0.0003906000056304
52,82,0.0002938999969046,0.0311527999947429,0.8252686999985599,0.0946481999999377,0.8255625999954646,0.1258009999946807,3.100000321865082e-05,0.0003962999981013
52,83,0.0002948999972431,0.0301891999988583,0.7751635000022361,0.1468805000040447,0.7754583999994793,0.1770697000029031,3.309999738121405e-05,0.000389399996493
52,84,0.0002964000013889,0.0313133999952697,0.954147999997076,0.1148538999987067,0.9544443999984652,0.1461672999939764,2.9000002541579303e-05,0.0003902000025846
52,85,0.0002901999978348,0.0304973000020254,0.8686441999961971,0.1187152999991667,0.868934399994032,0.1492126000011921,3.029999788850546e-05,0.0003902000025846
52,86,0.0002957999968202,0.0319517000025371,1.060065500001656,0.1556396000014501,1.0603612999984762,0.1875913000039872,3.03999986499548e-05,0.0003852999943774
52,87,0.0003074000051128,0.0312709000063478,0.8088988000017707,0.1023888999989139,0.8092062000068836,0.1336598000052618,2.549999771872536e-05,0.0003924000047845
52,88,0.000292900003842,0.0299559999984921,0.9312518000006094,0.1031524999998509,0.9315447000044514,0.1331084999983431,3.15000070258975e-05,0.0003826999964076
52,89,0.0002919000035035,0.0299400000003515,0.7569642999951611,0.1153828999958932,0.7572561999986647,0.1453228999962448,2.970000059576705e-05,0.0003902000025846
52,90,0.0002926000015577,0.0301898999969125,0.9745331000012812,0.0957134999989648,0.9748257000028387,0.1259033999958774,2.9999995604157448e-05,0.0003873999958159
52,91,0.000288700000965,0.0307820000016363,0.8672460000016144,0.1128381000016816,0.8675347000025795,0.1436201000033179,2.7499998395796865e-05,0.0004122000027564
52,92,0.0002823000031639,0.0311653000026126,0.8805108000015025,0.138657499999681,0.8807931000046665,0.1698228000022936,2.989999484270811e-05,0.0004857999956584
52,93,0.0003021000011358,0.029938800005766,0.9582300000038232,0.1131437000003643,0.9585321000049588,0.1430825000061304,2.5699999241624027e-05,0.0003850000066449
52,94,0.0002904000066337,0.0314239999934216,0.8211059000022942,0.1130682000002707,0.8213963000089279,0.1444921999936923,2.8200003725942224e-05,0.0003877999988617
52,95,0.0002874999991036,0.029960599997139,0.7694737000056193,0.0906446000008145,0.7697612000047229,0.1206051999979536,2.479999966453761e-05,0.0003917000067303
52,96,0.0002958000040962,0.0310737999971024,0.7578333999990718,0.1304412999961641,0.7581292000031681,0.1615150999932666,3.040000592591241e-05,0.0003925999990315
52,97,0.0002929999973275,0.0297560000035446,0.8015861000021687,0.1283294000022579,0.8018790999994962,0.1580854000058025,2.989999484270811e-05,0.0003828999979305
52,98,0.0003112999984296,0.0296140999998897,0.8398979999983567,0.1800956000006408,0.8402092999967863,0.2097097000005305,2.5000001187436283e-05,0.0003887999992002
52,99,0.0002985000028274,0.0301551000011386,0.8505521999977645,0.1306276000032085,0.850850700000592,0.1607827000043471,3.070000093430281e-05,0.0003923000040231
52,100,0.0002833000035025,0.0301416000002063,0.8591591000003973,0.0738790999967022,0.8594424000038998,0.1040206999969086,3.0800001695752144e-05,0.0004183999990345
58,1,0.0003360999980941,0.0404740000012679,1.4606633000003058,0.1675256999951671,1.4609993999984,0.207999699996435,2.959999983431772e-05,0.0004958000063197
58,2,0.0003441000008024,0.0417936000012559,1.3765258999992511,0.1979594000003999,1.3768700000000536,0.2397530000016559,3.019999712705612e-05,0.0004957999990438
58,3,0.0003461999949649,0.0414669000019785,1.1630387999975935,0.1800361999994493,1.1633849999925587,0.2215031000014278,3.0499999411404133e-05,0.0004909000053885
58,4,0.0003487000067252,0.0409080999961588,1.148206099998788,0.1906682999979239,1.1485548000055132,0.2315763999940827,2.9800001357216388e-05,0.0004950000002281
58,5,0.0003421000001253,0.0436785999991116,1.365279300000111,0.1896886000031372,1.3656214000002365,0.2333672000022488,3.089999518124387e-05,0.0005070000042906
58,6,0.0003474999975878,0.0425379000007524,1.2610492000021625,0.2352165999982389,1.26139669999975,0.2777544999989914,3.079999441979453e-05,0.0005068999962531
58,7,0.0003518000012263,0.0447445999961928,1.2272631000014371,0.2238318000017898,1.2276149000026635,0.2685763999979826,3.450000076554716e-05,0.0006147000021883
58,8,0.0003480000013951,0.0440960999985691,1.4113585999948557,0.1029189000037149,1.4117065999962506,0.147015000002284,2.5500004994682968e-05,0.000629399997706
58,9,0.0003884000034304,0.0426499999957741,1.2540693000046303,0.1713438000006135,1.2544577000080608,0.2139937999963876,2.680000034160912e-05,0.0004831999976886
58,10,0.0003668999997898,0.0436049999989336,1.3154974000062791,0.1647211000017705,1.3158643000060692,0.2083261000007041,2.620000304887072e-05,0.0005476000005728
58,11,0.0003568999964045,0.0414595000038389,1.2702860999997938,0.1742644999976619,1.2706429999961983,0.2157240000015008,2.5800000003073364e-05,0.0004976999989594
58,12,0.000348200002918,0.0425318999987212,1.349835200002417,0.2099311999991187,1.350183400005335,0.2524630999978399,3.259999357396737e-05,0.0005077000023447
58,13,0.0003675000043585,0.0425703999935649,1.2428674999973737,0.1653097999951569,1.2432350000017325,0.2078801999887218,2.609999501146376e-05,0.0004999000011594
58,14,0.0003509999951347,0.0419645999936619,1.3829311000008602,0.2388270000010379,1.383282099995995,0.2807915999946999,3.090000245720148e-05,0.0004848000025958
58,15,0.0003462999957264,0.0415552000049501,1.3373858999984805,0.188423599996895,1.337732199994207,0.2299788000018452,3.0099996365606785e-05,0.000489899997774
58,16,0.0003415000028326,0.0426119999974616,1.3579241000043112,0.1557716000024811,1.3582656000071438,0.1983835999999428,2.7499998395796865e-05,0.0004910999996354
58,17,0.0003433000019867,0.0413418000025558,1.2965845999933665,0.1690025999996578,1.296927899995353,0.2103444000022136,3.2000003557186574e-05,0.0004980000012437
58,18,0.0003442000015638,0.0417033999983686,1.293841099999554,0.1996035999982268,1.294185300001118,0.2413069999965955,3.2199997804127634e-05,0.0005966000026091
58,19,0.000352600000042,0.0411873000048217,1.2636702000017976,0.1872308000019984,1.2640228000018396,0.2284181000068201,3.109999670414254e-05,0.0004915000026812
58,20,0.0003470000010565,0.0425058999971952,1.170635599999514,0.1446370999983628,1.1709826000005703,0.187142999995558,3.029999788850546e-05,0.0004951000009896
58,21,0.0003404000017326,0.0428530999997747,1.2121487999975216,0.1058722000016132,1.2124891999992542,0.1487253000013879,3.019999712705612e-05,0.0004923000014969
58,22,0.0004240999987814,0.0419353000033879,1.3669694999989588,0.1990770000047632,1.3673935999977402,0.2410123000081512,2.9299997549969703e-05,0.0005027000006521
58,23,0.0003262000027461,0.0431404999981168,1.2639038999986951,0.2466088000001036,1.264230100001441,0.2897492999982205,2.6900001103058457e-05,0.0004924999957438
58,24,0.0003461999949649,0.0423884999981964,1.2550215000010212,0.1595520000046235,1.2553676999959862,0.20194050000282,3.149999974993989e-05,0.0004868000032729
58,25,0.0003432000012253,0.0444658999986131,1.2765781000052812,0.1815459999997983,1.2769213000065065,0.2260118999984115,3.019999712705612e-05,0.000486599994474
58,26,0.0003465999980107,0.0424597000019275,1.310505400004331,0.2254676999946241,1.3108520000023418,0.2679273999965517,3.019999712705612e-05,0.0006244000032893
58,27,0.0003490999952191,0.0404477000047336,1.3973030999986804,0.2133585999981733,1.3976521999938996,0.2538063000029069,3.060000017285347e-05,0.0005010000022593
58,28,0.0003501999963191,0.0450619999974151,1.3562138999986928,0.1956704999975045,1.356564099995012,0.2407324999949196,3.109999670414254e-05,0.0004965000043739
58,29,0.0003550000037648,0.042499700000917,1.3454341999968165,0.1597867000018595,1.345789200000581,0.2022864000027766,3.2000003557186574e-05,0.0004991000023437
58,30,0.0004200999974273,0.044436999996833,1.3679766999994172,0.1644745000012335,1.3683967999968445,0.2089114999980665,3.120000474154949e-05,0.0005137999978614
58,31,0.0003542000049492,0.041563099999621,1.2674107999991977,0.1395587000006344,1.2677650000041467,0.1811218000002554,4.329999501351267e-05,0.0004951000009896
58,32,0.0003321999975014,0.0424407999962568,1.5102148999940257,0.1834701999978278,1.510547099991527,0.2259109999940847,3.210000431863591e-05,0.000492099999974
58,33,0.000337400000717,0.0411806999982218,1.3655205000031856,0.2009333999958471,1.3658579000039026,0.2421140999940689,3.1299998227041215e-05,0.0004927999980282
58,34,0.0003446000046096,0.0420344000012846,1.308193900003971,0.2378794999967795,1.3085385000085807,0.2799138999980641,3.0499999411404133e-05,0.0007359000010183
58,35,0.0003529000023263,0.0422298999983468,1.373552799996105,0.1477350999994087,1.3739056999984314,0.1899649999977555,2.6400004571769387e-05,0.0004938999991281
58,36,0.0003542000049492,0.0411682999983895,1.4116503999975976,0.1788516000015079,1.4120046000025468,0.2200198999998974,2.970000059576705e-05,0.0005000000019208
58,37,0.0003585000013117,0.0439106999983778,1.3943569999973988,0.1607283999983337,1.3947154999987106,0.2046390999967116,3.109999670414254e-05,0.000499599998875
58,38,0.0003456000049482,0.0410804999992251,1.4067246000049636,0.2194647999931476,1.4070702000099118,0.2605452999923727,3.170000127283856e-05,0.0005025999998906
58,39,0.0003476999991107,0.04192320000584,1.2601511999964714,0.246947600004205,1.2604988999955822,0.288870800010045,2.939999831141904e-05,0.0005012999972677
58,40,0.0004311000011512,0.0425947000039741,1.2315796999973827,0.1980431000047247,1.232010799998534,0.2406378000086988,2.950000634882599e-05,0.0004870999982813
58,41,0.0003381999995326,0.0423912999976892,1.2660925000018324,0.1337060000005294,1.266430700001365,0.1760972999982186,2.6599998818710446e-05,0.0004880999986198
58,42,0.0003366000019013,0.0414060000039171,1.3370149999973364,0.2071848999985377,1.3373515999992378,0.2485909000024548,3.0999995942693204e-05,0.0004967999993823
58,43,0.0004182999982731,0.0422000000035041,1.3338297000009334,0.1913046000045142,1.3342479999992063,0.2335046000080183,3.060000017285347e-05,0.0004927999980282
58,44,0.000343799998518,0.0413829999961308,1.3968741999997292,0.1853304999967804,1.3972179999982473,0.2267134999929112,2.6100002287421376e-05,0.0004934000025968
58,45,0.0003489000009722,0.0425264000004972,1.2773683000050369,0.141999699997541,1.277717200006009,0.1845260999980382,3.0499999411404133e-05,0.0004956999982823
58,46,0.0003408000047784,0.0422087000042665,1.365826900000684,0.1789954999985639,1.3661677000054624,0.2212042000028304,2.609999501146376e-05,0.0005021999968448
58,47,0.0004372999974293,0.0407910999929299,1.203290299999935,0.1602176999949733,1.2037275999973645,0.2010087999879033,2.9299997549969703e-05,0.000496300002851
58,48,0.0004619000028469,0.0448147999995853,1.4207095000019765,0.1450751999946078,1.4211714000048232,0.1898899999941932,2.59000007645227e-05,0.0005072999992989
58,49,0.0003357999958097,0.0430640000049606,1.220578300002671,0.1374122999986866,1.220914099998481,0.1804763000036473,2.9900002118665725e-05,0.0005053999993833
58,50,0.0003384000010555,0.0421008999983314,1.2529909999939264,0.1235464999990654,1.253329399994982,0.1656473999973968,2.609999501146376e-05,0.0004799000016646
58,51,0.000336299999617,0.0432684999977937,1.4625791999933426,0.1795815999939805,1.4629154999929597,0.2228500999917742,2.6699999580159783e-05,0.0004918000049656
58,52,0.0003390999991097,0.0420348999978159,1.1988185000009253,0.1775748000000021,1.199157600000035,0.2196096999978181,4.02999939979054e-05,0.0007283000013558
58,53,0.0003469000002951,0.0400437999996938,1.2805577000035555,0.168007000000216,1.2809046000038506,0.2080507999999099,3.070000093430281e-05,0.000494299994898
58,54,0.0003388000041013,0.0418819000042276,1.2269195999979274,0.1537196999997832,1.2272584000020288,0.1956016000040108,2.9499999072868377e-05,0.0004933999953209
58,55,0.0003529999958118,0.0454715000014402,1.2964885999972466,0.1668887000050745,1.2968415999930585,0.2123602000065148,3.330000618007034e-05,0.0005000999954063
58,56,0.0003416999970795,0.0418542000043089,1.4829589999935706,0.2121078000054694,1.4833006999906502,0.2539620000097784,3.18000020342879e-05,0.0004791999963345
58,57,0.0003480000013951,0.0417850000012549,1.22063309999794,0.1571362000031513,1.2209810999993351,0.1989212000044062,2.7900001441594213e-05,0.0004907999973511
58,58,0.0003429999997024,0.0409062000035191,1.3781028000012157,0.1978336999964085,1.378445800000918,0.2387398999999277,3.0499999411404133e-05,0.0004931000003125
58,59,0.0003477999998722,0.0414139999993494,1.3545766999959596,0.1443614000017987,1.354924499995832,0.1857754000011482,3.03999986499548e-05,0.0004868000032729
58,60,0.0003478999933577,0.041837899996608,1.2569984999936423,0.1616973999989568,1.257346399987,0.2035352999955648,2.549999771872536e-05,0.0006216000037966
58,61,0.0003439000065554,0.0415222000010544,1.158927099997527,0.151384800003143,1.1592710000040825,0.1929070000041974,2.6299996534362435e-05,0.000507099997776
58,62,0.0003501999963191,0.0414860000018961,1.291713600003277,0.1860088000030373,1.292063799999596,0.2274948000049335,3.5099998058285564e-05,0.000493200001074
58,63,0.0003518999947118,0.0430350999959046,1.4700854999973672,0.2022148999967612,1.470437399992079,0.2452499999926658,2.9000002541579303e-05,0.0004860999979428
58,64,0.0003462000022409,0.0426153000007616,1.414190100003907,0.1836055000021588,1.414536300006148,0.2262208000029204,3.210000431863591e-05,0.0004912999938824
58,65,0.0003505999993649,0.0434435999995912,1.231068300003244,0.2479195999985677,1.231418900002609,0.2913631999981589,3.149999974993989e-05,0.0004914000019198
58,66,0.0003540999969118,0.0438180999990436,1.33657790000143,0.1216257999985828,1.3369319999983418,0.1654438999976264,2.769999991869554e-05,0.0004956000047968
58,67,0.0003629999991971,0.0415622000000439,1.2981096000003165,0.1917872999983956,1.2984725999995137,0.2333494999984395,2.989999484270811e-05,0.0004962999955751
58,68,0.0003419000058784,0.0412767000016174,1.2033270000029006,0.1240637999944738,1.203668900008779,0.1653404999960912,2.7000001864507794e-05,0.0004948000059812
58,69,0.000326599998516,0.0408929000041098,1.331928899999184,0.1140560999992885,1.3322554999977,0.1549490000033984,2.959999983431772e-05,0.0004965000043739
58,70,0.0003505999993649,0.0411621000021114,1.2518257000047015,0.1495041000016499,1.2521763000040664,0.1906662000037613,3.889999788952992e-05,0.0005849000008311
58,71,0.0003435999969951,0.041480899999442,1.319408299998031,0.122731700001168,1.3197518999950262,0.1642126000006101,3.100000321865082e-05,0.000496300002851
58,72,0.0003429999997024,0.0424411999993026,1.3693603000065195,0.1384889999972074,1.369703300006222,0.18093019999651,3.889999788952992e-05,0.0005292999994708
58,73,0.0003469000002951,0.0426337000026251,1.251933500003361,0.1298819000003277,1.2522804000036558,0.1725156000029528,4.2400002712383866e-05,0.0004946999979438
58,74,0.0003440000000409,0.042698899997049,1.291092600004049,0.1494805000038468,1.29143660000409,0.1921794000008958,2.939999831141904e-05,0.000506199998199
58,75,0.0003379999980097,0.0418101000032038,1.3908966000017244,0.1976179999983287,1.3912345999997342,0.2394281000015325,3.119999746559188e-05,0.0004841999980271
58,76,0.0003397999971639,0.0416551000016625,1.2625535999977728,0.1974228000035509,1.2628933999949368,0.2390779000052134,3.100000321865082e-05,0.0004973000031895
58,77,0.0003383999937796,0.0416486000031,1.316134000000602,0.1894686000014189,1.3164723999943817,0.2311172000045189,2.9100003303028643e-05,0.0005012999972677
58,78,0.000349300004018,0.0422560000006342,1.3357281999997213,0.1317776999931084,1.3360775000037393,0.1740336999937426,3.1299998227041215e-05,0.0004927999980282
58,79,0.0003444999965722,0.0428787000055308,1.1611697999978787,0.1996877999990829,1.161514299994451,0.2425665000046137,3.119999746559188e-05,0.0004969000001437
58,80,0.0003381999995326,0.0413355999990017,1.2368126000001212,0.2354625000007217,1.2371507999996538,0.2767980999997235,3.0999995942693204e-05,0.0005002999969292
58,81,0.0003517000004649,0.0407454000014695,1.1204610999993747,0.1943489000041154,1.1208127999998396,0.2350943000055849,3.1100003980100155e-05,0.0004936000041197
58,82,0.0003388999975868,0.0404263000018545,1.2390005999986895,0.2532888999994611,1.2393394999962766,0.2937152000013157,3.460000152699649e-05,0.000580699997954
58,83,0.0003447999988566,0.0430976999996346,1.3402653000011924,0.211727099995187,1.340610100000049,0.2548247999948216,3.149999974993989e-05,0.000492099999974
58,84,0.0003527000008034,0.0430295999976806,1.3913876000005985,0.1994649999978719,1.391740300001402,0.2424945999955525,3.060000017285347e-05,0.0004911000069114
58,85,0.0003432999947108,0.0419911999997566,1.400183300000208,0.1452620999989449,1.4005265999949188,0.1872532999987015,2.680000034160912e-05,0.000494100000651
58,86,0.0003308999948785,0.0410083999959169,1.140698799994425,0.1746567000009236,1.1410296999893037,0.2156650999968405,2.9800001357216388e-05,0.0004971000016666
58,87,0.0003474000041023,0.0423827000049641,1.201106799999252,0.1474671000032685,1.2014542000033543,0.1898498000082327,3.1299998227041215e-05,0.0004869000040343
58,88,0.0003484000044409,0.0427502999955322,1.161681199999293,0.1896964999978081,1.1620296000037342,0.2324467999933404,2.920000406447798e-05,0.0004877999963355
58,89,0.0003427999981795,0.0405100000061793,1.3255294999980831,0.1655517000035615,1.3258722999962629,0.2060617000097409,2.9999995604157448e-05,0.0007598000011057
58,90,0.0003486999994493,0.043846399996255,1.4169020999979691,0.1398570999954245,1.4172507999974189,0.1837034999916795,3.070000093430281e-05,0.0004948999994667
58,91,0.0003495999990263,0.0432824000017717,1.400818199996138,0.1220427000007475,1.4011677999951644,0.1653251000025193,2.950000634882599e-05,0.000494100000651
58,92,0.0003484999979264,0.0404373999990639,1.3570933000009973,0.1084324000039487,1.3574417999989237,0.1488698000030126,2.620000304887072e-05,0.0004956000047968
58,93,0.0003408000047784,0.0413277000043308,1.3726707000023453,0.210451800005103,1.3730115000071237,0.2517795000094338,3.1600000511389226e-05,0.0004951000009896
58,94,0.0003476999991107,0.0454106000033789,1.2867224000001445,0.1856253999940236,1.287070099999255,0.2310359999974025,3.0999995942693204e-05,0.0004992999965907
58,95,0.0003494999982649,0.0418950000021141,1.2400874000013573,0.1511116000037873,1.2404368999996225,0.1930066000059014,2.6699999580159783e-05,0.0004975000047124
58,96,0.0004318999999668,0.0405131000006804,1.2714501000009475,0.1557379000005312,1.2718820000009146,0.1962510000012116,3.0099996365606785e-05,0.0005037000009906
58,97,0.0003413999947952,0.0423850000006496,1.3221855000010692,0.1254867000025115,1.3225268999958644,0.1678717000031611,3.109999670414254e-05,0.0004853999998886
58,98,0.0003412999940337,0.0420457000000169,1.2967041000010795,0.1198820999998133,1.2970453999951133,0.1619277999998303,2.6400004571769387e-05,0.0004841000045416
58,99,0.0003463000030023,0.0415789000035147,1.339366499996686,0.1735957999990205,1.3397127999996885,0.2151747000025352,2.9999995604157448e-05,0.000491900005727
58,100,0.0003419999993639,0.0408026000004611,1.3901985000047716,0.2813161000012769,1.3905405000041355,0.322118700001738,3.4199998481199145e-05,0.0004915000026812
64,1,0.0003973999992012,0.05556990000332,1.8877186000026995,0.2474299000023165,1.8881160000019008,0.3029998000056366,3.149999974993989e-05,0.0006298000007518
64,2,0.0004067999980179,0.0540477999966242,1.930390499997884,0.283520299999509,1.930797299995902,0.3375680999961332,2.9499999072868377e-05,0.0006242000017664
64,3,0.0003981000045314,0.0564515000005485,1.858378099997936,0.2374257999981637,1.8587762000024668,0.2938772999987122,3.1600000511389226e-05,0.0006232999949133
64,4,0.000389200002246,0.0558270999972592,2.0240122999966843,0.3577181000000564,2.0244014999989304,0.4135451999973156,2.970000059576705e-05,0.0006396000026143
64,5,0.0004092000017408,0.0576987000022199,2.0110055999975884,0.3019956999996793,2.0114147999993293,0.3596944000018993,3.03999986499548e-05,0.0006314999991445
64,6,0.0004015000013168,0.0559857000043848,2.221053100001882,0.3315254999979515,2.2214546000031987,0.3875112000023364,3.289999585831538e-05,0.000621899998805
64,7,0.0004654000003938,0.0588761000035447,1.9767687999992631,0.2677197000011801,1.977234199999657,0.3265958000047249,3.070000093430281e-05,0.0006353999997372
64,8,0.0004008000032627,0.0562893000023905,2.138020999998844,0.266000299998268,2.1384218000021065,0.3222896000006585,3.0200004403013736e-05,0.0006294999984675
64,9,0.0004021000058855,0.0572439999959897,1.985670599999139,0.3473435999985668,1.986072700005025,0.4045875999945565,3.330000618007034e-05,0.0006278999935602
64,10,0.0004084000029251,0.0564291999980923,1.915183700002672,0.1873384999998961,1.9155921000055969,0.2437676999979885,3.0200004403013736e-05,0.0008040000029723
64,11,0.0003899000003002,0.0576969999965513,2.013485200004652,0.2768522000042139,2.0138751000049524,0.3345492000007652,3.0999995942693204e-05,0.0006251000013435
64,12,0.000400199998694,0.0555670000030659,1.981887399997504,0.3247257000039099,1.982287599996198,0.3802927000069758,3.139999898849055e-05,0.0006215000030351
64,13,0.0003939000016544,0.0560192000048118,2.1147847000029287,0.2138574000055086,2.115178600004583,0.2698766000103205,3.470000228844583e-05,0.0006281000023591
64,14,0.0003957000008085,0.0565893000020878,2.0102733000021544,0.1987464999983785,2.010669000002963,0.2553358000004664,3.3700001949910074e-05,0.0007097000052453
64,15,0.0005512999996426,0.0564459000015631,2.103719999999157,0.2456205999988014,2.1042712999988,0.3020665000003646,3.139999898849055e-05,0.0006970999966142
64,16,0.0003770999974221,0.056686299998546,2.154633499994816,0.3043783000030089,2.155010599992238,0.3610646000015549,3.410000499570742e-05,0.0006336000005831
64,17,0.0004017999963252,0.0601935999948182,1.936220499999763,0.2303231000041705,1.9366222999960885,0.2905166999989887,3.0499999411404133e-05,0.0006162999998196
64,18,0.0004085999971721,0.0563411000039195,1.9588982000059327,0.3376455000034184,1.9593068000031053,0.393986600007338,3.2999996619764715e-05,0.0006285999988904
64,19,0.0003998000029241,0.0583059999989927,2.0184701000034693,0.2048337999949581,2.018869900006393,0.2631397999939509,3.01000036415644e-05,0.0006260999944061
64,20,0.0003996000014012,0.0567207999993115,1.992846000001009,0.2244334000060917,1.9932456000024104,0.2811542000054032,3.029999788850546e-05,0.000620799997705
64,21,0.000389200002246,0.0559588999967672,1.9970025000002352,0.2097112999981618,1.9973917000024808,0.2656701999949291,3.03999986499548e-05,0.000628300003882
64,22,0.0004609000025084,0.0578300999986822,2.15939509999589,0.2666134999963105,2.159855999998399,0.3244435999949928,3.0499999411404133e-05,0.0006271000020205
64,23,0.0004190999970887,0.056157200000598,1.7945080999998029,0.2079505999936373,1.7949271999968914,0.2641077999942354,3.0999995942693204e-05,0.0006308000010903
64,24,0.0004035000019939,0.0571259000062127,1.881842899994808,0.223961199997575,1.8822463999968024,0.2810871000037878,3.18000020342879e-05,0.0006473999965237
64,25,0.0004009999975096,0.0555957000033231,2.1242909000066,0.2512640999993891,2.124691900004109,0.3068598000027123,3.03999986499548e-05,0.0006244000032893
64,26,0.0004047999973408,0.0549061999990954,2.166782300002524,0.1772983000046224,2.1671870999998646,0.2322045000037178,3.479999577393755e-05,0.000622999999905
64,27,0.0003943999981856,0.0590319999973871,2.122932200007199,0.293700499998522,2.1233266000053845,0.3527324999959091,3.139999898849055e-05,0.0006225999968592
64,28,0.0004046000030939,0.0540603000044939,1.8692440000013448,0.2993770999964908,1.8696486000044388,0.3534374000009848,3.210000431863591e-05,0.0008010000019567
64,29,0.0006388999972841,0.0557415000002947,2.122031400002016,0.2027789000057964,2.1226702999992995,0.2585204000060912,2.950000634882599e-05,0.000629400004982
64,30,0.000407699997595,0.0556903000033344,1.8415765000027025,0.2734253999951761,1.8419842000002973,0.3291156999985105,3.510000533424318e-05,0.0006173000001581
64,31,0.0003943999981856,0.0576099999962025,2.038713199995982,0.2096340999996755,2.039107599994168,0.267244099995878,2.9499999072868377e-05,0.0006213000015122
64,32,0.0004732000015792,0.0560513000018545,1.83978180000122,0.1680431999993743,1.8402550000027984,0.2240945000012288,3.019999712705612e-05,0.0006377999961841
64,33,0.0004000999979325,0.0566599000012502,1.933839599994826,0.3037954000028549,1.934239699992759,0.3604553000041051,3.070000093430281e-05,0.000635800002783
64,34,0.00039029999607,0.0583498999985749,1.908660000000964,0.1970761000047787,1.909050299997034,0.2554260000033537,3.01000036415644e-05,0.000625000000582
64,35,0.0003905999983544,0.0554871999993338,2.096344500001578,0.2268137999999453,2.096735099999933,0.2823009999992791,3.0800001695752144e-05,0.0006202000004122
64,36,0.000396899995394,0.0546574000036343,2.092168800001673,0.2267161999989184,2.092565699997067,0.2813736000025528,3.629999991972e-05,0.0006395000018528
64,37,0.0004064000022481,0.0565679000064847,2.0101340000037453,0.3291549999994458,2.010540400005993,0.3857229000059305,3.019999712705612e-05,0.0006417999975383
64,38,0.0003971999976783,0.0560839000027044,1.9870097000020903,0.2976242000004276,1.987406899999769,0.3537081000031321,2.9800001357216388e-05,0.0006252000021049
64,39,0.0004019999978481,0.0541034999987459,1.8827186999988044,0.2409764999974868,1.8831206999966523,0.2950799999962328,2.9800001357216388e-05,0.0006159000040497
64,40,0.0003982000052928,0.0569124999965424,2.104094600006647,0.2757031000001007,2.10449280001194,0.3326155999966431,3.1299998227041215e-05,0.000621899998805
64,41,0.0003982999987783,0.0556247999993502,2.046819400005916,0.2649919000032241,2.047217700004694,0.3206167000025743,3.070000093430281e-05,0.0006302000037976
64,42,0.0004770999948959,0.0578233999985968,1.9818737000023248,0.2295598999990034,1.9823507999972207,0.2873832999976002,4.2400002712383866e-05,0.000804600000265
64,43,0.0003941000031773,0.0545161000045482,2.066187299999001,0.270984299997508,2.0665814000021783,0.3255004000020562,3.0099996365606785e-05,0.0006204000019351
64,44,0.0003980999972554,0.0569455000004381,2.2333404999953927,0.1940104000022984,2.233738599992648,0.2509559000027366,3.640000068116933e-05,0.0007726999974693
64,45,0.0004008999967481,0.05672290000075,2.280439399997704,0.2213778000004822,2.280840299994452,0.2781007000012323,2.849999873433262e-05,0.0006254000036278
64,46,0.0005144000024301,0.0568686000042362,2.0710746999975527,0.1745700000028591,2.071589099999983,0.2314386000070953,3.070000093430281e-05,0.0006686999986413
64,47,0.0005718000029446,0.0558564000020851,1.9748966000042856,0.2995709999959217,1.9754684000072305,0.3554273999980069,3.0999995942693204e-05,0.0007481000066036
64,48,0.0003885999976773,0.0566972000015084,2.0184212000021944,0.2783055999971111,2.018809799999872,0.3350027999986196,3.229999856557697e-05,0.0007662999996682
64,49,0.0004841000045416,0.0569326999975601,2.04833480000525,0.2273935999983223,2.048818900009792,0.2843262999958824,2.970000059576705e-05,0.0006176000024424
64,50,0.0004090000002179,0.0564539999977569,2.332697800004098,0.3625530999997863,2.333106800004316,0.4190070999975432,3.029999788850546e-05,0.0006239999929675
64,51,0.0004058000049553,0.0585359000106109,2.181719100000919,0.2457477999996626,2.1821249000058742,0.3042837000102736,3.019999712705612e-05,0.0006335000070976
64,52,0.0003981999907409,0.0557438999967416,2.015581899991957,0.2777567000011913,2.0159800999826984,0.333500599997933,3.089998790528625e-05,0.0006303999980445
64,53,0.0007360999879892,0.0571377000014763,1.9583516999991843,0.2638809000054607,1.9590877999871736,0.321018600006937,3.029999788850546e-05,0.0007618000090587
64,54,0.0004896999889751,0.0605885999975726,1.795983400006662,0.2929408000054536,1.796473099995637,0.3535294000030262,3.239999932702631e-05,0.0006635000027017
64,55,0.0003977000014856,0.0573103000060655,2.038370499998564,0.2469416999956593,2.038768200000049,0.3042520000017248,3.15000070258975e-05,0.0005986000032862
64,56,0.0003916999994544,0.056297800008906,2.1427812000038102,0.215202200008207,2.1431729000032647,0.271500000017113,2.9999995604157448e-05,0.0006234999891603
64,57,0.0003995000006398,0.0541807999979937,1.8971887999941828,0.2736294000060297,1.8975882999948224,0.3278102000040235,3.130000550299883e-05,0.0006252000021049
64,58,0.0004046000103699,0.0563589000084903,1.746914300005301,0.2198484999971697,1.7473189000156708,0.27620740000566,3.0499999411404133e-05,0.0006219999922905
64,59,0.0004080000071553,0.0560923000011825,1.868060499997228,0.1912513999996008,1.8684685000043828,0.2473437000007834,2.9499991796910763e-05,0.0008567999902879
64,60,0.0004140000091865,0.0603344999981345,1.9086613999970723,0.216005900001619,1.9090754000062589,0.2763403999997535,3.0499999411404133e-05,0.0006350000039674
64,61,0.0004082999948877,0.0555809000070439,1.9225921999895943,0.2309553000086452,1.9230004999844823,0.2865362000156892,3.229999856557697e-05,0.0009273000032408
64,62,0.0003878000134136,0.0557689999986905,1.838495800009696,0.213510600005975,1.8388836000231088,0.2692796000046655,3.0499999411404133e-05,0.0006264999974519
64,63,0.0004006000090157,0.0543513000011444,2.1835190999991028,0.3215754999982891,2.1839197000081185,0.3759267999994335,3.440000000409782e-05,0.0006311000033747
64,64,0.000399099997594,0.0549820000014733,2.0633878000080585,0.2314270999922882,2.063786900005653,0.2864090999937616,3.15000070258975e-05,0.0006292000034591
64,65,0.0003965999931097,0.0574016999889863,1.859020300005796,0.3522399999928893,1.8594168999989047,0.4096416999818757,3.139999171253294e-05,0.0007972999883349
64,66,0.0003891999949701,0.0572006000002147,2.228819600000861,0.2673861999937799,2.229208799995831,0.3245867999939946,3.100000321865082e-05,0.0006300000095507
64,67,0.0004883000074187,0.0579908000072464,2.032467299999553,0.3146917999983998,2.0329556000069715,0.3726826000056462,3.170000854879618e-05,0.0006099000020185
64,68,0.000394699993194,0.0565835000015795,1.772579799988307,0.2804106999974465,1.7729744999815011,0.336994199999026,2.950000634882599e-05,0.000628299996606
64,69,0.0004119999939575,0.0570095000002766,2.0860649999958696,0.3385192999994615,2.086476999989827,0.3955287999997381,3.2199997804127634e-05,0.0007730999932391
64,70,0.0004059000057168,0.0555976999894483,1.95230079999601,0.2290152999921701,1.9527067000017269,0.2846129999816185,3.0099996365606785e-05,0.0006323999987216
64,71,0.0003799999976763,0.0575314000016078,1.9620617000036875,0.3332657999999355,1.962441700001364,0.3907972000015434,3.619999915827066e-05,0.0006345000001601
64,72,0.000416299997596,0.0573379999987082,2.145517900004052,0.2758803000033367,2.145934200001648,0.333218300002045,2.9600007110275328e-05,0.000627200002782
64,73,0.0004971000016666,0.0580429999972693,1.917607999988832,0.2538896000041859,1.9181050999904985,0.3119326000014553,3.139999171253294e-05,0.0006222000083653
64,74,0.0003946000069845,0.0560419999965233,2.0874089999997523,0.2324284999922383,2.087803600006737,0.2884704999887617,3.2099997042678297e-05,0.0009424000018043
64,75,0.0004027999966638,0.0582204000093042,1.8902038000087489,0.237008899988723,1.8906066000054125,0.2952292999980273,2.9399991035461422e-05,0.0006170999986352
64,76,0.0004063999949721,0.060176799990586,1.753860500000883,0.2718347000045469,1.754266899995855,0.3320114999951329,2.9499991796910763e-05,0.0006255000043893
64,77,0.0004958000063197,0.0596851000009337,2.285433700002613,0.2359537999873282,2.285929500008933,0.295638899988262,3.12999909510836e-05,0.0006305999995674
64,78,0.0003910999948857,0.0564420000009704,2.095129499997711,0.2187944000033894,2.0955205999925965,0.2752364000043599,3.090000245720148e-05,0.0006345000001601
64,79,0.0003986999945482,0.0573082999908365,1.8766774000105213,0.2461391000106232,1.8770761000050693,0.3034474000014597,2.9499991796910763e-05,0.0006277000065892
64,80,0.000405500002671,0.0546407999936491,1.9556849999935368,0.2410466000001179,1.956090499996208,0.295687399993767,3.139999171253294e-05,0.0006147999956738
64,81,0.0003954999992856,0.0560129000077722,1.98875340000086,0.334139700004016,1.9891489000001457,0.3901526000117883,3.399999695830047e-05,0.0006243999960133
64,82,0.0003986999945482,0.0566528000053949,1.9206182999914745,0.3233986999985063,1.9210169999860227,0.3800515000039013,3.479998849797994e-05,0.0006206999969435
64,83,0.0003781999985221,0.0572312000003876,2.0736081000068225,0.2598710000020219,2.0739863000053447,0.3171022000024095,4.060000355821103e-05,0.0007804000051692
64,84,0.0004027000104542,0.0556158000108553,1.9448241999925813,0.2810393000108888,1.945226900003036,0.3366551000217441,2.989999484270811e-05,0.0006237000052351
64,85,0.0003899999865097,0.0579133999999612,2.0831288999906974,0.3512883000075817,2.083518899977207,0.4092017000075429,3.070000093430281e-05,0.0006418999982997
64,86,0.0004050999996252,0.0569256000017048,2.1109709000011208,0.3222849000012502,2.111376000000746,0.3792105000029551,2.95999925583601e-05,0.000626100008958
64,87,0.0003986000083386,0.0597743999969679,1.931215199991129,0.2058763000095496,1.931613799999468,0.2656507000065176,4.179999814368784e-05,0.0007737999985693
64,88,0.0004104999970877,0.0556960999965667,1.9538157000060887,0.2499968999909469,1.954226200003177,0.3056929999875137,3.229999856557697e-05,0.0006076999998185
64,89,0.0004072000010637,0.0557452000066405,1.933614399997168,0.1860266000003321,1.934021599998232,0.2417718000069726,3.510000533424318e-05,0.0009792000055313
64,90,0.0003930000093532,0.0567772999929729,2.245008400001097,0.2626296000089496,2.2454014000104507,0.3194069000019226,3.029999788850546e-05,0.0006225999968592
64,91,0.0004025000089313,0.0552061000053072,2.0378114999912214,0.2089550000091549,2.0382140000001527,0.2641611000144621,3.0499999411404133e-05,0.0006335999933071
64,92,0.0004097999917576,0.0583308000059332,2.059773500004667,0.2099472999980207,2.0601832999964245,0.268278100003954,3.12999909510836e-05,0.0006329000025289
64,93,0.0003984000068157,0.0616248000005725,2.025307100004284,0.2624044999975012,2.0257055000110995,0.3240292999980738,3.070000093430281e-05,0.0006277999927988
64,94,0.0003985999937867,0.0553996000089682,1.8975808000104728,0.3362036000035004,1.89797940000426,0.3916032000124687,3.450000076554716e-05,0.000619700003881
64,95,0.0004021999920951,0.0563952999946195,1.9410764000058407,0.2296653999947011,1.941478599997936,0.2860606999893207,3.6600002204068005e-05,0.0006343999993987
64,96,0.0003982000052928,0.0568639000121038,2.15135649999138,0.1749252000008709,2.151754699996673,0.2317891000129748,2.689998655114323e-05,0.0006235000037122
64,97,0.0005196999991312,0.0575844999984838,1.6580727999971714,0.2109149000025354,1.6585924999963026,0.2684994000010192,3.199999628122896e-05,0.0008438999939244
64,98,0.0007218999962788,0.0567696999933104,2.0858511999977054,0.1967070999962743,2.086573099993984,0.2534767999895848,2.9800008633174e-05,0.0007599000091431
64,99,0.0004016000020783,0.0557285999966552,1.953168000007281,0.3168812000076286,1.95356960000936,0.3726098000042839,3.0800001695752144e-05,0.0006305999995674
64,100,0.0004001000052085,0.0547148000041488,2.069002999996883,0.3452479000116,2.0694031000020914,0.3999627000157488,3.1799994758330286e-05,0.0006368000031216
70,1,0.0004627000016625,0.0745280999981332,3.144152299995767,0.3543485999980476,3.144614999997429,0.4288766999961808,4.009999975096434e-05,0.0010651999909896
70,2,0.0004599999956553,0.0760603000089759,2.6090236000018194,0.3088253000023542,2.609483599997475,0.3848856000113301,3.189999551977962e-05,0.0009725999989314
70,3,0.0004566000134218,0.0720265999989351,2.898920299994643,0.3974908999953186,2.8993769000080647,0.4695174999942537,3.169999399688095e-05,0.0007633999921381
70,4,0.0004598999948939,0.0714831999939633,3.329704800009494,0.2660016000008909,3.3301647000043886,0.3374847999948542,3.260000084992498e-05,0.0007820000028004
70,5,0.0004695999959949,0.0715118999942205,2.9955310999939684,0.4805200999981025,2.996000699989964,0.5520319999923231,3.3800009987317026e-05,0.0007840000034775
70,6,0.0004630000039469,0.0724707999906968,2.834436999997706,0.4564586000051349,2.834900000001653,0.5289293999958318,3.1100003980100155e-05,0.0007785999914631
70,7,0.000469399994472,0.0727163999981712,2.705045800001244,0.2606485999858705,2.705515199995716,0.3333649999840418,3.260000084992498e-05,0.0007901999924797
70,8,0.0004598999948939,0.0724239999981364,2.7030728999961866,0.3541428000025917,2.7035327999910805,0.4265668000007281,3.130000550299883e-05,0.0007784000044921
70,9,0.0004617999948095,0.0716296999889891,2.759033700000145,0.3419889999931911,2.759495499994955,0.4136186999821802,3.159999323543161e-05,0.0007760000007692
70,10,0.0004685999883804,0.0772532999981194,2.808688100005384,0.4156790999986697,2.809156699993764,0.4929323999967892,3.3500007702969015e-05,0.0007905999955255
70,11,0.0004698999982792,0.0740654999972321,2.765361700003268,0.3847122000006493,2.7658316000015475,0.4587776999978814,3.260000084992498e-05,0.0007845999934943
70,12,0.0004656000091927,0.0729936999996425,2.611233899995568,0.3425600000045961,2.611699500004761,0.4155537000042386,3.070000093430281e-05,0.0007787000067764
70,13,0.0005901999975321,0.0724135999917052,3.02282829998876,0.4735185000026831,3.023418499986292,0.5459320999943884,3.160000778734684e-05,0.0007738000131212
70,14,0.0005504000000655,0.072223600000143,2.823558499992941,0.3100645999948028,2.824108899993007,0.3822881999949459,3.3899996196851134e-05,0.0009770000033313
70,15,0.0004648000031011,0.0763797999970847,2.897123499991721,0.2952758000028552,2.8975882999948226,0.37165559999994,3.619999915827066e-05,0.0007823000050848
70,16,0.0004684000014094,0.0752869999996619,2.692741399994702,0.3673718999925768,2.6932097999961115,0.4426588999922387,3.1800009310245514e-05,0.000780799993663
70,17,0.0004721000004792,0.0724585999996634,2.79365069999767,0.451598700004979,2.7941227999981493,0.5240573000046425,3.1199990189634264e-05,0.0007681999995838
70,18,0.0004669000045396,0.0720131000125547,2.859536499992828,0.2328669999988051,2.8600033999973675,0.3048801000113599,3.270000161137432e-05,0.0007590000022901
70,19,0.0004852999991271,0.0727391999971587,2.6883126000029733,0.3964037999976426,2.6887979000021005,0.4691429999948013,3.189999551977962e-05,0.0007883999933255
70,20,0.0004545999981928,0.074173899993184,2.708213899997645,0.3114880999928573,2.708668499995838,0.3856619999860413,3.9699996705167e-05,0.0009546999935992
70,21,0.0004613000055542,0.0747954999969806,2.8536863999906927,0.349871800004621,2.854147699996247,0.4246673000016017,4.090000584255904e-05,0.0009749000018928
70,22,0.0004670999915106,0.0744283999956678,3.162741499996628,0.4282560999999987,3.1632085999881383,0.5026844999956666,4.199999966658652e-05,0.0007656999950995
70,23,0.0004642999992938,0.0737217000132659,2.853822000004584,0.3475946999969892,2.854286300003878,0.4213164000102551,3.239999932702631e-05,0.000779699999839
70,24,0.000461899995571,0.0729322999977739,2.851277600013418,0.2518907000048784,2.851739500008989,0.3248230000026524,3.139999171253294e-05,0.0007769999938318
70,25,0.0005601000011665,0.0747148999944329,3.0641926000098465,0.3576877000014065,3.064752700011013,0.4324025999958394,3.2500000088475645e-05,0.0007544999971287
70,26,0.0004743000026792,0.0727955000038491,3.0942657999985386,0.4708368999999948,3.094740100001218,0.5436324000038439,3.1800009310245514e-05,0.0007711999933235
70,27,0.0004570999881252,0.0766298999951686,3.0089636000047904,0.3276870000117924,3.009420699992916,0.4043169000069611,3.310000465717167e-05,0.0007807000074535
70,28,0.000459699993371,0.0740870000008726,2.9299656999937724,0.2778369000006933,2.9304253999871435,0.3519239000015659,4.090000584255904e-05,0.0007805999921401
70,29,0.0004613000055542,0.0718081999948481,2.5990459000022383,0.40282100001059,2.599507200007793,0.4746292000054382,3.100000321865082e-05,0.0007724000024609
70,30,0.000486600009026,0.0733727999904658,2.6413629000016954,0.3830310000048484,2.6418495000107214,0.4564037999953143,3.090000245720148e-05,0.0007801999890943
70,31,0.0004638000100385,0.0744276000041281,3.259739699991769,0.3413330000039423,3.260203500001808,0.4157606000080704,3.579999611247331e-05,0.0007750999939162
70,32,0.0005750999989686,0.0724869999976363,2.7624665000039386,0.3264924999966752,2.763041600002907,0.3989794999943115,3.15000070258975e-05,0.0007850999973015
70,33,0.0004653000069083,0.074664700005087,2.675084399990737,0.3817071999947075,2.675549699997646,0.4563718999997945,3.3500007702969015e-05,0.0007703000010224
70,34,0.0004523999959928,0.0734828999993624,2.754017700004624,0.4543869000044651,2.754470100000617,0.5278698000038275,3.1799994758330286e-05,0.0007713999948464
70,35,0.0006005000032018,0.0778944999910891,2.953393100004177,0.4127646999986609,2.9539936000073794,0.49065919998975,3.440000000409782e-05,0.0011480000102892
70,36,0.0004699999990407,0.0758498999930452,3.3075780000071973,0.3597022999892942,3.308048000006238,0.4355521999823395,3.450000076554716e-05,0.0007588000007672
70,37,0.000456399997347,0.0714184000098612,2.831114199987496,0.4384436000109417,2.831570599984844,0.509862000020803,3.0499999411404133e-05,0.0007779000006848
70,38,0.0004518000059761,0.0735277000057976,3.065893300008611,0.2791711000027135,3.066345100014587,0.3526988000085111,3.609999839682132e-05,0.0007860000041546
70,39,0.0004629000031854,0.0732335999928182,2.96920659999887,0.2579700000060256,2.9696695000020554,0.3312035999988438,3.160000778734684e-05,0.0007792999967932
70,40,0.0004707999905804,0.0736920999916037,2.65147799999977,0.376372500002617,2.6519487999903504,0.4500645999942207,6.0999998822808266e-05,0.0010467999964021
70,41,0.0004948000132571,0.074644200009061,2.717347099998733,0.3402850999991642,2.71784190001199,0.4149293000082252,3.2800002372823656e-05,0.0007846999942557
70,42,0.0006053999968571,0.073353900006623,2.804767099994933,0.4009512000047834,2.8053724999917904,0.4743051000114064,3.060000017285347e-05,0.0007884000078774
70,43,0.0004583999980241,0.0732080999878235,2.807404100007261,0.2290887999988626,2.8078625000052853,0.3022968999866862,3.239999932702631e-05,0.0007903000077931
70,44,0.0004618000093614,0.0736720999993849,2.6612103000079514,0.3420098999922629,2.661672100017313,0.4156819999916479,3.260000084992498e-05,0.0007737999985693
70,45,0.0004568000003928,0.0747860999981639,2.456691500003217,0.2406254999950761,2.4571483000036096,0.3154115999932401,3.090000245720148e-05,0.0009569999965606
70,46,0.0004615000070771,0.0712375000002794,2.855116100006853,0.4413522000104422,2.8555776000139304,0.5125897000107216,2.989999484270811e-05,0.0007781999884173
70,47,0.0004581999965012,0.0734561999997822,2.756707099993946,0.4127732000051765,2.7571652999904472,0.4862294000049587,3.340000694151968e-05,0.0007745000038994
70,48,0.0004744000034406,0.0748328000045148,2.8995899000001373,0.2853479000041261,2.900064300003578,0.360180700008641,3.640000068116933e-05,0.0009769999887794
70,49,0.0004642999992938,0.0751556000031996,3.118220100004692,0.3242117000045255,3.118684400003985,0.3993673000077251,3.300000389572233e-05,0.0007738999993307
70,50,0.0005876999930478,0.0749164000008022,2.620216099996469,0.3504077000106917,2.620803799989517,0.425324100011494,3.2199997804127634e-05,0.0007770000083837
70,51,0.000458400012576,0.0711300000111805,2.9253516999888234,0.2340005000005476,2.9258101000013994,0.3051305000117281,3.2500000088475645e-05,0.0007767000060994
70,52,0.0004702000005636,0.0723641000076895,2.980400600004941,0.4281069999997271,2.980870800005505,0.5004711000074167,3.159999323543161e-05,0.0007812999974703
70,53,0.0004793000116478,0.0738786000001709,2.6001868000021204,0.4683259999874281,2.6006661000137683,0.5422045999875991,4.889999399892986e-05,0.001129199998104
70,54,0.0004736999981105,0.0739735999959521,2.828585999988718,0.3313998999947216,2.8290596999868285,0.4053734999906737,3.1799994758330286e-05,0.0007687000033911
70,55,0.0004599999956553,0.0740258999867364,2.750155200003064,0.2577581000077771,2.75061519999872,0.3317839999945136,3.770001058001071e-05,0.0008981999999377
70,56,0.0004604999994626,0.0756585999915842,2.9042253000079654,0.3948936000087997,2.904685800007428,0.4705522000003839,3.239999932702631e-05,0.0007857000018702
70,57,0.000465199991595,0.0733276999962981,2.8461182999890298,0.3627144999918528,2.8465834999806248,0.4360421999881509,3.680000372696668e-05,0.0007876000017859
70,58,0.0004472999862628,0.0717562999925576,2.9748433000058867,0.26941719999013,2.975290599992149,0.3411734999826876,3.309999010525644e-05,0.0007698999979766
70,59,0.0004646000015782,0.0737805000098887,2.608459299997776,0.4513375999958953,2.608923899999354,0.5251181000057841,3.71999922208488e-05,0.0007665999874006
70,60,0.0004597000079229,0.0743607999902451,2.871725399993011,0.344276699994225,2.8721851000009337,0.4186374999844702,3.390001074876636e-05,0.0009624999947845
70,61,0.0004559999943012,0.0731751999992411,2.6440766000014264,0.337067600004957,2.644532599995728,0.4102428000041982,3.1800009310245514e-05,0.0007747999916318
70,62,0.0004756999987876,0.0729382999998051,2.9047487000061665,0.349422900006175,2.905224400004954,0.4223612000059802,3.430001379456371e-05,0.0007724000024609
70,63,0.0004687999899033,0.0715315999987069,3.09855310000421,0.3111864999955287,3.099021899994113,0.3827180999942356,3.500000457279384e-05,0.0007852999988244
70,64,0.0004589000018313,0.0746061999961966,3.1777863999886904,0.3034238999971421,3.1782452999905217,0.3780300999933388,3.2199997804127634e-05,0.0007594000053359
70,65,0.0004587000003084,0.0724802000040654,2.7728951000026427,0.5164845999970566,2.773353800002951,0.5889648000011221,3.739999374374747e-05,0.0009925999911502
70,66,0.0005650000093737,0.0753608000086387,2.732240900004399,0.3633372000040253,2.7328059000137728,0.4386980000126641,3.1499992473982275e-05,0.0007832999981474
70,67,0.0004623999993782,0.0732283999968785,2.880116700005601,0.3518406999937724,2.8805791000049794,0.425069099990651,6.0999998822808266e-05,0.0011108000035164
70,68,0.0004715000104624,0.0732129999960307,3.054123800000525,0.4698137000086717,3.054595300010988,0.5430267000047024,3.3200005418621004e-05,0.0007713999948464
70,69,0.0004834999999729,0.0748200999951222,2.650595400002203,0.3248270000040065,2.651078900002176,0.3996470999991288,3.4900003811344504e-05,0.0007718999986536
70,70,0.0004640999977709,0.0733521000074688,2.677607099991292,0.4477170000027399,2.6780711999890627,0.5210691000102088,3.239999932702631e-05,0.0007716999971307
70,71,0.0005693999992217,0.0717700000095646,2.5813358000013977,0.5032142999989446,2.5819052000006195,0.5749843000085093,3.480000304989517e-05,0.0007622999983141
70,72,0.0004668000037781,0.0705467000079806,2.845206700003473,0.4100949999992735,2.845673500007252,0.4806417000072542,3.300000389572233e-05,0.0007659999973839
70,73,0.0004773999971803,0.0761039999924833,2.9489833999978146,0.3146700000070268,2.949460799994995,0.3907739999995101,3.1400006264448166e-05,0.000779699999839
70,74,0.000575400001253,0.0722280999907525,2.903135399988969,0.371822399989469,2.903710799990222,0.4440504999802215,3.2099997042678297e-05,0.0009881000005407
70,75,0.0005681000038748,0.0743450000009033,2.9827301999903284,0.3635831999999936,2.983298299994204,0.437928200000897,3.15000070258975e-05,0.0007928999984869
70,76,0.0004666000022552,0.0732614999869838,3.0367907999898307,0.3327245999971637,3.037257399992086,0.4059860999841476,3.2099997042678297e-05,0.0007662999996682
70,77,0.0004633000062312,0.0748109999985899,2.907209099997999,0.34302210000169,2.9076724000042304,0.4178331000002799,2.8299997211433947e-05,0.0007627000013599
70,78,0.0005593999958364,0.0733716999966418,3.037211800008663,0.4599823000025935,3.0377712000044994,0.5333539999992354,3.37999954354018e-05,0.0007826999935787
70,79,0.0004647999885492,0.0739496000023791,2.602271399999154,0.4102662999939639,2.602736199987703,0.484215899996343,2.7400004910305142e-05,0.0007754000107524
70,80,0.0004522999952314,0.0722224999917671,2.9871501000016,0.4455795000103535,2.987602399996831,0.5178020000021206,4.009999975096434e-05,0.0008289999968837
70,81,0.0004673999937949,0.0729684999969322,2.7867992999963462,0.4274191000004066,2.787266699990141,0.5003875999973388,4.220000118948519e-05,0.0010492000001249
70,82,0.0004551000020001,0.0776443000067956,2.73216610000236,0.4075511999981245,2.73262120000436,0.4851955000049202,3.270000161137432e-05,0.0007731999940006
70,83,0.0004661999992094,0.0736490999988745,2.61372080000001,0.2899366000056034,2.61418699999922,0.363585700004478,2.7599991881288588e-05,0.0007795999990776
70,84,0.000465199991595,0.0744044000020949,2.6767515999963507,0.2914828999928431,2.6772167999879457,0.3658872999949381,3.2199997804127634e-05,0.0007880999910412
70,85,0.0004571000026771,0.0733144999976502,2.8354254000005312,0.242935700007365,2.8358825000032084,0.3162502000050153,3.100000321865082e-05,0.0007702000002609
70,86,0.0004653000069083,0.0759427000011783,2.6970177000039257,0.3519522999995388,2.697483000010834,0.4278950000007171,3.2100011594593525e-05,0.0007902000070316
70,87,0.0005933000065851,0.0713796000054571,2.8091264000104275,0.2692269999970449,2.8097197000170127,0.3406066000025021,3.090000245720148e-05,0.0007643999997526
70,88,0.0004569000011542,0.0730787000065902,2.623485999996774,0.2569443999964278,2.623942899997928,0.330023100003018,3.429999924264848e-05,0.0008164000028045
70,89,0.0004622999986167,0.0738380999973742,2.865710300000501,0.4317174000025261,2.8661725999991177,0.5055554999999003,3.1100003980100155e-05,0.0007868000102462
70,90,0.0005572999943979,0.0722846999997273,2.671967800008133,0.3275419999990845,2.672525100002531,0.3998266999988118,3.989999822806567e-05,0.001016599999275
70,91,0.0004776999994646,0.073015399990254,3.064904700004263,0.4651346000027843,3.0653824000037275,0.5381499999930384,3.199999628122896e-05,0.0007792999967932
70,92,0.000472500003525,0.0706720000016503,3.012824100005673,0.2785341999988304,3.0132966000091983,0.3492062000004807,3.750000905711204e-05,0.0009352999913971
70,93,0.0004746999911731,0.0735349000024143,2.9814886000094702,0.4354751000064425,2.981963300000644,0.5090100000088569,3.329999162815511e-05,0.0007787000067764
70,94,0.0004717000119853,0.073415599996224,3.2304817999975057,0.3911806999967666,3.230953500009491,0.4645962999929907,4.05999890062958e-05,0.0007839000027161
70,95,0.0004495000030146,0.0757665999990422,2.6876467000111006,0.4127577999897767,2.688096200014116,0.4885243999888189,3.6900004488416016e-05,0.000960200006375
70,96,0.0004721999866887,0.0732136000005994,2.785901600000216,0.4925061999965692,2.7863737999869045,0.5657197999971686,3.270000161137432e-05,0.0007727000047452
70,97,0.000465199991595,0.0735320999956457,2.678955600000336,0.4090243999962695,2.679420799991931,0.4825564999919152,3.5599994589574635e-05,0.0009661999938543
70,98,0.000554899990675,0.0780666999926325,2.872148599999491,0.3889999999955762,2.872703499990166,0.4670666999882087,4.040000203531236e-05,0.0011187999916728
70,99,0.0004658999969251,0.0720524000062141,3.115985399999772,0.3541349000006448,3.1164512999966973,0.426187300006859,3.089998790528625e-05,0.000790500009316
70,100,0.0004705000028479,0.0732850000058533,2.894657800003188,0.3829291000001831,2.895128300006036,0.4562141000060364,3.160000778734684e-05,0.0009837999969022
76,1,0.0005365999968489,0.0935879000026034,3.8468038999999408,0.4874764999985927,3.8473404999967897,0.5810644000011962,3.189999551977962e-05,0.0009222000080626
76,2,0.0005394999898271,0.0941375999973388,4.300051199999871,0.4264247999963118,4.300590699989698,0.5205623999936506,3.190001007169485e-05,0.0009484000038355
76,3,0.0005290999979479,0.0917559999943478,3.678188499994576,0.5017275999998674,3.678717599992524,0.5934835999942152,3.12999909510836e-05,0.0009587000095052
76,4,0.00054920000548,0.0938793999957852,3.931317199996556,0.4928767999954289,3.931866400002036,0.5867561999912141,3.3199990866705775e-05,0.0010175000061281
76,5,0.0006159000040497,0.0912256000010529,3.633230099992943,0.6268610000115586,3.6338459999969928,0.7180866000126116,3.1100003980100155e-05,0.0009397999965585
76,6,0.0005166000046301,0.0937383000127738,4.285152200012817,0.4715512999973725,4.285668800017447,0.5652896000101464,2.909998875111341e-05,0.00100360000215
76,7,0.000525600000401,0.0926208000018959,3.620449499998358,0.4611562000063713,3.620975099998759,0.5537770000082674,3.339999238960445e-05,0.0009469000069657
76,8,0.0005296000017551,0.0936306999938096,3.828768699997454,0.4707026000105543,3.829298299999209,0.564333300004364,4.379999882075936e-05,0.0012962000037077
76,9,0.0005112000071676,0.0935730000055627,3.950999699998647,0.3572682999947574,3.951510900005815,0.4508413000003202,3.229999856557697e-05,0.0009338999952888
76,10,0.0005150000069988,0.0954921999946236,3.978862999996636,0.3939511000062339,3.979378000003635,0.4894433000008575,3.4199998481199145e-05,0.0009597000025678
76,11,0.0005290999979479,0.092799299993203,3.841101700003492,0.3747021000017412,3.84163080000144,0.4675013999949442,3.640000068116933e-05,0.0011898000084329
76,12,0.0006358999962685,0.0954132999904686,3.472220700001344,0.4157141000032425,3.4728565999976126,0.5111273999937112,3.599999763537198e-05,0.0009433000086573
76,13,0.0005289999971864,0.0955912999925203,3.992767299991101,0.4005675000080373,3.993296299988288,0.4961588000005577,3.440000000409782e-05,0.0010423000057926
76,14,0.0005193999968469,0.0952836999931605,4.105350500001805,0.5420795999962138,4.105869899998652,0.6373632999893744,3.1799994758330286e-05,0.0009371999913128
76,15,0.0005307000101311,0.0915986000036355,3.772140799992485,0.4454589999950258,3.772671500002616,0.5370575999986613,4.299999272916466e-05,0.0012418999976944
76,16,0.0005896000075154,0.0973412999883294,3.651121200004127,0.5150090999959502,3.6517108000116414,0.6123503999842796,3.2099997042678297e-05,0.0009515999990981
76,17,0.0005297000025166,0.0941571000003023,4.1625503999966895,0.5230509000102757,4.163080099999206,0.617208000010578,3.160000778734684e-05,0.0009388000034959
76,18,0.0005332000000635,0.0952846000000136,3.504309199997806,0.7047232000040822,3.504842399997869,0.8000078000040958,3.2500000088475645e-05,0.0009286999993491
76,19,0.0005238000012468,0.0936427999986335,3.816596900011064,0.6325456999911694,3.8171207000123104,0.726188499989803,3.369999467395246e-05,0.0009480000007897
76,20,0.0005846999993082,0.10141200000362,3.939664000004996,0.4996557999984361,3.940248700004304,0.6010678000020562,3.239999932702631e-05,0.0009589999972376
76,21,0.0005823999963467,0.0911996999930124,4.178946600004565,0.593590900010895,4.179529000000912,0.6847906000039075,3.130000550299883e-05,0.0009348000021418
76,22,0.0005241999897407,0.0944763000006787,3.769170400002622,0.6172082999983104,3.769694599992363,0.7116845999989891,3.229999856557697e-05,0.0009583000064594
76,23,0.0005214999982854,0.092166400005226,4.120624399991357,0.5884393000014825,4.121145899989642,0.6806057000067085,3.40000115102157e-05,0.000958200005698
76,24,0.0005087000026833,0.0949106000043684,3.775032999998075,0.3577797000034479,3.7755417000007583,0.4526903000078164,3.339999238960445e-05,0.0009433000086573
76,25,0.0005316000024322,0.0939660000003641,4.361793799995212,0.4446176000055857,4.362325399997644,0.5385836000059498,3.239999932702631e-05,0.0009487999923294
76,26,0.000520299989148,0.0949012000055518,3.766378700005589,0.7059509000100661,3.766898999994737,0.8008521000156179,5.210000381339341e-05,0.0012024000025121
76,27,0.0005379999929573,0.094337100003031,3.888262599997688,0.5508780000091065,3.888800599990645,0.6452151000121376,3.369999467395246e-05,0.0009512999968137
76,28,0.0005262999911792,0.0896642000006977,4.26772639999399,0.6275297000102,4.268252699985169,0.7171939000108978,3.440000000409782e-05,0.0009428000048501
76,29,0.0005235999997239,0.0944392999954288,3.757978399997228,0.3476460999954724,3.758501999996952,0.4420853999909013,3.9399994420818985e-05,0.0009397999965585
76,30,0.0005285999941406,0.0941027999942889,3.8740684000076726,0.617206900002202,3.874597000001813,0.711309699996491,3.3499993151053786e-05,0.000945199994021
76,31,0.0005197999998927,0.0927441999956499,3.9417126000043936,0.6795435000094585,3.9422324000042863,0.7722877000051085,3.2099997042678297e-05,0.0009848000045167
76,32,0.0005242000042926,0.0935138999921036,3.964280900006997,0.597403799998574,3.96480510001129,0.6909176999906776,3.229999856557697e-05,0.0009511999960523
76,33,0.0005259000026853,0.0919022999878507,3.7303484000003664,0.4880454000085592,3.730874300003052,0.5799476999964099,3.2100011594593525e-05,0.0009340999968117
76,34,0.0007912000000942,0.0925196999887703,3.682010499993339,0.4991354000085266,3.6828016999934334,0.5916550999972969,3.099998866673559e-05,0.0009258999925805
76,35,0.0005306999955791,0.0953403000021353,3.952321299992036,0.5086016999994172,3.9528519999876153,0.6039420000015525,3.239999932702631e-05,0.0009341999975731
76,36,0.0005359999922802,0.0958477999956812,3.911162999997032,0.629672600000049,3.911698999989312,0.7255203999957303,3.2500000088475645e-05,0.0009524999913992
76,37,0.0005333000008249,0.0951495000044815,3.824415399998543,0.4302970999997342,3.824948699999368,0.5254466000042157,3.260000084992498e-05,0.0009627999970689
76,38,0.0006341999978758,0.0972910999989835,4.249615799999447,0.4935553999966942,4.250249999997322,0.5908464999956777,3.1800009310245514e-05,0.000951800000621
76,39,0.000535300001502,0.0938143999956082,4.304537600008189,0.5883770999935223,4.305072900009691,0.6821914999891305,3.189999551977962e-05,0.0009604999941075
76,40,0.0005372000014176,0.0940714000025764,3.610671500005992,0.3758874000050127,3.61120870000741,0.4699588000075891,3.189999551977962e-05,0.0009448999917367
76,41,0.0005208000075072,0.0927136999962385,4.023882199995569,0.5544255999993766,4.024403000003076,0.6471392999956151,4.169999738223851e-05,0.001212499992107
76,42,0.0005247999943094,0.0935056999878725,3.8494913000031374,0.4272847000102047,3.850016099997447,0.5207903999980772,3.12999909510836e-05,0.0009515999990981
76,43,0.0005263000057311,0.0944537000032141,3.895739899991895,0.5990095000015572,3.896266199997626,0.6934632000047714,3.399999695830047e-05,0.0009548000089125
76,44,0.0005384999967645,0.0937356999929761,3.6923784999962654,0.4659749999991618,3.692916999993031,0.559710699992138,3.339999238960445e-05,0.0009526000067126
76,45,0.0005090000049676,0.093667799999821,3.774891900000512,0.4817888999969,3.7754009000054793,0.575456699996721,3.190001007169485e-05,0.0009425000025657
76,46,0.0006773999921279,0.0932284000009531,4.045173699996667,0.6162015000008978,4.045851099988795,0.7094299000018509,3.599999763537198e-05,0.0009401999996043
76,47,0.000527600001078,0.0942142000130843,3.5224625000118976,0.4468820000038249,3.522990100012976,0.5410962000169093,3.310000465717167e-05,0.0009514999983366
76,48,0.0005232999974396,0.0926067999971564,3.89515389999724,0.4509489999909419,3.89567719999468,0.5435557999880984,3.340000694151968e-05,0.0009458999993512
76,49,0.0005337000038707,0.0941982999938773,4.244315199990524,0.4975525000045309,4.244848899994395,0.5917507999984082,3.3199990866705775e-05,0.0009768999880179
76,50,0.0005219000013312,0.0919593000144232,3.6654974999983096,0.5549084999947809,3.666019399999641,0.6468678000092041,3.309999010525644e-05,0.0009480999869992
76,51,0.000528700009454,0.0942491999885533,3.713573699991685,0.5072376000025542,3.7141024000011376,0.6014867999911075,3.539999306667596e-05,0.0009476999985054
76,52,0.0005156999977771,0.0936625000031199,3.768643000003067,0.535895499997423,3.769158700000844,0.629558000000543,3.29999893438071e-05,0.000940800004173
76,53,0.000536399995326,0.0938410999951884,3.811141799989855,0.4422079000069061,3.811678199985181,0.5360490000020945,3.3899996196851134e-05,0.0009373000066261
76,54,0.0005371000006562,0.0924864999979035,3.685713400001987,0.3960669000080088,3.686250500002643,0.4885534000059124,3.160000778734684e-05,0.0011673999979393
76,55,0.000533099999302,0.094320999996853,3.9869617999938782,0.6445900999970036,3.98749489999318,0.7389110999938566,3.310000465717167e-05,0.0009639000054448
76,56,0.0006454999966081,0.0934661000064807,3.711677400002373,0.4756022000074154,3.712322899998981,0.5690683000138961,3.789999755099416e-05,0.0010020000045187
76,57,0.0005254999996395,0.0940205999941099,4.2885833000036655,0.4454369000013685,4.289108800003305,0.5394574999954784,3.629999991972e-05,0.0010144999978365
76,58,0.0005388999998103,0.0913636999903246,3.8384858000063113,0.545783699999447,3.839024700006121,0.6371473999897717,3.450000076554716e-05,0.0009672000014688
76,59,0.000640399986878,0.0936983999999938,4.331763099995442,0.4285218000004533,4.33240349998232,0.5222202000004472,3.239999932702631e-05,0.0009607999963918
76,60,0.0005253999988781,0.0944255000067642,3.895365300006233,0.5661658999888459,3.8958907000051113,0.6605913999956101,3.229999856557697e-05,0.0009446000040043
76,61,0.0005153000092832,0.0939036000054329,4.002975900002639,0.5316606999986107,4.003491200011922,0.6255643000040436,3.239999932702631e-05,0.0009442000009585
76,62,0.0005206999921938,0.0935207000002265,4.052754299991648,0.4095125999883748,4.0532749999838416,0.5030332999886014,3.199999628122896e-05,0.000969000000623
76,63,0.0005299000040395,0.0930372000002535,3.734532200003741,0.4014341000001877,3.735062100007781,0.4944713000004412,3.2500000088475645e-05,0.0009448999917367
76,64,0.0005168999923625,0.0894058999983826,3.687269900008687,0.564682600001106,3.6877868000010494,0.6540884999994887,3.4199998481199145e-05,0.0009564999927533
76,65,0.0004959999932907,0.093926299989107,4.092736299993703,0.4367079999938141,4.093232299986994,0.5306342999829212,3.239999932702631e-05,0.0012075999984517
76,66,0.0005082999996375,0.0965839999989839,4.199643900006777,0.5691081000113627,4.200152200006414,0.6656921000103466,3.309999010525644e-05,0.0009415999957127
76,67,0.0005097999965073,0.0909417999937431,3.818709400002263,0.5124409999989439,3.81921919999877,0.6033827999926871,3.1400006264448166e-05,0.0009715999913169
76,68,0.0005226000066613,0.0937692000006791,3.545385299992631,0.3757409999961965,3.545907899999293,0.4695101999968756,3.74000082956627e-05,0.0011662999895634
76,69,0.0005099999980302,0.0957825999939814,4.242434500003583,0.3252528000011807,4.242944500001613,0.4210353999951621,3.700000524986535e-05,0.0009477999992668
76,70,0.0005245999927865,0.0932232000050135,3.617170500001521,0.449310099997092,3.6176950999943074,0.5425333000021055,4.040000203531236e-05,0.0011553999938769
76,71,0.0005353999877115,0.0941866000066511,4.180210900012753,0.5147053999971831,4.1807463000004645,0.6088920000038343,3.270000161137432e-05,0.0010337000130675
76,72,0.0005125000025145,0.0939581999991787,3.8183633999869926,0.5051315000018803,3.818875899989507,0.5990897000010591,3.359999391250312e-05,0.0009263999963877
76,73,0.000532199992449,0.0943034999945666,4.210842800006503,0.4911333999916678,4.211374999998952,0.5854368999862345,3.1400006264448166e-05,0.0009400999988429
76,74,0.0005448000010801,0.0967425999988336,3.841515299995081,0.4009423999959836,3.8420600999961607,0.4976849999948172,3.1800009310245514e-05,0.0009468000062042
76,75,0.0005477999948197,0.0939828999980818,3.67409499999485,0.5806709000025876,3.6746427999896696,0.6746538000006694,3.330000618007034e-05,0.0009295999916503
76,76,0.0005227999936323,0.0938573000021278,3.870088299998315,0.5529499999975087,3.8706110999919474,0.6468072999996366,3.3499993151053786e-05,0.0009405999880982
76,77,0.0005243000050541,0.0942772999987937,3.8913647000008496,0.634498799990979,3.891889000005904,0.7287760999897728,3.300000389572233e-05,0.0009514999983366
76,78,0.0006263999966904,0.0919801999989431,3.637306700009504,0.5113668999983929,3.637933100006194,0.603347099997336,3.170000854879618e-05,0.0009542999905534
76,79,0.0005207000067457,0.0949263000075006,4.150473299989244,0.54085259999556,4.15099399999599,0.6357789000030607,3.1800009310245514e-05,0.00093549999292
76,80,0.0005393999890657,0.093882900007884,3.996886100008851,0.6638945000013337,3.9974254999979166,0.7577774000092177,3.310000465717167e-05,0.0009414000087417
76,81,0.000534199993126,0.0940382999979192,4.215347800010932,0.4071706999966409,4.215882000004058,0.5012089999945601,4.329999501351267e-05,0.0009491999953752
76,82,0.000556900005904,0.0915952999930596,3.736757699996815,0.713803899998311,3.737314600002719,0.8053991999913706,3.330000618007034e-05,0.0009524999913992
76,83,0.0005278000026009,0.089547900002799,4.0688598999986425,0.6083007999986876,4.069387700001244,0.6978487000014866,3.2500000088475645e-05,0.0009423000010428
76,84,0.0005231999966781,0.0916982999915489,3.6307429000007687,0.4767485999909695,3.631266099997447,0.5684468999825185,3.1499992473982275e-05,0.0009578000026522
76,85,0.0005247999943094,0.0916291999892564,4.018184200001997,0.4925628999917535,4.018708999996306,0.58419209998101,3.239999932702631e-05,0.0009307000000262
76,86,0.0005200000014156,0.0961740000057034,3.878514099997119,0.663931600007345,3.879034099998535,0.7601056000130484,3.359999391250312e-05,0.0009336999937659
76,87,0.0005300999910105,0.0932196000067051,4.342162600005395,0.4713753999967593,4.342692699996405,0.5645950000034645,3.310000465717167e-05,0.0009414000087417
76,88,0.0005220000020926,0.0965170999988913,3.626598500006368,0.4572195999935502,3.627120500008459,0.5537366999924416,3.260000084992498e-05,0.0009395000088261
76,89,0.0005197999998927,0.092057100002421,3.9633753999951296,0.5287912999920081,3.9638951999950223,0.6208483999944292,3.23000131174922e-05,0.0009475999977439
76,90,0.0005438999942271,0.0953210000006947,3.793678799993359,0.3614917999948375,3.7942226999875857,0.4568127999955322,3.2099997042678297e-05,0.0009930000087479
76,91,0.0005149999924469,0.0932726000028196,4.129836200008867,0.4941487999894889,4.130351200001314,0.5874213999923086,3.12999909510836e-05,0.0009447000047657
76,92,0.0005303999932948,0.0932840000023134,3.8421755000017583,0.4427185999957146,3.842705899995053,0.536002599998028,3.290000313427299e-05,0.0009413999941898
76,93,0.0005295000009937,0.0931968999939272,3.797470399993472,0.4211121999978786,3.7979998999944655,0.5143090999918059,3.359999391250312e-05,0.0009490999946137
76,94,0.0005168999923625,0.0970101999992039,3.788458000009996,0.539313300003414,3.78897490000236,0.636323500002618,3.2500000088475645e-05,0.0009472999954596
76,95,0.0005345000099623,0.091047099995194,3.916266000000178,0.4841347000037785,3.91680050001014,0.5751817999989726,3.340000694151968e-05,0.0009545000066282
76,96,0.000542600013432,0.0920983999967575,3.6821347000077367,0.5019896000012523,3.6826773000211688,0.5940879999980098,3.4199998481199145e-05,0.0009386000019731
76,97,0.0005246999935479,0.0967598999995971,3.8367992999992566,0.5399403000046732,3.8373239999928046,0.6367002000042703,3.330000618007034e-05,0.000953800001298
76,98,0.0005269999965094,0.0935243999992962,3.456344399994123,0.4398776000016369,3.456871399990632,0.5334020000009332,3.37999954354018e-05,0.0009508999937679
76,99,0.0005144000024301,0.0952167999930679,3.856321500003105,0.5742842000036035,3.8568359000055352,0.6695009999966715,3.57000099029392e-05,0.0012249000137671
76,100,0.0005127000040374,0.0939993000065442,4.001494600001024,0.5111875000002328,4.0020073000050616,0.605186800006777,3.159999323543161e-05,0.0009952999971574
82,1,0.000583999993978,0.1207164999941596,6.044784699988668,0.8107663999981014,6.045368699982646,0.9314828999922612,3.57000099029392e-05,0.0011277000012341
82,2,0.0005952999927103,0.1222419999976409,5.730904299998656,0.7820606000022963,5.731499599991366,0.9043025999999372,4.369999805931002e-05,0.0014074000064283
82,3,0.0006876999977976,0.1213296999922022,5.2519577000057325,0.6183352999942144,5.25264540000353,0.7396649999864167,3.500000457279384e-05,0.001139999993029
82,4,0.000586199996178,0.1316503999987617,5.415588399991975,0.7287024999968708,5.416174599988153,0.8603528999956325,3.479998849797994e-05,0.0011434999905759
82,5,0.0005922999989707,0.1210168000106932,4.818688499988639,0.5361202000058256,4.8192807999876095,0.6571370000165189,3.9999998989515007e-05,0.0013402000040514
82,6,0.0005862000107299,0.1226423999905819,5.124223700011498,0.8003739999985555,5.124809900022228,0.9230163999891374,3.920000744983554e-05,0.0012137000012444
82,7,0.0006373000069288,0.1254233000072417,5.470825500000501,0.688589099998353,5.47146280000743,0.8140124000055948,3.700000524986535e-05,0.0011361000069882
82,8,0.0005834000039612,0.1214180999959353,5.154668700008187,0.3860634000011487,5.155252100012149,0.507481499997084,4.270000499673188e-05,0.0014826999977231
82,9,0.0005904999998165,0.1237955999968107,4.638976200003526,0.5234517000062624,4.639566700003343,0.6472473000030732,3.460000152699649e-05,0.0014456999924732
82,10,0.000599000006332,0.1233942999970167,5.069256499991752,0.6752310000010766,5.069855499998084,0.7986252999980934,3.440000000409782e-05,0.0011292999988654
82,11,0.0005830000009154,0.1238351999927545,5.393355299995164,0.6167141999903833,5.39393829999608,0.7405493999831378,3.640000068116933e-05,0.0011244000052101
82,12,0.0005819000070914,0.1222458999982336,5.230622400005814,0.5469213999895146,5.231204300012905,0.6691672999877483,3.5200006095692515e-05,0.0011307999957352
82,13,0.0007678999972995,0.1242217999970307,5.879603699999279,0.6972250999970129,5.880371599996579,0.8214468999940436,3.5200006095692515e-05,0.0011368999985279
82,14,0.0006160000048112,0.1243820999952731,5.570200799993472,0.7355547000042861,5.570816799998283,0.8599367999995593,3.450000076554716e-05,0.0011348999978508
82,15,0.0005811000009998,0.1249143000022741,5.394048900008784,0.5872839000076056,5.394630000009784,0.7121982000098797,3.409999771974981e-05,0.0011392000014893
82,16,0.0005974999949103,0.1266409999952884,5.71615429999656,0.6222715000039898,5.716751799991471,0.7489124999992782,3.3899996196851134e-05,0.0011480999964987
82,17,0.0005998999986331,0.1250749000028008,5.667565800002194,0.6402038999949582,5.668165700000827,0.765278799997759,3.6600002204068005e-05,0.0011475999926915
82,18,0.0006016999977873,0.1231147999933455,5.247790900000837,0.6852464000112377,5.248392599998624,0.8083612000045832,3.429999924264848e-05,0.0011502999986987
82,19,0.0005956999957561,0.121862100000726,5.8896406999992905,0.7307045000052312,5.890236399995047,0.8525666000059573,3.409999771974981e-05,0.0011384999961592
82,20,0.0006357000092975,0.1216102000034879,5.185087400008342,0.6241995000018505,5.18572310001764,0.7458097000053385,5.989999044686556e-05,0.0012544999917736
82,21,0.0007260999991558,0.1271211999992374,4.984390700003132,0.9101444999978412,4.985116800002288,1.0372656999970786,3.530000685714185e-05,0.0011387999984435
82,22,0.0006106000073486,0.1223409999947762,5.631828400000813,0.9753328999941004,5.632439000008162,1.0976738999888769,3.499999002087861e-05,0.0011705999932019
82,23,0.0006103999912738,0.1217717999970773,5.408311300008791,0.6812474000034854,5.408921700000064,0.8030192000005627,3.599999763537198e-05,0.0011427999997977
82,24,0.0005975999956717,0.1231919999991077,5.935920699994313,0.5555308999901172,5.936518299989984,0.678722899989225,3.489998925942928e-05,0.0011312999995425
82,25,0.0005933000065851,0.1249526000028709,5.859067500001402,0.7652336000028299,5.859660800007987,0.8901862000057008,3.4199998481199145e-05,0.0011267999943811
82,26,0.0006047000060789,0.1217066999961389,5.611506500004907,0.5650896000006469,5.612111200010986,0.6867962999967858,3.5899996873922646e-05,0.001187599991681
82,27,0.0006010000070091,0.1224547000019811,5.108853800003999,0.6914060999988578,5.109454800011008,0.8138608000008389,3.580001066438854e-05,0.0011496000079205
82,28,0.0005933999927947,0.1200532999937422,5.449257999993279,0.6189011999958893,5.449851399986073,0.7389544999896316,3.370000922586769e-05,0.0011815000034403
82,29,0.0006043999892426,0.1232461000035982,5.363626200007275,0.5033868000027724,5.364230599996517,0.6266329000063706,3.880000440403819e-05,0.0011316000018268
82,30,0.000863000008394,0.1185878000105731,5.022500300008687,0.6737128000095254,5.023363300017081,0.7923006000200985,3.470000228844583e-05,0.0012015999964205
82,31,0.0006171999993966,0.1269737999973585,6.258251599996584,0.7344515000004321,6.25886879999598,0.8614252999977907,3.4900003811344504e-05,0.0011394999892218
82,32,0.0005841999955009,0.1229112000000896,4.896407499996712,0.9624506999971344,4.896991699992213,1.085361899997224,3.369999467395246e-05,0.0011652999965008
82,33,0.0005870999884791,0.1233074999909149,5.072805100004189,0.6976371999917319,5.073392199992668,0.8209446999826469,3.519999154377729e-05,0.0011412000021664
82,34,0.00060339999618,0.1226091999997152,5.522325500001898,0.7248126000049524,5.522928899998078,0.8474218000046676,3.409999771974981e-05,0.0011452000035205
82,35,0.0005919999966863,0.1226955000020098,5.356898500001989,0.6823715000064112,5.357490499998676,0.805067000008421,3.619999915827066e-05,0.001130299991928
82,36,0.0005929000035393,0.1253315999929327,5.138710900006117,0.6513701999938348,5.139303800009657,0.7767017999867676,4.040000203531236e-05,0.0013029999972786
82,37,0.0005910000036237,0.1235608999995747,5.491075500001898,0.6747642999980599,5.491666500005522,0.7983251999976346,3.979999746661633e-05,0.0012489999935496
82,38,0.0005878000083612,0.1257434999861288,5.898004300004686,0.5491158000077121,5.898592100013048,0.674859299993841,3.239999932702631e-05,0.00115189999633
82,39,0.00060559999838,0.1232976000028429,5.53656019999471,0.5189906000014162,5.53716579999309,0.6422882000042591,3.4199998481199145e-05,0.0011385999969206
82,40,0.0006085999921197,0.1245205999875906,5.551099799995427,0.5426798999978928,5.551708399987547,0.6672004999854835,3.450000076554716e-05,0.0011309999972581
82,41,0.0005937999958405,0.12412160000531,4.92781800001103,0.8917294999992009,4.92841180000687,1.015851100004511,3.270000161137432e-05,0.0011171999940415
82,42,0.0007318000134546,0.1274641000054543,5.7574783000018215,0.6988660999923013,5.758210100015276,0.8263301999977557,3.3500007702969015e-05,0.0011354000016581
82,43,0.0006915999983903,0.1223094999877503,5.053578099992592,0.6229550999996718,5.054269699990982,0.7452645999874221,3.540000761859119e-05,0.0011438000074122
82,44,0.0006088000081945,0.1192775999952573,5.591935000004014,0.7045292999973753,5.5925438000122085,0.8238068999926327,3.899999137502164e-05,0.0012767999869538
82,45,0.0005807999987155,0.1240222000051289,5.133977799996501,0.7113115999964066,5.134558599995216,0.8353338000015356,3.499999002087861e-05,0.0011413999891374
82,46,0.0007353000110015,0.1248581999971065,5.0116371999902185,0.7048339000029955,5.01237250000122,0.8296921000001021,3.510000533424318e-05,0.0011419000074965
82,47,0.0005985999887343,0.1233322000043699,5.570368699991377,0.660137400001986,5.570967299980111,0.7834696000063559,3.689998993650079e-05,0.0011546000023372
82,48,0.0006018000131007,0.1219703000097069,5.607549899999867,0.6145486999885179,5.608151700012968,0.7365189999982249,3.579999611247331e-05,0.0013272999931359
82,49,0.0006407000037143,0.1300367999938316,5.883217099995818,0.7125229999946896,5.883857799999532,0.8425597999885213,3.530000685714185e-05,0.001150799987954
82,50,0.0005848000000696,0.123606799999834,5.375126999992062,0.5641113000019686,5.375711799992132,0.6877181000018027,3.5500008380040526e-05,0.0015635000017937
82,51,0.0006379000114975,0.1215332000138005,5.444297900001402,0.8769960000063293,5.4449358000129,0.9985292000201298,3.5500008380040526e-05,0.001130100004957
82,52,0.0006011000077705,0.123718299990287,5.091507300006924,0.5182556999934604,5.092108400014695,0.6419739999837475,3.429999924264848e-05,0.0011330999986967
82,53,0.0007163999980548,0.1203114000090863,5.544442800004617,0.7914926999947056,5.545159200002672,0.911804100003792,3.57000099029392e-05,0.0014474000054178
82,54,0.0005681999900843,0.1228187999950023,5.360320299994783,0.7154165000101784,5.360888499984867,0.8382353000051808,3.029999788850546e-05,0.0011175000108778
82,55,0.0007428999961121,0.1228152000112459,4.97292089999246,0.4738498000078834,4.973663799988572,0.5966650000191294,3.5500008380040526e-05,0.0011404000106267
82,56,0.0007048999977996,0.123038899997482,4.932110699999612,0.5589113000023644,4.932815599997412,0.6819501999998465,3.199999628122896e-05,0.0011321999918436
82,57,0.0006035999977029,0.1223663999990094,5.253711999990628,0.8520779999962542,5.254315599988331,0.9744443999952636,5.7600002037361264e-05,0.0015746999997645
82,58,0.0005877999938093,0.1241739999968558,5.073366099997656,0.6413831999961985,5.073953899991466,0.7655571999930544,3.640000068116933e-05,0.0011372000008122
82,59,0.0006385000015143,0.1244841000006999,5.3020405999996,0.632035899994662,5.302679100001114,0.756519999995362,3.470000228844583e-05,0.0011520999978529
82,60,0.0005946000019321,0.1242238999984692,5.289139000000432,0.7102866000059294,5.289733600002364,0.8345105000043986,3.429999924264848e-05,0.0011555000091902
82,61,0.0005891000037081,0.1222841999988304,5.624223999999231,0.7458232000062708,5.624813100002939,0.8681074000051012,4.4200001866556704e-05,0.0012914000108139
82,62,0.0005930999905103,0.1242115999921225,5.263157599998522,0.7078579999943031,5.263750699989032,0.8320695999864256,3.5299992305226624e-05,0.0011355000024195
82,63,0.0005650000093737,0.1209417000063695,5.369105899997521,0.671157899996615,5.369670900006895,0.7920996000029845,3.5200006095692515e-05,0.0011348000116413
82,64,0.0006093000120017,0.1236260000005131,5.322217299995828,0.5458012000017334,5.322826600007829,0.6694272000022465,3.370000922586769e-05,0.0011181000008946
82,65,0.0006003000016789,0.1193713999964529,5.222213100001682,0.6848007000080543,5.222813400003361,0.8041721000045072,3.509999078232795e-05,0.0011374000023351
82,66,0.0005669999954989,0.1210835999954724,5.370774100010749,0.6367676999943797,5.371341100006248,0.7578512999898521,3.460000152699649e-05,0.0011386999976821
82,67,0.0005805999971926,0.1215226000058464,4.928252600002452,0.7309325000096578,4.928833199999644,0.8524551000155043,4.1000006604008377e-05,0.0013019000034546
82,68,0.0005798000056529,0.1213346000004094,4.931279399999767,0.7524905000027502,4.93185920000542,0.8738251000031596,3.369999467395246e-05,0.0015483000024687
82,69,0.0006450000073527,0.1244642999954521,5.130247000008239,0.7316354999929899,5.130892000015592,0.8560997999884421,3.460000152699649e-05,0.0011349999986123
82,70,0.0006027000054018,0.1195409999927505,5.563008900004206,0.6635721999919042,5.563611600009608,0.7831131999846548,3.510000533424318e-05,0.0011333000002196
82,71,0.0005880000098841,0.1234009000036167,5.420231900003273,0.6903649000014411,5.420819900013157,0.8137658000050578,3.300000389572233e-05,0.0011444999981904
82,72,0.0006009999924572,0.1251130000018747,4.854068700005882,0.7732851000037044,4.85466969999834,0.8983981000055792,3.370000922586769e-05,0.0011368999985279
82,73,0.0006146999949123,0.1233690000080969,5.851281900002505,0.6551487999968231,5.851896599997417,0.77851780000492,3.479998849797994e-05,0.0011248000082559
82,74,0.0005803999956697,0.1219416000094497,4.886073200003011,0.4682011999975657,4.886653599998681,0.5901428000070155,3.40000115102157e-05,0.0011470000026747
82,75,0.0006050999945728,0.1234710999997332,5.028900200006319,0.5369747000077041,5.029505300000892,0.6604458000074374,3.670000296551734e-05,0.001387500000419
82,76,0.000575400001253,0.1225454999948851,5.12362509999366,0.7342167000024347,5.124200499994913,0.8567621999973198,3.3899996196851134e-05,0.0012789999891538
82,77,0.0005788999987998,0.1225857000099495,5.734182800006238,0.5958653999987291,5.734761700005038,0.7184511000086786,3.509999078232795e-05,0.0011438999936217
82,78,0.0006186999962665,0.1217313000088324,4.804429900003015,0.8708737999986624,4.805048599999282,0.9926051000074948,3.619999915827066e-05,0.0011446999997133
82,79,0.0005989000055706,0.1258404999971389,5.517270900003496,0.5900639000028605,5.517869800009066,0.7159043999999994,3.5299992305226624e-05,0.0011501000117277
82,80,0.0006064000044716,0.1203544000018155,5.5860878999956185,0.6979661999939708,5.58669430000009,0.8183205999957863,3.500000457279384e-05,0.0011397000052966
82,81,0.0005967999895801,0.1194958999985829,5.354107399994973,0.6687180000008084,5.354704199984553,0.7882138999993913,3.450000076554716e-05,0.0011261000036029
82,82,0.000601399995503,0.1216111999965505,5.663906000001589,0.7754439000127604,5.664507399997092,0.897055100009311,3.530000685714185e-05,0.0011307000095257
82,83,0.000593500008108,0.1241758999967714,5.455129399997531,0.5864207000122406,5.45572290000564,0.710596600009012,3.360000846441835e-05,0.0011363999947207
82,84,0.0005832000024383,0.1219189999974332,4.634874800001853,0.7206015999981901,4.635458000004292,0.8425205999956233,3.739999374374747e-05,0.0013744000025326
82,85,0.0005944000004092,0.1275078000035137,5.374964800008456,0.9369945999933408,5.3755592000088654,1.0645023999968544,3.300000389572233e-05,0.0011424999975133
82,86,0.0007476000027963,0.1258804999961285,5.264230600005249,0.6662817000033101,5.264978200008045,0.7921621999994386,3.3500007702969015e-05,0.0011410000006435
82,87,0.0007535000040661,0.1250549999967916,5.241440700003295,0.6878285999991931,5.242194200007361,0.8128835999959847,3.2500000088475645e-05,0.0011280000035185
82,88,0.0005949000042164,0.1250124000071082,5.806863500009058,0.6038837000087369,5.8074584000132745,0.7288961000158451,3.290000313427299e-05,0.0011531999916769
82,89,0.000588399998378,0.1214168000005884,5.662141900000279,0.785579699993832,5.662730299998657,0.9069964999944204,3.530000685714185e-05,0.0011335000017425
82,90,0.0005850000015925,0.1232365000032587,5.168005200001062,0.5609232999995584,5.168590200002655,0.6841598000028171,3.4900003811344504e-05,0.0011467000003904
82,91,0.0007413999992422,0.1237843999988399,5.423399599996628,0.601045499992324,5.424140999995871,0.724829899991164,3.500000457279384e-05,0.0014368000120157
82,92,0.0007067999977152,0.1315258999966317,4.94494560000021,0.8381461999961175,4.945652399997925,0.9696720999927492,3.470000228844583e-05,0.0014503999991575
82,93,0.0005988000048091,0.1214659999968716,5.4274912999972,0.8332860999944387,5.428090100002009,0.9547520999913104,3.429999924264848e-05,0.0011400000075809
82,94,0.0006799999973736,0.123980999997002,5.649682800009032,0.6874460999970324,5.6503628000064055,0.8114270999940345,3.4599986975081265e-05,0.0013697000104002
82,95,0.0005941999988863,0.12374959999579,5.030354100003024,1.015870800008997,5.03094830000191,1.1396204000047874,3.4199998481199145e-05,0.0013949999993201
82,96,0.0006166000093799,0.1253472999960649,4.61969790000876,0.9039621999982046,4.620314500018139,1.0293094999942696,3.4199998481199145e-05,0.0011493000056361
82,97,0.0005803999956697,0.1257693000079598,6.058168300005491,0.7211459999962244,6.058748700001161,0.8469153000041842,3.470000228844583e-05,0.0011429999867687
82,98,0.0005872000037925,0.1222399999969638,5.778268699999899,0.5980292000022018,5.778855900003691,0.7202691999991657,3.37999954354018e-05,0.0011487000010674
82,99,0.0005906000005779,0.1322481999959563,5.843739199990523,0.6084932000085246,5.844329799991101,0.740741400004481,3.46999877365306e-05,0.0011326999956509
82,100,0.0005957999965175,0.123008700000355,5.683933399996022,0.6588960000080988,5.684529199992539,0.7819047000084538,3.360000846441835e-05,0.001118399988627
88,1,0.0006674999895039,0.1500624000036623,7.200470899988432,1.1212347999971826,7.201138399977936,1.271297200000845,4.360001184977591e-05,0.0014249000087147
88,2,0.0006625000096391,0.1509222000022418,6.953435999996145,0.8141379000007873,6.954098500005784,0.9650601000030292,3.599999763537198e-05,0.0013458000030368
88,3,0.0006678999925497,0.1516509000066435,7.3622011999977985,0.8048309000005247,7.362869099990348,0.9564818000071682,3.480000304989517e-05,0.0013489999982994
88,4,0.0006835000094724,0.1536055000033229,7.224891699996078,1.0538682999904267,7.225575200005551,1.2074737999937497,3.700000524986535e-05,0.0013509999989764
88,5,0.0006636000034632,0.1478187999891815,7.3486593999987235,0.9579265000065788,7.349323000002187,1.1057452999957604,3.509999078232795e-05,0.0013633000053232
88,6,0.0006591000128537,0.1515257999999448,5.830873600003542,0.7003827000007732,5.831532700016396,0.851908500000718,3.6600002204068005e-05,0.0013390999956754
88,7,0.0006584000075235,0.1515401000069687,7.029389400006039,0.6283914999949047,7.030047800013563,0.7799316000018734,3.9399994420818985e-05,0.0016583999968133
88,8,0.0006729000015184,0.1530014000018127,7.788537100001122,0.9749812000081874,7.78921000000264,1.1279826000100002,4.67000063508749e-05,0.0018079000001307
88,9,0.0006599000043934,0.1554430999967735,7.31969950000348,0.9487931999901776,7.320359400007874,1.104236299986951,3.5600009141489863e-05,0.001345399999991
88,10,0.0006462000019382,0.1513976999995065,7.411121700002695,0.8676120000018273,7.411767900004634,1.0190097000013338,3.650000144261867e-05,0.0014020000089658
88,11,0.0006607999966945,0.1521226999902865,6.307446799997706,0.7455327999923611,6.3081075999944005,0.8976554999826476,3.260000084992498e-05,0.0013543999957619
88,12,0.0006507999933091,0.148388600006001,7.829932799999369,0.7447800999943865,7.8305835999926785,0.8931687000003876,3.540000761859119e-05,0.0013557999918702
88,13,0.0008234999986598,0.1519671999994898,6.916647299993201,0.9966540999885184,6.917470799991861,1.148621299988008,3.530000685714185e-05,0.0015511999954469
88,14,0.0006583000067621,0.1542874000006122,6.986233099989477,1.3669026999996277,6.986891399996239,1.52119010000024,3.579999611247331e-05,0.0013783000031253
88,15,0.0006738000083714,0.1551428000093437,7.437126400007401,0.9567381999950156,7.437800200015772,1.1118810000043595,3.680000372696668e-05,0.0013697000104002
88,16,0.0006679999933112,0.1491206999926362,7.030811799995718,0.9606958999938796,7.031479799989029,1.109816599986516,4.130000888835639e-05,0.0015207000105874
88,17,0.0006731000030413,0.149693200000911,6.530777699997998,0.8384210999938659,6.531450800001039,0.988114299994777,3.569999535102397e-05,0.0015471000078832
88,18,0.0006913000106578,0.1507716000051004,8.46076919999905,0.8068436000030488,8.461460500009707,0.9576152000081491,3.710000601131469e-05,0.0013582999963546
88,19,0.0006862000009277,0.1507980000023963,7.604810499993619,1.0014601000002583,7.605496699994546,1.1522581000026548,3.71999922208488e-05,0.0013448000099742
88,20,0.0006954999989829,0.1504737999930512,7.389645600007498,0.8228675999998813,7.390341100006481,0.9733413999929326,3.7299992982298136e-05,0.0013545000110752
88,21,0.0006515999994007,0.1512158999976236,6.41305810000631,0.715760400009458,6.413709700005711,0.8669763000070816,3.780001134146005e-05,0.0013763000024482
88,22,0.0006559000030392,0.151696399989305,6.598375600005966,0.7672868999943603,6.599031500009005,0.9189832999836652,3.659998765215278e-05,0.0013589000009233
88,23,0.0006871999939903,0.1485695000010309,6.744129600003362,0.8957932000048459,6.744816799997352,1.0443627000058768,3.579999611247331e-05,0.001342100003967
88,24,0.0006882000016048,0.1502397000003839,7.062117299996316,0.9020657000073696,7.062805499997921,1.0523054000077536,3.680000372696668e-05,0.0013611000031232
88,25,0.0006671000010101,0.1461030999926151,7.300841499993112,0.748400299999048,7.301508599994122,0.8945033999916632,3.5600009141489863e-05,0.0013561000087065
88,26,0.0006739999953424,0.1474951999989571,6.39056710001023,0.8346484000066994,6.391241100005573,0.9821436000056564,3.74000082956627e-05,0.0017177999980049
88,27,0.0006641999934799,0.1555132000066805,7.405003599997144,0.7926232000027085,7.405667799990624,0.948136400009389,3.579999611247331e-05,0.0013461000053212
88,28,0.0006807000027038,0.1508748999913223,7.055354900003295,0.9624257999967084,7.056035600005998,1.1133006999880308,3.619999915827066e-05,0.0013442000054055
88,29,0.0006833999941591,0.1506701000034809,7.086378200008767,0.9887670000025536,7.087061600002926,1.1394371000060346,3.74000082956627e-05,0.0013284000015119
88,30,0.0006708000000799,0.1527904999966267,7.115454300001147,0.65323549999448,7.116125100001227,0.8060259999911068,3.40000115102157e-05,0.0013467000098899
88,31,0.0006842000002507,0.1498205999960191,7.832613400008995,1.0191821000044,7.833297600009246,1.1690027000004193,3.5599994589574635e-05,0.0013655999937327
88,32,0.0008061000116867,0.1534872000047471,7.234535299998242,0.7521810000034748,7.235341400009929,0.905668200008222,3.46999877365306e-05,0.0013521000073524
88,33,0.0006694000039715,0.1483785000018542,7.585112900007516,0.9225991999992402,7.585782300011488,1.0709777000010945,3.480000304989517e-05,0.001370300000417
88,34,0.0006672000017715,0.1521770999970613,7.008622999986983,0.90952629999083,7.0092901999887545,1.061703399987891,3.600001218728721e-05,0.0013496000028681
88,35,0.0006503000040538,0.1474502999917604,7.102476500003832,0.935932699998375,7.103126800007885,1.0833829999901354,3.749999450519681e-05,0.0013748000055784
88,36,0.0006508999940706,0.1530765000061364,7.269187400001101,1.0142234999948414,7.269838299995172,1.167300000000978,4.359999729786068e-05,0.0013493000005837
88,37,0.0006717000069329,0.1481771999970078,7.063149299996439,1.0185238999983994,7.063821000003372,1.1667010999954073,4.169999738223851e-05,0.0017256999999517
88,38,0.00066930000321,0.1533230999921215,6.907810000004247,0.9886469000048236,6.908479300007457,1.1419699999969453,3.739999374374747e-05,0.0013193000049795
88,39,0.0006753999914508,0.1490942999953404,7.341405300001497,1.0967499999969732,7.342080699992948,1.2458442999923136,3.670000296551734e-05,0.0013497000036295
88,40,0.0006617000035475,0.1547341000114102,7.35806899999443,0.7031429000053322,7.358730699997977,0.8578770000167424,3.6600002204068005e-05,0.0013490999990608
88,41,0.000644599989755,0.1498757999943336,7.756639999992331,0.8235232000006363,7.757284599982086,0.97339899999497,3.640000068116933e-05,0.0013647000014316
88,42,0.000659600002109,0.1519448000035481,7.420898199998192,0.9166699999914272,7.421557800000301,1.068614799994975,3.640000068116933e-05,0.0013534999889088
88,43,0.0006605000089621,0.1516154000128153,7.155379300005734,0.828165099999751,7.156039800014696,0.9797805000125664,3.619999915827066e-05,0.0013505000097211
88,44,0.0006684999971184,0.1542875000013737,7.159661599987885,0.8663382999948226,7.160330099985004,1.0206257999961963,3.609999839682132e-05,0.0013419000024441
88,45,0.0006257000059122,0.1527381000050809,6.837406699996791,0.6748463999974774,6.838032400002703,0.8275845000025583,3.57000099029392e-05,0.0013489999982994
88,46,0.0007514999888371,0.1527886999974725,7.05109850000008,0.7543257999932393,7.051849999988917,0.907114499990712,3.599999763537198e-05,0.0013311000075191
88,47,0.0006706999993184,0.1474409999937052,6.958003599997028,0.7202716000028886,6.958674299996346,0.8677125999965938,3.450000076554716e-05,0.0013556999911088
88,48,0.0006862000009277,0.1506033999903593,7.340270100001362,0.8315358999971068,7.34095630000229,0.982139299987466,3.5599994589574635e-05,0.0013413999986369
88,49,0.0006756999937351,0.1512313999992329,7.183255900003132,0.8576762999873608,7.183931599996868,1.0089076999865938,3.609999839682132e-05,0.0013774999970337
88,50,0.0006697000062558,0.1528852999908849,7.149267000000691,1.03961100000015,7.149936700006947,1.192496299991035,3.5500008380040526e-05,0.0013497000036295
88,51,0.000683599995682,0.1487463999947067,7.334673000004841,0.8330461000005016,7.335356600000523,0.9817924999952083,3.739999374374747e-05,0.001347600002191
88,52,0.0006653000018559,0.1517441999894799,6.509301099998993,0.9592484000022524,6.509966400000849,1.1109925999917325,3.6699988413602114e-05,0.0013628999877255
88,53,0.0006681999948341,0.1491265000076964,6.553148300008616,0.8235566000075778,6.55381650000345,0.9726831000152742,3.710000601131469e-05,0.0013238999963505
88,54,0.0007449999975506,0.1551685000013094,7.267122100005508,0.904477499992936,7.267867100003059,1.0596459999942454,3.679998917505145e-05,0.001358200010145
88,55,0.0006838999979663,0.1537417999934405,6.962009099996067,0.9312132999912136,6.962692999994033,1.0849550999846542,3.7999998312443495e-05,0.0014959999971324
88,56,0.000661800004309,0.1576464999961899,7.615713499995763,0.8632945999997901,7.616375300000072,1.02094109999598,3.9699996705167e-05,0.0014318000030471
88,57,0.0006566999945789,0.1500283999921521,6.867591799993534,0.9607030000042868,6.868248499988113,1.110731399996439,3.460000152699649e-05,0.0013882000057492
88,58,0.0006690000009257,0.1517429000086849,6.839562900000601,0.8267089000000851,6.840231900001527,0.97845180000877,3.650000144261867e-05,0.0016774000105215
88,59,0.0007744000031379,0.1542725000035716,6.834075899998425,0.8480387000017799,6.834850300001563,1.0023112000053516,3.460000152699649e-05,0.0017150000057881
88,60,0.0008067999879131,0.1502474000008078,6.156268300008378,0.8032956999959424,6.157075099996291,0.9535430999967502,3.539999306667596e-05,0.0013485999952536
88,61,0.000685599996359,0.1517240000102901,6.391613900006632,1.0785603999975135,6.392299500002991,1.230284400007804,3.510000533424318e-05,0.0013416000001598
88,62,0.0006809999904362,0.1466337000019848,6.723897300005774,0.8278430000063963,6.72457829999621,0.9744767000083812,3.519999154377729e-05,0.0013516999897547
88,63,0.0006796999950893,0.1464436999958707,7.521481299991137,0.955419299993082,7.522160999986227,1.1018629999889529,3.479998849797994e-05,0.0013658999960171
88,64,0.0006389999907696,0.1508539000060409,7.598581800004467,0.915709799999604,7.599220799995237,1.066563700005645,3.619999915827066e-05,0.001345399999991
88,65,0.0006644999957643,0.149849900000845,7.203883800000767,0.9569538999930955,7.204548299996532,1.1068037999939406,3.54999938281253e-05,0.0013325000036275
88,66,0.0007251999923028,0.1528952000080607,7.073689900003956,0.9845816000015476,7.0744150999962585,1.1374768000096085,3.770001058001071e-05,0.0013505999959306
88,67,0.0006636000034632,0.1485797000059392,6.90108510000573,0.8776664000033634,6.901748700009193,1.0262461000093026,3.759999526664615e-05,0.001352899998892
88,68,0.0006789000035496,0.1533925999974599,6.9720365999965,0.5968396000098437,6.972715500000049,0.7502322000073036,3.369999467395246e-05,0.0013517000043066
88,69,0.000677199990605,0.1495500000019092,6.737519000002067,0.9334043999988352,6.738196199992672,1.0829544000007445,3.4900003811344504e-05,0.0013397000002441
88,70,0.0007719999994151,0.1520672000042395,7.384206600007019,0.8182792000006884,7.384978600006434,0.970346400004928,3.509999078232795e-05,0.001363700008369
88,71,0.0006592999998247,0.1502444000070681,7.301523100002669,0.6416641999967396,7.302182400002493,0.7919086000038078,3.460000152699649e-05,0.0013406999933067
88,72,0.0006575000006705,0.1535330000042449,6.801488099998096,0.8725464000017382,6.802145599998767,1.0260794000059832,3.5899996873922646e-05,0.0013354999973671
88,73,0.0006539000023622,0.1482138999999733,6.903954599998542,0.809987300002831,6.904608500000904,0.9582012000028044,3.440000000409782e-05,0.0013743000017711
88,74,0.00082200000179,0.150351899996167,6.47760460000427,0.8169846999953734,6.47842660000606,0.9673365999915404,3.5600009141489863e-05,0.0013294999953359
88,75,0.0006561000045621,0.153943999990588,7.137905099996715,1.0297441000002436,7.138561200001277,1.1836880999908317,3.779999678954482e-05,0.0013592000032076
88,76,0.0006809999904362,0.1507519000006141,7.592380300004152,0.9108891999931076,7.593061299994588,1.0616410999937216,4.299999272916466e-05,0.0013922999933129
88,77,0.0006666999979643,0.1529124000080628,7.336021300012362,0.8887531000073068,7.3366880000103265,1.0416655000153696,3.979999746661633e-05,0.0013545000110752
88,78,0.0006579000037163,0.1500442000105977,7.230311000006623,0.9888948000007076,7.230968900010339,1.138939000011305,4.069998976774514e-05,0.0015310000017052
88,79,0.0008091000054264,0.1501462999876821,6.591358500008937,0.565318599998136,6.592167600014363,0.7154648999858182,3.5599994589574635e-05,0.0013487000105669
88,80,0.0006578999891644,0.1533682000008411,6.762207399995532,0.9373707999911858,6.762865299984696,1.090738999992027,3.640000068116933e-05,0.0013483000075211
88,81,0.000661800004309,0.1527509999868925,7.196054600004572,0.763399000003119,7.1967164000088815,0.9161499999900116,3.519999154377729e-05,0.0013661000120919
88,82,0.000687600011588,0.1506277000007685,6.956867100001546,0.6268061000009766,6.957554700013134,0.7774338000017451,3.599999763537198e-05,0.0013381999888224
88,83,0.0006677999917883,0.1504351000039605,6.757216499987408,0.590071300001,6.757884299979196,0.7405064000049606,3.37999954354018e-05,0.0015864000015426
88,84,0.0006697000062558,0.1515593000076478,7.170515200006776,0.8603545999940252,7.171184900013031,1.011913900001673,3.629999991972e-05,0.0013558000064222
88,85,0.0006919000006746,0.1493902999936835,7.8944647000025725,0.8462244000111241,7.895156600003247,0.9956147000048076,3.4900003811344504e-05,0.00166779999563
88,86,0.0006557000015163,0.1519954999967012,6.95630030000757,0.85308420000365,6.956956000009086,1.0050797000003513,3.569999535102397e-05,0.001352899998892
88,87,0.000665100000333,0.15275510000356,7.083661700002267,0.8935769999952754,7.0843268000026,1.0463320999988357,3.540000761859119e-05,0.0013399999879766
88,88,0.0006518000009236,0.1559315999911632,7.301970600005006,1.1027672000054736,7.30262240000593,1.2586987999966368,3.7299992982298136e-05,0.0015678000054322
88,89,0.0006843000010121,0.1536035999888554,8.141642200003844,0.8062064000114333,8.142326500004856,0.9598100000002888,3.579999611247331e-05,0.001648399993428
88,90,0.0007354999979725,0.15086359999259,6.818241899993154,0.6308451000077184,6.818977399991127,0.7817087000003085,3.460000152699649e-05,0.0013537000049836
88,91,0.0006810000049881,0.1510864000010769,6.738905600010185,0.9986703999893508,6.739586600015173,1.1497567999904277,3.610001294873655e-05,0.0013637999945785
88,92,0.0006680000078631,0.1472477000061189,7.091127899999265,0.5108998999930918,7.091795900007128,0.6581475999992108,3.4900003811344504e-05,0.0013593000039691
88,93,0.0006781999982194,0.1512106000009225,6.703774499997962,0.7849050999939209,6.704452699996182,0.9361156999948436,3.500000457279384e-05,0.0013401000032899
88,94,0.0006649999995715,0.1484739000006811,7.146449899999425,0.8159026999928756,7.147114899998996,0.9643765999935568,3.499999002087861e-05,0.0013566999987233
88,95,0.0006734000053256,0.1497608999925432,7.055979499986279,0.8302421999978833,7.0566528999916045,0.9800030999904266,3.5200006095692515e-05,0.0013442000054055
88,96,0.0007838000019546,0.1497661000030348,7.804840200013132,0.912642600000254,7.8056240000150865,1.062408700003289,3.54999938281253e-05,0.0013495000021066
88,97,0.0006869000062579,0.1532940000033704,7.619103400007589,1.063365000009071,7.619790300013847,1.2166590000124415,3.840000135824084e-05,0.0014261999895097
88,98,0.0006722999969497,0.150471800006926,7.412359499998274,0.8378209999937098,7.413031799995224,0.988292800000636,3.539999306667596e-05,0.0013488999975379
88,99,0.0007878000033088,0.1576040999934775,7.527294300001813,0.8192720000079134,7.528082100005122,0.976876100001391,3.5899996873922646e-05,0.0013493000005837
88,100,0.0006530999962706,0.1492561000050045,6.376935699998285,0.5851186999934725,6.377588799994555,0.7343747999984771,3.3499993151053786e-05,0.0013666000013472
94,1,0.0006846000032965,0.1840078999957768,9.127248200005852,1.1757040999946184,9.127932800009148,1.3597119999903953,3.540000761859119e-05,0.0016639999957988
94,2,0.0007324999896809,0.1838942999893333,10.25037209999573,0.8672222000022884,10.25110459998541,1.0511164999916218,3.730000753421336e-05,0.0016131000011228
94,3,0.0007649000035598,0.1813117999990936,8.734526000000187,1.085895200012601,8.735290900003747,1.2672070000116946,3.700000524986535e-05,0.0015734000044176
94,4,0.0007347999926423,0.1821802000049501,10.308479799990891,1.3417933999880916,10.309214599983534,1.5239735999930415,3.650000144261867e-05,0.0015820999979041
94,5,0.000762499999837,0.1854817000130424,9.386353499998222,1.0926389999949606,9.38711599999806,1.278120700008003,3.74000082956627e-05,0.0015933999966364
94,6,0.0007519999926444,0.1828222000040114,9.581758199987236,0.9139872999949148,9.58251019997988,1.0968094999989262,3.670000296551734e-05,0.0016238999960478
94,7,0.0007498999912058,0.1793163000111235,9.87355309999839,1.1823718000086956,9.874302999989595,1.361688100019819,3.830000059679151e-05,0.0016020000039134
94,8,0.0007366999925579,0.1851451999973505,9.73423110001022,1.1489567999960857,9.734967800002778,1.334101999993436,3.890000516548753e-05,0.001614699998754
94,9,0.000748399994336,0.1868944000016199,9.466291699995054,1.4355795000010405,9.46704009998939,1.6224739000026602,4.199999966658652e-05,0.0020457999926293
94,10,0.0007186000002548,0.182487600002787,8.965244200007874,1.2305105999985244,8.965962800008128,1.4129982000013117,3.579999611247331e-05,0.0015797999949427
94,11,0.0007490999996662,0.1892553999932715,9.033994900004473,0.9186010999983408,9.03474400000414,1.1078564999916125,3.480000304989517e-05,0.001586699989275
94,12,0.0007424999930663,0.1791458999941824,8.699838900007308,1.1022866999992402,8.700581400000374,1.2814325999934226,3.750000905711204e-05,0.0019415999995544
94,13,0.0009012999944388,0.1870465999963926,9.661005499991006,1.363964499993017,9.661906799985443,1.5510110999894096,3.6699988413602114e-05,0.0015886000037426
94,14,0.0007458999898517,0.1858648999914294,9.78150499999174,1.3133386999979848,9.782250899981593,1.4992035999894142,3.539999306667596e-05,0.0015947000065352
94,15,0.0008862999966368,0.1818919999932404,8.81722909999371,1.297573000003467,8.818115399990347,1.4794649999967078,3.489998925942928e-05,0.0015943000034894
94,16,0.0007428999961121,0.1850610000110464,9.88771499998984,1.1321618000074525,9.888457899985951,1.317222800018499,4.2400002712383866e-05,0.001589799998328
94,17,0.0007298000127775,0.1832039000000804,9.04722709998896,1.2498823000059929,9.047956900001736,1.4330862000060731,3.5599994589574635e-05,0.0015808000025572
94,18,0.000757199988584,0.1798334999912185,8.521092699986184,0.8819838999916101,8.521849899974768,1.0618173999828286,3.619999915827066e-05,0.001582100012456
94,19,0.0007279000128619,0.1899380000104429,9.553788899997016,0.8717548999993596,9.554516800009878,1.0616929000098023,3.680000372696668e-05,0.0015891000075498
94,20,0.0008379000064451,0.1820246999996015,9.58961769999587,1.1549916999938432,9.590455600002317,1.3370163999934448,3.730000753421336e-05,0.0016083999944385
94,21,0.0007417000015266,0.1805044000066118,9.413923400003114,1.205535699991742,9.41466510000464,1.386040099998354,3.5899996873922646e-05,0.0016116999904625
94,22,0.0007474000012734,0.1814128999976674,8.422440800000913,0.9125649000052364,8.423188200002187,1.0939778000029037,3.780001134146005e-05,0.0015939000004436
94,23,0.0008209999941755,0.181688500000746,9.21211749999202,0.8383922999928473,9.212938499986194,1.0200807999935932,3.580001066438854e-05,0.0015879999991739
94,24,0.0007393999985652,0.1789089999947464,8.078364500004682,1.134943100012606,8.079103900003247,1.3138521000073524,3.700000524986535e-05,0.0015980999887688
94,25,0.0007478999905288,0.1789679999928921,8.912280199991073,1.241474400012521,8.913028099981602,1.4204424000054132,3.8399986806325614e-05,0.0015904999891063
94,26,0.000782999995863,0.1845420000026933,9.762028199998896,1.0233692999900086,9.762811199994758,1.207911299992702,3.840000135824084e-05,0.0016074000013759
94,27,0.000747300000512,0.1839973999885842,8.189564600004815,0.9049685999925714,8.190311900005327,1.0889659999811556,4.130000888835639e-05,0.0021088999928906
94,28,0.000816500003566,0.194427899987204,9.586030000005849,1.0643001999997068,9.586846500009417,1.2587280999869108,5.289999535307288e-05,0.0018501000013202
94,29,0.0007320000004256,0.1854490999976406,9.578378899997915,1.327858099990408,9.57911089999834,1.5133071999880483,3.709999145939946e-05,0.0015903000021353
94,30,0.0007312000088859,0.18087490000471,9.769024099994567,0.941883899999084,9.769755300003451,1.122758800003794,3.540000761859119e-05,0.0016058000037446
94,31,0.0007330000080401,0.185656999994535,9.851104100001976,1.4261350999877322,9.851837100010016,1.6117920999822672,3.71999922208488e-05,0.0016220999968936
94,32,0.0007449999975506,0.1854796000116039,9.36757370000123,1.0790098999859763,9.36831869999878,1.2644894999975804,4.199999966658652e-05,0.0017805000097723
94,33,0.0007411999977193,0.1851850999955786,9.792717800009996,1.194166100001894,9.793459000007717,1.3793511999974726,3.599999763537198e-05,0.0016035000007832
94,34,0.0007308999920496,0.1834575000102631,10.173162999999477,0.916966400007368,10.173893899991526,1.1004239000176312,3.680000372696668e-05,0.0016005000070435
94,35,0.0007408000092254,0.1853515000111656,9.198967500007711,1.2485416999988956,9.199708300016937,1.4338932000100613,3.530000685714185e-05,0.0015937999996822
94,36,0.0007342000026255,0.1846969999896828,9.291502699998093,1.3245691999909468,9.292236900000717,1.5092661999806296,3.779999678954482e-05,0.0016214999923249
94,37,0.0007534999895142,0.1852520999964326,10.098332599998685,0.9249971000099322,10.0990860999882,1.1102492000063648,3.859998832922429e-05,0.0018431000062264
94,38,0.0007652999920537,0.1837051999900723,9.079956000001404,0.7395724000089103,9.080721299993456,0.9232775999989826,3.7999998312443495e-05,0.001592000000528
94,39,0.0007590000022901,0.1849378000042634,9.073055600005318,1.4197611000126926,9.073814600007609,1.604698900016956,4.230000195093453e-05,0.0015962000034051
94,40,0.0007342999888351,0.1828076000092551,9.34060280000267,0.893063900002744,9.341337099991506,1.0758715000119992,3.709999145939946e-05,0.0015991999971447
94,41,0.0007561999955214,0.1811520000046584,9.59877039999992,0.8240049999876646,9.599526599995444,1.005156999992323,3.710000601131469e-05,0.0016222999984165
94,42,0.0007230999908642,0.180335400000331,9.591309600000386,1.156503199992585,9.59203269999125,1.336838599992916,3.5500008380040526e-05,0.0015880999999353
94,43,0.0007409999961964,0.1881615000020247,8.817572600004496,0.9015443999960552,8.818313600000693,1.08970589999808,3.720000677276403e-05,0.0015843000001041
94,44,0.0007260999991558,0.1829498000006424,8.768189399997937,0.903243199994904,8.768915499997092,1.0861929999955464,3.499999002087861e-05,0.0015923000028124
94,45,0.0007545999978901,0.1851251999905798,9.713205499996548,1.2956573999981629,9.713960099994438,1.4807825999887427,3.629999991972e-05,0.0015972999972291
94,46,0.0007588000007672,0.1831877999939024,9.7842260000034,1.0546448999957647,9.784984800004167,1.2378326999896672,3.819999983534217e-05,0.0015888000052655
94,47,0.0008189999934984,0.1830870999983744,8.01642259999062,1.208237400001963,8.017241599984118,1.3913245000003371,3.640000068116933e-05,0.0016154999902937
94,48,0.0008202000026358,0.183358499998576,8.693374499998754,1.012910399993416,8.69419470000139,1.196268899991992,4.529999569058418e-05,0.0018023000011453
94,49,0.0008125000022118,0.186315699989791,9.647666599994407,1.1694117000006372,9.64847909999662,1.3557273999904282,3.880000440403819e-05,0.0016172000032383
94,50,0.0007522000087192,0.1861123999988194,8.907866300010937,1.077040300006047,8.908618500019656,1.2631527000048663,3.680000372696668e-05,0.001725099995383
94,51,0.0011143000010633,0.1855739999882644,8.690394999997807,1.4004297999927076,8.69150929999887,1.586003799980972,3.5900011425837874e-05,0.0016199999954551
94,52,0.0008739000040804,0.1813358000072185,9.106820200002405,1.1867619999975432,9.107694100006483,1.3680978000047617,3.6900004488416016e-05,0.001630800004932
94,53,0.0007540000078734,0.1816056999959983,9.94971169999917,1.408336100008455,9.950465700007044,1.5899418000044534,4.640000406652689e-05,0.0017958000098587
94,54,0.0007378999871434,0.1848936000023968,8.991225699995994,0.9130490999959876,8.991963599983137,1.0979426999983843,3.609999839682132e-05,0.0016040999908
94,55,0.0007160999957704,0.1864953000040259,9.693800199995168,0.9683201000007102,9.694516299990935,1.154815400004736,3.730000753421336e-05,0.0015863000007811
94,56,0.0007451000128639,0.1823759999970207,8.522923600001377,0.9735898999933852,8.523668700014241,1.155965899990406,3.679998917505145e-05,0.001595100009581
94,57,0.0007633999921381,0.1824930000002496,8.252006900002016,0.9100692000065465,8.252770299994154,1.092562200006796,3.7299992982298136e-05,0.001591099993675
94,58,0.0007490000134566,0.1828607999923406,8.964099299992085,1.1549468000011984,8.964848300005542,1.337807599993539,3.840000135824084e-05,0.0016322000010404
94,59,0.0007598999945912,0.1878629999991972,9.3017722999939,1.4765344000043117,9.302532199988493,1.6643974000035089,3.749999450519681e-05,0.001587799997651
94,60,0.0007652000058442,0.1861951000028057,9.5473878000048,1.0252271999925142,9.548153000010643,1.21142229999532,3.54999938281253e-05,0.0015878999984124
94,61,0.0009257000056095,0.1794188999920152,9.853475099997013,0.7157092999987071,9.854400800002622,0.8951281999907224,3.5599994589574635e-05,0.0015895999968051
94,62,0.0007736999978078,0.1811829999933252,9.244436999986648,1.284046800006763,9.245210699984456,1.4652298000000883,3.709999145939946e-05,0.0016046999953687
94,63,0.0007344000041484,0.182068000009167,9.813855899992632,0.9758197999908588,9.81459029999678,1.157887800000026,3.5600009141489863e-05,0.0016413000121247
94,64,0.0007205000001704,0.186171800000011,9.73165770000196,1.0715308000071673,9.732378200002133,1.2577026000071785,3.5600009141489863e-05,0.0016180000093299
94,65,0.0007496000034734,0.1813426999869989,9.738625799989675,1.106842699999106,9.73937539999315,1.288185399986105,3.930000821128488e-05,0.0019602999964263
94,66,0.0007481000066036,0.1856251999997766,8.817499800003134,1.028908300009789,8.818247900009737,1.2145335000095656,3.629999991972e-05,0.0015808000025572
94,67,0.0007595000060973,0.1828447000007145,8.091176800007815,1.0810387000092303,8.091936300013913,1.263883400009945,3.619999915827066e-05,0.0016089999990072
94,68,0.0007399999885819,0.1851476000010734,9.694657100000768,0.8610533000028227,9.69539709998935,1.046200900003896,3.539999306667596e-05,0.0015950000088196
94,69,0.0007368000078713,0.1833632000052603,9.054028200000175,0.9147727999952622,9.054765000008048,1.0981360000005225,3.770001058001071e-05,0.0016059000045061
94,70,0.0008713999995961,0.1825219000020297,10.70057749999978,1.041136600004393,10.701448899999376,1.2236585000064224,3.650000144261867e-05,0.001570399996126
94,71,0.0007332999957725,0.1851177999924402,10.496501000001444,1.036546099989209,10.497234299997215,1.2216638999816496,3.680000372696668e-05,0.0016862000047694
94,72,0.0007978000066941,0.1785912000050302,8.791753400000744,1.2199912000069162,8.792551200007438,1.3985824000119464,3.7600009818561375e-05,0.0016451999981654
94,73,0.0007498999912058,0.1818106999999145,8.712837600003695,0.9730456000106642,8.713587499994901,1.1548563000105787,3.689998993650079e-05,0.0016076000028988
94,74,0.0008128000044962,0.1920337000046856,9.094641399991817,1.0978906999953324,9.095454199996311,1.289924400000018,5.970000347588211e-05,0.0018930000078398
94,75,0.000753700005589,0.1843921999970916,9.923961000007694,0.9449693999922602,9.924714700013284,1.1293615999893518,3.700000524986535e-05,0.0015840000123716
94,76,0.0007368999940808,0.182702899997821,9.205629499992938,1.027389900002163,9.20636639998702,1.210092799999984,3.650000144261867e-05,0.0015998000017134
94,77,0.0007342000026255,0.1797751999984029,9.05264160000661,1.415790900005959,9.053375800009237,1.595566100004362,3.769999602809549e-05,0.0016052999999374
94,78,0.0007637999951839,0.1840968000033171,9.13882819999708,1.220607099996414,9.139591999992264,1.4047038999997312,3.759999526664615e-05,0.0016035000007832
94,79,0.0007508999988203,0.1858692999958293,8.349385199995595,1.1240483000001404,8.350136099994415,1.3099175999959698,5.740000051446259e-05,0.0018020999996224
94,80,0.0007400999893434,0.1859338000067509,10.49596030000248,0.7314807999937329,10.496700399991823,0.917414600000484,3.809999907389283e-05,0.0015708999999333
94,81,0.0007334999972954,0.1838834999944083,9.689646099999663,1.2449686000036309,9.69037959999696,1.4288520999980392,3.599999763537198e-05,0.0016120000072987
94,82,0.0008606999908806,0.187370200001169,9.576399099998524,0.9459512000030372,9.577259799989406,1.1333214000042062,3.759999526664615e-05,0.0016048999968916
94,83,0.0009352000051876,0.180067000008421,9.604035500000464,1.3284867000038505,9.604970700005651,1.5085537000122713,3.670000296551734e-05,0.0016093000012915
94,84,0.0008527000027243,0.1826268000004347,9.582017599997926,1.17680040000414,9.58287030000065,1.3594272000045748,3.629999991972e-05,0.0016173000039998
94,85,0.0007409999961964,0.1831264999927953,9.369779000000564,0.974036800005706,9.37051999999676,1.157163299998501,3.7600009818561375e-05,0.0015835000085644
94,86,0.00070190000406,0.1852741000038804,9.770516899996435,1.0324684999941385,9.771218800000495,1.2177425999980187,3.7600009818561375e-05,0.0015957999858073
94,87,0.0007407999946735,0.1858716999995522,9.137840600000343,1.064251099989633,9.13858139999502,1.2501227999891853,3.769999602809549e-05,0.0016062999929999
94,88,0.0007511999865528,0.1943948999978602,9.991134399999282,1.4421542000054617,9.991885599985835,1.6365491000033217,3.710000601131469e-05,0.0016031999984988
94,89,0.0007447999960277,0.1915337000100407,9.358099600009156,0.9570551999931922,9.358844400005182,1.148588900003233,3.540000761859119e-05,0.001585599995451
94,90,0.0007251999923028,0.188870300000417,9.483731800006352,1.1334728999936488,9.484456999998656,1.3223431999940658,4.859999171458185e-05,0.001944600007846
94,91,0.0007468000112567,0.1894829999946523,8.746125000005122,0.9580619000043952,8.746871800016379,1.1475448999990476,3.730000753421336e-05,0.0016029999969759
94,92,0.000769999998738,0.1879048999981023,9.733105400009665,1.0979946000006748,9.7338754000084,1.2858994999987772,3.830000059679151e-05,0.0015962000034051
94,93,0.0007470999989891,0.1813393000047654,8.579065800004173,1.382927300001029,8.579812900003162,1.5642666000057943,4.320000880397856e-05,0.0019233999919379
94,94,0.0009068000072147,0.1849285000062082,9.898445200000424,1.0602951000037135,9.89935200000764,1.245223600009922,3.680000372696668e-05,0.0015975999995134
94,95,0.0007496000034734,0.1814157999906456,8.630374700005632,1.297666800004663,8.631124300009105,1.4790825999953086,3.619999915827066e-05,0.0015903000021353
94,96,0.0007482999935746,0.1822663000057218,10.076951000010013,1.6923670999967726,10.077699300003587,1.8746334000024945,3.5900011425837874e-05,0.0016079999913927
94,97,0.0007398999878205,0.1912321999989217,9.675676900005785,0.9805766999925254,9.676416799993603,1.171808899991447,3.779999678954482e-05,0.0015921000012895
94,98,0.0007350000087171,0.1849758999887853,10.21125540000503,1.1415160999895306,10.211990400013748,1.326491999978316,3.929999365936965e-05,0.0016195999924093
94,99,0.0009248999995179,0.1907830999989528,10.898064799999702,0.9715500999882352,10.89898969999922,1.162333199987188,3.710000601131469e-05,0.0016121999942697
94,100,0.000755900007789,0.1824424999940674,9.099824799995986,0.6443665999977384,9.100580700003777,0.8268090999918059,3.569999535102397e-05,0.0015935999981593
100,1,0.0008223000040743,0.2178864000015892,13.00734850000299,1.6875532999983989,13.008170800007065,1.905439699999988,4.030000127386302e-05,0.0018385000003036
100,2,0.0008108999900287,0.2186247999925399,11.4183645999874,1.6518787999957567,11.419175499977428,1.8705035999882969,3.979999746661633e-05,0.0018702999950619
100,3,0.0008173999958671,0.2172106999933021,10.433253299997888,1.925046199990902,10.434070699993754,2.142256899984204,3.919999289792031e-05,0.0022284000006038
100,4,0.0008298000029753,0.2206555000011576,11.323921100003645,1.1985000999993645,11.32475090000662,1.419155600000522,3.88999906135723e-05,0.0018723999965004
100,5,0.0008412000024691,0.2198069000005489,11.133113799995044,1.5409949000022607,11.133954999997512,1.7608018000028096,3.989999822806567e-05,0.00184939999599
100,6,0.0008156000112649,0.2212068999942857,11.797879199992169,1.4312835000018822,11.798694800003432,1.652490399996168,3.779999678954482e-05,0.0018784999992931
100,7,0.0008134000090649,0.2227240999927744,12.968439000003857,1.1224979999969946,12.96925240001292,1.345222099989769,4.269999044481665e-05,0.0021743999968748
100,8,0.0008651000098325,0.2285700000065844,13.122787299987976,1.6606504000083078,13.123652399997807,1.889220400014892,5.329999839887023e-05,0.0020630999933928
100,9,0.0008264000061899,0.2198070000013103,12.088640600006327,1.5494661999982782,12.08946700001252,1.7692731999995883,3.88999906135723e-05,0.0018683999951463
100,10,0.0008341999928234,0.2239918999985093,11.393321300012758,1.0161828999989666,11.39415550000558,1.240174799997476,4.050000279676169e-05,0.001896099987789
100,11,0.0008266999939223,0.2250754999986384,12.391799699995316,1.4762958000064828,12.39262639998924,1.7013713000051212,3.8399986806325614e-05,0.0018545999919297
100,12,0.0008270000107586,0.218949900008738,12.660574900000938,1.49313400000392,12.661401900011697,1.712083900012658,3.859998832922429e-05,0.0018470999930286
100,13,0.0008065000001806,0.2229177999979583,12.704976900000474,1.296669400006067,12.705783400000657,1.5195872000040254,3.7999998312443495e-05,0.0018636000022524
100,14,0.0008372999873245,0.2220787999976892,12.654602199996589,1.1610805000091204,12.655439499983911,1.3831593000068096,3.91000066883862e-05,0.0018762999970931
100,15,0.0008183000027202,0.2181899999995948,10.980164399996283,1.3335407999984454,10.980982699999004,1.5517307999980403,3.819999983534217e-05,0.001885299992864
100,16,0.0007972000021254,0.2250061000086134,11.817448299989335,1.6130150999961188,11.818245499991464,1.838021200004732,3.870000364258885e-05,0.0018746999994618
100,17,0.0008357000042451,0.230140300001949,12.777169900000445,1.1655205999995817,12.77800560000469,1.3956609000015303,3.9699996705167e-05,0.0023551999911433
100,18,0.0008174999966286,0.2251781000086339,12.106085299994447,1.4406500999903074,12.106902799991076,1.6658281999989413,4.090000584255904e-05,0.0018624999938765
100,19,0.0008149000059347,0.2213507999986177,11.769012999997358,1.1849698999867542,11.769827900003293,1.406320699985372,3.71999922208488e-05,0.0018400999979348
100,20,0.0008516999951098,0.2184902000008151,11.454627300001448,1.2694081000081496,11.455478999996558,1.4878983000089647,3.880000440403819e-05,0.0018845000013243
100,21,0.000834999998915,0.2230724999972153,12.982159199993475,1.3738194000034127,12.98299419999239,1.596891900000628,3.840000135824084e-05,0.0018858999974327
100,22,0.0008301000052597,0.2168770999996923,12.263957700008175,1.0038920000079088,12.264787800013435,1.220769100007601,3.819999983534217e-05,0.0018853000074159
100,23,0.0008482999983243,0.2207925999973667,12.33970599999884,1.4380736000020988,12.340554299997166,1.6588661999994656,3.91000066883862e-05,0.001893900000141
100,24,0.000807899996289,0.2278997999965213,12.457761500001652,1.2756118999968749,12.45856939999794,1.5035116999933962,4.08000050811097e-05,0.0018953999970108
100,25,0.0008399000071221,0.2194459000020288,10.54289759999665,1.488743499998236,10.543737500003772,1.7081894000002649,3.850000211969018e-05,0.0018576000002212
100,26,0.0008312999998452,0.2177271999971708,11.376186599998618,1.8704112999985227,11.377017899998464,2.0881384999956936,3.860000288113952e-05,0.0018610999977681
100,27,0.0008460000099148,0.2217243000050075,13.158136199999715,1.0451987000124063,13.158982200009632,1.266923000017414,4.1100007365457714e-05,0.0018999000021722
100,28,0.0008244000055128,0.219936499997857,12.15744189999532,1.582967299997108,12.158266300000832,1.802903799994965,3.919999289792031e-05,0.0019903999927919
100,29,0.0008668999944347,0.2229423999961,10.73516290000407,1.3096530999901006,10.736029799998503,1.5325954999862006,3.950000973418355e-05,0.0018531999958213
100,30,0.0008492000051774,0.2147556999989319,12.57727270000032,1.8126386000076309,12.5781219000055,2.027394300006563,4.5199994929134846e-05,0.0018758000078378
100,31,0.0008385999972233,0.2210523999965516,10.72267020000436,1.550556099988171,10.723508800001582,1.7716084999847226,3.890000516548753e-05,0.001860399992438
100,32,0.0008458000083919,0.2187202999921282,12.000897999998417,1.4954633999877842,12.001743800006809,1.7141836999799125,3.880000440403819e-05,0.0018335999920964
100,33,0.000826399991638,0.2250436000031186,12.627548200005547,1.4622383999958402,12.628374599997189,1.6872819999989588,4.290000651963055e-05,0.0023524000134784
100,34,0.0008462999976472,0.2229466999997384,12.132841200000255,1.5483639000012772,12.133687499997905,1.7713106000010157,3.789999755099416e-05,0.0018852000066544
100,35,0.0008519999973941,0.2219725000031758,12.256306700001003,1.001894800006994,12.2571586999984,1.22386730001017,3.950000973418355e-05,0.0018504999898141
100,36,0.0008453000045847,0.2234051000123145,12.843837299995355,0.9882565000007162,12.844682599999942,1.2116616000130307,3.899999137502164e-05,0.0018793000053847
100,37,0.0008464999991701,0.2174890999885974,11.459844700002575,1.3338647000055062,11.460691200001747,1.5513537999941036,4.410000110510737e-05,0.0020058999944012
100,38,0.0008432999893557,0.2312612000096123,12.817619300010849,1.963260800010176,12.818462600000204,2.194522000019788,4.099999205209315e-05,0.0018682999943848
100,39,0.0008386999979848,0.2262409999966621,12.567609500008984,1.4680449000006774,12.56844820000697,1.6942858999973396,3.679998917505145e-05,0.0022737000108463
100,40,0.0008253999985754,0.216489400001592,12.08315199999197,1.2844652999920072,12.083977399990545,1.5009546999935992,4.329999501351267e-05,0.0018453999946359
100,41,0.000883699991391,0.2199163999903248,10.738723100002971,1.4465286000049673,10.739606799994364,1.6664449999952922,3.980001201853156e-05,0.0018497999990358
100,42,0.0008502999990014,0.2156124000030104,13.088479400001232,1.3486427000025287,13.089329700000237,1.5642551000055391,3.819999983534217e-05,0.0018549000087659
100,43,0.000794700012193,0.2187761999957729,12.239588500000536,1.237509400001727,12.24038320001273,1.4562855999975,3.739999374374747e-05,0.001862400007667
100,44,0.0007928000122774,0.2219767000060528,12.807036800004424,1.639342199996463,12.807829600016705,1.861318900002516,4.199999966658652e-05,0.0019380000012461
100,45,0.0008572999940952,0.2257331000000704,13.18988459999673,1.39026179999928,13.190741899990826,1.6159948999993503,3.809999907389283e-05,0.0019026999943889
100,46,0.0008276000007754,0.2183001999947009,11.768486200002371,1.4088367000076687,11.769313800003149,1.6271369000023697,3.789999755099416e-05,0.0019985999970231
100,47,0.0008245999924838,0.2220281000045361,12.79156630000216,1.4109813999966718,12.792390899994643,1.633009500001208,4.4800006435252726e-05,0.0018468000052962
100,48,0.0008333000005222,0.2226095000078203,12.27773950000119,1.6816634999995586,12.278572800001712,1.9042730000073789,3.769999602809549e-05,0.0018753000040305
100,49,0.0008472000045003,0.2173486999963643,12.256910700001754,1.1300850999978138,12.257757900006254,1.347433799994178,3.789999755099416e-05,0.0018452999938745
100,50,0.0008215999987442,0.2195073999901069,13.221301600002334,1.2475196000013966,13.22212320000108,1.4670269999915035,3.440000000409782e-05,0.0018484000029275
100,51,0.0008498999959556,0.2177449000009801,11.613406799995571,1.3904905000090366,11.614256699991529,1.6082354000100167,4.0399987483397126e-05,0.0018783999985316
100,52,0.0008405000116908,0.2209839999995893,11.294712200004142,1.69007879999117,11.295552700015833,1.9110627999907592,3.909999213647097e-05,0.0019048999965889
100,53,0.0007786999922245,0.2213334999978542,11.867772800003875,1.3361421000008704,11.8685514999961,1.5574755999987246,4.2400002712383866e-05,0.001897199996165
100,54,0.0010094000026583,0.2144486000033794,12.468334599994703,1.2698822999955155,12.469343999997363,1.484330899998895,3.7900012102909386e-05,0.0018662999937077
100,55,0.0008173999958671,0.2247877000045264,11.689609300010488,1.0263288999994984,11.690426700006356,1.2511166000040248,3.88999906135723e-05,0.0020955000072717
100,56,0.0008340999920619,0.2227166999946348,11.29795500000182,1.544009700010065,11.298789099993884,1.7667264000046998,4.569999873638153e-05,0.0018902999872807
100,57,0.0008507000020472,0.2190356999926734,12.000511999998707,1.631618699990213,12.001362700000756,1.8506543999828864,4.8699992476031184e-05,0.0021049000060884
100,58,0.0008226000063586,0.2175865000026533,13.227444099989953,1.7748060000012629,13.228266699996311,1.992392500003916,3.989999822806567e-05,0.0018922000017482
100,59,0.0008180000004358,0.2196052000072086,12.517403499994543,1.3927788000000874,12.51822149999498,1.612384000007296,3.859998832922429e-05,0.0018571999971754
100,60,0.0008278000022983,0.2333832000003894,12.01978400000371,1.3558837000018684,12.020611800006009,1.589266900002258,3.770001058001071e-05,0.001894999993965
100,61,0.0008243999909609,0.2220711999980267,12.57543219999934,1.4383465999999316,12.576256599990302,1.6604177999979584,3.890000516548753e-05,0.0019846000068355
100,62,0.0007977999921422,0.2195425999962026,11.688589199999114,0.973474399987026,11.689386999991257,1.1930169999832287,3.919999289792031e-05,0.0019203999981982
100,63,0.000828400006867,0.2224091999960364,13.13774459999695,1.393277399998624,13.138573000003817,1.6156865999946604,3.880000440403819e-05,0.0018715000041993
100,64,0.0008287000091513,0.2211776999902213,11.11470510000072,1.6634042000077898,11.115533800009873,1.884581899998011,3.979999746661633e-05,0.0018425000016577
100,65,0.0008063999994192,0.2187711000005947,12.910861600001226,1.4892054999945683,12.911668000000644,1.7079765999951633,3.789999755099416e-05,0.0021294000034686
100,66,0.0008033000049181,0.2255936000001384,11.936107800007449,1.484619799986831,11.936911100012368,1.7102133999869693,3.9999998989515007e-05,0.0018549000087659
100,67,0.0008310999983223,0.2187641999917104,12.788941200007685,1.9192675999947824,12.789772300006009,2.138031799986493,3.880000440403819e-05,0.0018566999933682
100,68,0.0008339000050909,0.2219201999978395,11.42848669999512,1.4633927999966545,11.42932060000021,1.685312999994494,3.870000364258885e-05,0.001867700004368
100,69,0.00081539999519,0.2199545000039506,11.85566970000218,1.393334299995331,11.856485099997371,1.6132887999992818,3.9699996705167e-05,0.0018637000030139
100,70,0.0008298000029753,0.2174654999980703,12.169485499995062,1.4006446999992477,12.170315299998038,1.618110199997318,3.929999365936965e-05,0.001892799991765
100,71,0.0008136999967973,0.2189524999994319,11.051746099998129,1.089511300000595,11.052559799994924,1.3084638000000268,3.710000601131469e-05,0.001888400001917
100,72,0.0008078000100795,0.2190081000007921,12.310160400011227,1.4365246999950614,12.310968200021309,1.6555327999958536,3.7999998312443495e-05,0.0018876999965868
100,73,0.0008223999902838,0.229007800007821,12.84805640000559,1.3090047000005145,12.848878799995871,1.5380125000083351,3.9699996705167e-05,0.0018893999949796
100,74,0.0008153000089805,0.2226052000041818,12.266057600005295,1.346664900003816,12.266872900014278,1.5692701000079978,3.670000296551734e-05,0.0018751000025076
100,75,0.0008320000051753,0.2233604999928502,11.83237829999416,1.5977931000088574,11.833210299999337,1.821153600001708,3.9999998989515007e-05,0.0018856000097002
106,1,0.0009082000033231,0.2621239000000059,14.957170699999551,1.7360027999966403,14.958078900002874,1.9981266999966465,4.489999264478684e-05,0.0021775999921374
106,2,0.0010212000051978,0.2618555999943055,14.770587100007106,2.0585714999906486,14.771608300012304,2.320427099984954,3.7999998312443495e-05,0.0021632999996654
106,3,0.0009136000007856,0.264745699998457,15.805710600005114,1.782214199993177,15.8066242000059,2.0469598999916343,3.9999998989515007e-05,0.0021498999994946
106,4,0.0011738000030163,0.2652398999925935,15.561798100010492,1.7354041999933545,15.562971900013508,2.000644099985948,3.930000821128488e-05,0.0021672000002581
106,5,0.0009120000031543,0.2645103999966522,15.796947000009824,1.7542732000001706,15.797859000012975,2.018783599996823,3.71999922208488e-05,0.0021555999992415
106,6,0.0009005999891087,0.2636222000000998,16.576963799991063,1.827691900005448,16.57786439998017,2.0913141000055475,3.88999906135723e-05,0.0022003999911248
106,7,0.0008949000039137,0.2599611000041477,15.859727300005034,1.9491298999928404,15.860622200008947,2.209090999996988,3.460000152699649e-05,0.0021518000139622
106,8,0.0008884999988367,0.2589885000052163,16.437996900000144,1.663506299999426,16.43888539999898,1.9224948000046425,3.7999998312443495e-05,0.0021434000082081
106,9,0.0009150999976554,0.2608510999998543,15.252171600004658,1.352515099992161,15.253086700002314,1.613366199992015,3.979999746661633e-05,0.0021611999982269
106,10,0.0009283999970648,0.2630638999980874,16.616019099994446,1.5819265000027372,16.61694749999151,1.8449904000008248,3.9699996705167e-05,0.0021617000020341
106,11,0.0009180000051856,0.2577433000114979,15.351735599993845,1.998737699992489,15.35265359999903,2.256481000003987,4.5599997974932194e-05,0.0030460999987553
106,12,0.0009002000006148,0.2738865999999689,15.991652799988517,1.6095915000041714,15.99255299998913,1.8834781000041405,3.919999289792031e-05,0.002154599991627
106,13,0.0009175000013783,0.266040200003772,15.602816200000234,1.681892799999332,15.603733700001612,1.947933000003104,3.949999518226832e-05,0.0021866999886697
106,14,0.0009163999930024,0.2671540000010282,15.2454035999981,2.1063969999959227,15.2463199999911,2.373550999996951,3.959999594371766e-05,0.0021548000077018
106,15,0.0009018999990075,0.2658935000072233,15.308857199997874,1.6906090999982553,15.309759099996882,1.9565026000054784,3.930000821128488e-05,0.0021600000036414
106,16,0.0011987000034423,0.2625364999985322,14.871631900008651,1.5723362999997337,14.872830600012094,1.8348727999982657,4.009999975096434e-05,0.0021740999945905
106,17,0.0009144999930867,0.260508800012758,16.26123329999973,1.5885599999892293,16.262147799992817,1.849068800001988,3.9999998989515007e-05,0.0021494999964488
106,18,0.0008807999984128,0.2625670999987051,15.518790499991155,1.4789041000040015,15.519671299989568,1.7414712000027066,4.1100007365457714e-05,0.0023952999908942
106,19,0.0009153999999398,0.2658993999939412,14.925692500008154,1.5126473999989685,14.926607900008094,1.7785467999929097,4.450000415090472e-05,0.0021844000002602
106,20,0.0009037999989232,0.262973700009752,15.907877200006624,1.7925901000126032,15.908781000005549,2.055563800022356,3.809999907389283e-05,0.0021906000038143
106,21,0.0009136999869951,0.260308899989468,16.501048699996318,1.4476142000057737,16.501962399983313,1.7079230999952415,3.769999602809549e-05,0.0021691000001737
106,22,0.0009180000051856,0.2599716999975499,15.6273341000051,1.647537700002431,15.628252100010286,1.9075093999999808,4.020000051241368e-05,0.0021629999973811
106,23,0.0009006000036606,0.2610510999948019,14.70354889999726,1.9446241999976337,14.70444950000092,2.205675299992436,4.020000051241368e-05,0.0021226999961072
106,24,0.0009751000034157,0.2613890000066021,13.860722899989923,1.73096689999511,13.86169799999334,1.992355900001712,4.009999975096434e-05,0.0021787000005133
106,25,0.0011436999920988,0.2691557000071043,15.492366500009666,1.38103959998989,15.493510200001763,1.6501952999969944,3.929999365936965e-05,0.0021617999882437
106,26,0.0009170999983325,0.2599827999947592,15.257097099995008,1.4429653999977743,15.25801419999334,1.7029481999925338,3.9399994420818985e-05,0.0021982000034768
106,27,0.0009671999869169,0.2616007000033278,15.59570689999964,1.389806099992711,15.596674099986558,1.651406799996039,4.1000006604008377e-05,0.0021757000067736
106,28,0.000906200002646,0.2594346000114456,15.13948050000181,1.7091834000020754,15.140386700004456,1.968618000013521,3.890000516548753e-05,0.0026885999977821
106,29,0.000905100008822,0.2626347000041278,16.257806000008713,1.3633948000060627,16.258711100017536,1.6260295000101903,3.979999746661633e-05,0.0021429000044008
106,30,0.0009122999908868,0.2596072000014828,14.551434399996651,1.7097560999973211,14.552346699987538,1.969363299998804,4.959999932907522e-05,0.0023036999918986
106,31,0.0008830000006128,0.2607242000085534,15.467547399995963,1.6005483000044478,15.468430399996578,1.8612725000130013,4.539999645203352e-05,0.0023172000073827
106,32,0.0009165000083157,0.2616284000105224,16.457174099996337,1.715928299992811,16.458090600004653,1.9775567000033327,4.020000051241368e-05,0.0021397000091383
106,33,0.0009242999949492,0.2580522000062046,15.598001100006512,1.719162299996242,15.598925400001464,1.9772145000024464,3.959999594371766e-05,0.002158799994504
106,34,0.0009140000038314,0.2568316999968374,17.090539299999364,1.4348935000016354,17.091453300003195,1.6917251999984728,4.389999958220869e-05,0.0022505999950226
106,35,0.0011914000060642,0.2668110000086017,16.27748980000615,1.959237300005043,16.278681200012215,2.2260483000136446,3.830000059679151e-05,0.0021617000020341
106,36,0.0009252000018022,0.2643156999984057,15.81187140000111,1.8800964999973075,15.812796600002912,2.1444121999957133,4.610000178217888e-05,0.0024868000036804
106,37,0.0009199000051012,0.2612950999900931,17.15581930000917,1.7244601999991571,17.15673920001427,1.9857552999892505,3.789999755099416e-05,0.0025134000024991
106,38,0.0009453000093344,0.2700427000090712,15.52172970000538,1.8941870999988168,15.522675000014717,2.164229800007888,4.159999662078917e-05,0.0021507999917957
106,39,0.0009428999910596,0.2682784000062383,14.61362889999873,2.1478724000044167,14.61457179998979,2.416150800010655,3.979999746661633e-05,0.002152200002456
106,40,0.0009007000044221,0.2639606000011554,14.92243919998873,1.7623729000042658,14.923339899993152,2.026333500005421,4.159999662078917e-05,0.0021433000074466
106,41,0.0009124000062001,0.2614717000105884,13.884822499996517,1.6224554999935208,13.885734900002715,1.8839272000041087,4.099999205209315e-05,0.0021416999952634
106,42,0.0009313000045949,0.2599645000009332,15.248922800004948,2.162546000006841,15.249854100009545,2.4225105000077747,4.199999966658652e-05,0.0021829999895999
106,43,0.0008645999914733,0.255668700003298,13.979046299995389,1.5222183000005316,13.979910899986862,1.7778870000038296,3.819999983534217e-05,0.0021886000031372
106,44,0.0009694000036688,0.2671191999979783,14.560047099992516,1.9485990999965,14.561016499996184,2.215718299994478,4.159999662078917e-05,0.0021665999956894
106,45,0.0009300999954575,0.2601128999958746,15.681267599997229,1.977313900002628,15.682197699992685,2.2374267999985022,3.9999998989515007e-05,0.0023318999883485
106,46,0.0008885000133886,0.2636720000009518,16.64767980000761,1.66473109999788,16.648568300020997,1.928403099998832,4.060000355821103e-05,0.0021815999934915
106,47,0.0009150000114459,0.2587520999950357,14.272843400001875,1.481285099987872,14.27375840001332,1.7400371999829076,4.040000203531236e-05,0.0021513000101549
106,48,0.001077000008081,0.2569635999971069,14.747440299994196,1.9351874999993013,14.748517300002275,2.1921510999964084,3.979999746661633e-05,0.0021820999972987
106,49,0.0008849000005284,0.258918999999878,15.97302309999941,2.0779592000035336,15.973907999999938,2.336878200003412,4.050000279676169e-05,0.0025214000052073
106,50,0.0008980999991763,0.266537799994694,16.486267600004794,1.7846954999986335,16.48716570000397,2.051233299993328,4.1100007365457714e-05,0.0021383999992394
106,51,0.0009217000042553,0.2644100999896182,14.514522299999951,1.2785484000050928,14.515444000004209,1.542958499994711,4.079999052919448e-05,0.0022720999986631
106,52,0.0010486000101082,0.2640805000119144,15.37868540000636,1.7220096000091871,15.37973400001647,1.986090100021101,3.789999755099416e-05,0.0022129999997559
106,53,0.0008735000010346,0.2590847999963444,14.734103099995991,2.326384100000724,14.734976599997026,2.585468899997068,3.989999822806567e-05,0.0021591000113403
106,54,0.0009332000045105,0.2587203000002773,13.687683199997991,1.8242227000009728,13.688616400002502,2.0829430000012508,4.090000584255904e-05,0.0021367000008467
106,55,0.0009193000005325,0.2605779000004986,16.385655999998562,1.6820431999949506,16.386575299999095,1.9426210999954487,3.809999907389283e-05,0.0021514000109164
106,56,0.0009208000119542,0.2543930000101682,16.92650250000588,1.473527699999977,16.927423300017836,1.727920700010145,3.989999822806567e-05,0.0021492999949259
106,57,0.0009324999991804,0.2611695999949006,14.091467699996429,1.8827040000032864,14.092400199995607,2.143873599998188,5.060000694356859e-05,0.0021563999907812
106,58,0.0009404000011272,0.2577705000003334,16.53500950000307,1.9264044999872567,16.535949900004198,2.18417499998759,3.74000082956627e-05,0.0027184999926248
106,59,0.0010796999995363,0.2656977000006009,14.188579800000298,1.9003548000036967,14.189659499999834,2.166052500004298,3.769999602809549e-05,0.0025544000091031
106,60,0.0009142000053543,0.2662804999999935,16.283868200000143,1.573676100000739,16.284782400005497,1.8399566000007328,4.4800006435252726e-05,0.0021932999952696
106,61,0.0012375999940559,0.2696107999945525,14.700434900005348,1.646157299997867,14.701672499999404,1.91576809999242,3.809999907389283e-05,0.0021505999902728
106,62,0.0009370999905513,0.2661000999942189,16.77196990000084,1.832484899990959,16.772906999991392,2.098584999985178,3.9999998989515007e-05,0.002560099994298
106,63,0.0009099999879254,0.266047900004196,15.570561100001214,1.6516771000024164,15.57147109998914,1.9177250000066124,4.08000050811097e-05,0.0021491999941645
106,64,0.0009184999944409,0.2624203000013949,15.30416349999723,1.4194927999924405,15.305081999991671,1.6819130999938352,4.6499990276061e-05,0.0022532000002684
106,65,0.0008900000102585,0.2593267999909585,14.658057499997083,1.5637306999997236,14.658947500007343,1.823057499990682,3.890000516548753e-05,0.0021845999872311
106,66,0.0009161999914795,0.2646605000045383,15.48772979999194,1.5163142999954289,15.48864599998342,1.7809747999999672,3.739999374374747e-05,0.0022443999914685
106,67,0.000892299998668,0.2621881999948527,14.746350399989751,1.6290852000092857,14.74724269998842,1.8912734000041385,4.0700004319660366e-05,0.0021607999951811
106,68,0.0008928000024752,0.2570341999962693,15.464308700000402,1.6418417999957455,15.465201500002877,1.8988759999920148,4.5599997974932194e-05,0.0022278999967966
106,69,0.0009185999952023,0.2638746000011451,14.773600300002729,1.579192800010787,14.774518899997927,1.8430674000119325,3.739999374374747e-05,0.0021523000032175
106,70,0.0009309999877586,0.2633617000101367,15.952567200001797,1.8009346000035291,15.953498199989554,2.064296300013666,3.930000821128488e-05,0.0024968999932752
106,71,0.0009273999894503,0.2676636999967741,16.355036800014204,1.977366200007964,16.355964200003655,2.245029900004738,3.7299992982298136e-05,0.0021541000023717
106,72,0.0009292000031564,0.2611424000060651,15.662668000004487,1.835441399991396,15.663597200007644,2.096583799997461,3.54999938281253e-05,0.0021666000102413
106,73,0.0009131000115303,0.2584583999996539,14.018666699994355,2.050864599994384,14.019579800005886,2.3093229999940377,3.950000973418355e-05,0.0026792000135174
106,74,0.0009134000138146,0.2600314000010257,15.383984000000057,1.9487892999895848,15.38489740001387,2.2088206999906106,4.120000812690705e-05,0.0022618000075453
106,75,0.0008989999914774,0.2553437000024132,14.88619769999059,1.6593449000065448,14.887096699982068,1.914688600008958,3.890000516548753e-05,0.0024375000066356
117,1,0.001061999995727,0.3557029999938095,23.48750079999445,3.4813735999923665,23.488562799990177,3.837076599986176,4.679999256040901e-05,0.0027529000071808
117,2,0.0010894000006373,0.3470864999981131,24.330610100005288,2.5240179000102216,24.331699500005925,2.871104400008335,4.640000406652689e-05,0.0028102999931434
117,3,0.0010842000046977,0.3482760999904712,23.817983999993885,1.7136234999925364,23.819068199998583,2.061899599983008,4.8900008550845087e-05,0.0030389000021386
117,4,0.001102099995478,0.350418299989542,23.34806809999281,2.154965199995786,23.349170199988293,2.505383499985328,4.270000499673188e-05,0.0028189999866299
117,5,0.0010977999918395,0.3503312999964691,22.745442699990235,3.3191921999969054,22.746540499982075,3.669523499993375,4.269999044481665e-05,0.002779799993732
117,6,0.001088000004529,0.3577221000014106,24.758887500007404,2.30405520000204,24.759975500011933,2.6617773000034504,4.339999577496201e-05,0.0028304000006755
117,7,0.0010901000059675,0.3673673000012059,22.35940919999848,3.229591099996469,22.36049930000445,3.596958399997675,4.4200001866556704e-05,0.0027952999953413
117,8,0.0010720999998738,0.3516617999994196,21.986332399988896,2.3646005999908084,21.98740449998877,2.716262399990228,4.269999044481665e-05,0.0035762000043177
117,9,0.0010902999929385,0.3511584999941988,22.95462330000009,2.4802696999977343,22.955713599993032,2.831428199991933,4.220000118948519e-05,0.0027823999989777
117,10,0.00109990000783,0.3524419000023044,24.74003069999162,1.626846300001489,24.74113059999945,1.9792882000037928,4.050000279676169e-05,0.0027669999981299
117,11,0.0010828999947989,0.3517029999929946,21.873069599998416,2.3212042000086512,21.87415249999321,2.672907200001646,4.159999662078917e-05,0.0027694000018527
117,12,0.0010433999996166,0.3549847999966005,24.15467069999432,2.4213849999941885,24.15571409999393,2.776369799990789,5.029999010730535e-05,0.002774100008537
117,13,0.001084700008505,0.3476129000046057,22.95828760000586,2.674737200009986,22.959372300014365,3.022350100014592,7.249999907799065e-05,0.0027650999982142
117,14,0.0012883999879704,0.3469545000116341,23.43892790000245,2.498405799997272,23.440216299990425,2.845360300008906,4.299999272916466e-05,0.0027779999945778
117,15,0.0010840000031748,0.3499866000056499,23.666137699998217,2.086719800005085,23.66722170000139,2.436706400010735,5.0000002374872565e-05,0.0027868000033777
117,16,0.0011097000096924,0.3487829999940004,23.92398459999822,2.336836599992239,23.92509430000792,2.68561959998624,4.329999501351267e-05,0.0027771000022767
117,17,0.0010654999932739,0.347819000002346,24.5178362000006,2.159816299987142,24.51890169999388,2.507635299989488,4.159999662078917e-05,0.0027556999993976
117,18,0.0014530000044032,0.3442996999947354,22.19859670000733,2.727303000006941,22.20004970001173,3.071602700001677,4.270000499673188e-05,0.0027845000004163
117,19,0.0010722000006353,0.3503191000054357,23.198382899994613,1.8641585000004848,23.199455099995248,2.214477600005921,4.189999890513718e-05,0.0028248000016901
117,20,0.0010750999936135,0.3470090000046184,24.84243410000636,2.12587689999782,24.84350919999997,2.4728859000024386,4.279999120626599e-05,0.0028119000053266
117,21,0.0010873999999603,0.3534832000004826,24.18744589999551,2.8708891999995103,24.18853329999547,3.224372399999993,4.290000651963055e-05,0.002815499989083
117,22,0.0010889999975915,0.3565642000030493,24.19993849999446,1.848131499995361,24.20102749999205,2.2046956999984104,4.259998968336731e-05,0.0027916999970329
117,23,0.0011159000132465,0.347645999994711,24.165349699993385,2.238139200009755,24.16646560000663,2.585785200004466,4.239998816046864e-05,0.0027922000008402
117,24,0.0010658999963197,0.3457398000027751,22.89229760000308,1.928456499997992,22.8933634999994,2.2741963000007672,4.129999433644116e-05,0.0028100000054109
117,25,0.0010752000089269,0.3574862000095891,20.734987500007264,2.726187299995217,20.73606270001619,3.0836735000048066,3.989999822806567e-05,0.0029161000129533
117,26,0.0010601000103633,0.3551271000033011,23.76598370001011,2.6731699999945704,23.76704380002048,3.028297099997872,5.129999772179872e-05,0.0033957999985432
117,27,0.0014467000000877,0.3524466000089887,23.513847900001565,2.3487497000023723,23.515294600001653,2.701196300011361,4.329999501351267e-05,0.0030681000062031
117,28,0.0011158999986946,0.3525397000048542,21.559577699998044,2.5295275000098627,21.56069359999674,2.882067200014717,4.2800005758181214e-05,0.0029837000038241
117,29,0.0010520000068936,0.3542885000060778,24.872030300000915,2.3511052999965614,24.87308230000781,2.705393800002639,4.2100000428035855e-05,0.0027856999950017
117,30,0.0011018000077456,0.350378199989791,24.79558599999291,1.815870499995072,24.79668780000065,2.1662486999848625,4.639998951461166e-05,0.0028164999966975
117,31,0.0010871999984374,0.3521425000071758,23.004909700001008,2.0633820000075502,23.005996899999445,2.415524500014726,4.2800005758181214e-05,0.0027935999969486
117,32,0.0011325999948894,0.3487444999918807,22.930349999995087,2.579157300002408,22.931482599989977,2.927901799994288,4.220000118948519e-05,0.0027542000025277
117,33,0.0010681000130716,0.3474040000000968,23.527336500003003,2.408005399993272,23.528404600016074,2.7554093999933684,4.290000651963055e-05,0.0027745000115828
117,34,0.0012036000116495,0.3466698999982327,23.708943900011946,2.9541041999909794,23.710147500023595,3.300774099989212,4.2499988921917975e-05,0.0028034999995725
117,35,0.0011028000008082,0.3475516999897081,24.66113690000202,2.527736799995182,24.66223970000283,2.8752884999848902,4.329999501351267e-05,0.0027989000082015
117,36,0.0011022999970009,0.3482935000065481,21.300425200010068,2.3532540000014706,21.30152750000707,2.7015475000080187,4.08000050811097e-05,0.0030408000020543
117,37,0.0011035999923478,0.3498517999978503,21.665081300001475,2.1783616000029724,21.666184899993823,2.5282134000008227,4.08000050811097e-05,0.002834700004314
117,38,0.0010621999972499,0.3517840999993495,24.844297500007087,1.9580801999982207,24.845359700004337,2.309864299997571,4.4800006435252726e-05,0.0033275000023422
117,39,0.0013236999948276,0.3484124999959022,24.11920850000752,2.0226643000059994,24.120532200002344,2.3710768000019016,4.300000728107989e-05,0.002792600003886
117,40,0.0010739999997895,0.3533489999972516,23.0727990000014,2.553230400008033,23.073873000001186,2.9065794000052847,4.299999272916466e-05,0.0028592000016942
117,41,0.0010819000017363,0.3521340000006603,22.45781599999464,2.068965400001616,22.458897899996373,2.4210994000022765,4.339999577496201e-05,0.0028486999945016
117,42,0.0010850999969989,0.3515565999987302,23.39222529999097,3.4962253000121564,23.393310399987968,3.847781900010887,4.1399995097890496e-05,0.0028095000016037
117,43,0.0010915000020759,0.3519971999921836,20.71195869999065,2.5463746000023093,20.71305019999272,2.898371799994493,4.220000118948519e-05,0.0028087999962735
117,44,0.0010707000037655,0.3408449999988079,23.32729420000396,2.6187449999997625,23.328364900007728,2.9595899999985704,4.130000888835639e-05,0.0027838999958476
117,45,0.0013599000085378,0.3592757000005804,24.475496200000634,3.3304047000128776,24.47685610000917,3.689680400013458,4.099999205209315e-05,0.0027800000098068
117,46,0.0011016999924322,0.3578818999958457,23.87319880000723,2.3967992000107188,23.874300499999663,2.7546811000065645,3.9999998989515007e-05,0.0027638999890768
117,47,0.0012458999990485,0.3506064999965019,23.90685210000084,2.387701899991953,23.90809799999988,2.7383083999884548,4.2100000428035855e-05,0.0033640000037848
117,48,0.0010454000002937,0.3448183000000426,23.687738399996302,2.4898410999885527,23.6887837999966,2.8346593999885954,3.9999998989515007e-05,0.0027868999895872
117,49,0.0011000000085914,0.3505313000059686,24.40247070000624,3.3079259999940405,24.403570700014825,3.658457300000009,4.290000651963055e-05,0.00295370000822
117,50,0.0010812999971676,0.3435820000013336,22.691897900003823,2.678182100004051,22.69297920000099,3.0217641000053845,4.25000034738332e-05,0.0027762999961851
117,51,0.0010720000136643,0.3434679999918444,22.539328300001216,2.0478417000122136,22.54040030001488,2.391309700004058,5.2499992307275534e-05,0.0027925000031245
117,52,0.0010881999915,0.3483982000034302,21.99949859999469,2.9597606000024825,22.000586799986195,3.308158800005913,4.490000719670206e-05,0.0028017000004183
117,53,0.0011136999964946,0.3565501999983098,22.37959710000723,2.857620399998268,22.38071080000373,3.214170599996578,4.149999585933983e-05,0.002951699992991
117,54,0.0010747999913292,0.3596991999947931,22.35317809999105,2.2461959999927785,22.354252899982384,2.605895199987572,4.199999966658652e-05,0.0027397999947424
117,55,0.0011044000129913,0.3565305999945849,23.517004299996188,2.447067999994033,23.51810870000918,2.803598599988618,4.270000499673188e-05,0.0027861000125994
117,56,0.0010726999898906,0.3597060000029159,21.7784771000006,2.5500854999991134,21.77954979999049,2.9097915000020294,4.329999501351267e-05,0.0027705999964382
117,57,0.0010812000109581,0.3590912999934517,23.79244400000607,2.105663000009372,23.79352520001703,2.464754300002824,4.090000584255904e-05,0.002774100008537
117,58,0.0010772999958135,0.3520975999999791,21.93080560000089,2.16590210000868,21.931882899996708,2.5179997000086587,4.320000880397856e-05,0.0027708999987225
117,59,0.0010960000072373,0.3483323999971617,22.786608800000977,2.742719300003955,22.78770480000821,3.091051700001117,4.84000047435984e-05,0.0027578000008361
117,60,0.0010839999886229,0.3502455999987433,24.88036359999387,2.328783199991449,24.881447599982494,2.679028799990192,4.020000051241368e-05,0.0027934999961871
117,61,0.0010885000083362,0.3475218000094173,23.761198799998965,2.6541368999896804,23.7622873000073,3.0016586999990977,4.430000262800604e-05,0.00318949999928
117,62,0.0010411000112071,0.3483458999980939,23.731553400008124,2.143691100005526,23.73259450001933,2.49203700000362,4.0700004319660366e-05,0.0027788000006694
117,63,0.001093499988201,0.3521144999976968,22.56748569999764,1.987613999997848,22.56857919998584,2.339728499995545,4.0700004319660366e-05,0.0027657000027829
117,64,0.0013667999883182,0.3497008999984246,22.86313599999994,3.132925600002636,22.86450279998826,3.4826265000010608,4.099999205209315e-05,0.0027681999927153
117,65,0.0012273000029381,0.354315000004135,24.01937490000273,2.187114299988025,24.02060220000567,2.54142929999216,4.090000584255904e-05,0.0028335999959381
117,66,0.0013673000066773,0.3492180000030203,23.28056410000136,2.778733300001477,23.28193140000804,3.127951300004497,4.050000279676169e-05,0.0027819999959319
117,67,0.001380199988489,0.356838699997752,20.971496400001342,2.3530651000037324,20.97287659998983,2.7099038000014843,5.040000542066991e-05,0.0028338999982224
117,68,0.0009855999960564,0.3496559999912279,24.22436890000245,2.5030413000058616,24.225354499998502,2.852697299997089,4.129999433644116e-05,0.0030932999943615
117,69,0.001079399997252,0.3488637000118615,24.60730580000381,2.725724000003538,24.608385200001067,3.0745877000154,4.4200001866556704e-05,0.0027715000032912
117,70,0.0010449000110384,0.3497516000061296,24.53756599999906,2.639493399998173,24.5386109000101,2.9892450000043027,4.270000499673188e-05,0.0027705999964382
117,71,0.0010629000025801,0.3469953000021633,24.026530899995123,2.3377938000048744,24.027593799997703,2.6847891000070376,4.1099992813542485e-05,0.002786199998809
117,72,0.0010814999986905,0.3446943000017199,24.05831500000204,3.4401439000066603,24.05939650000073,3.78483820000838,4.319999425206333e-05,0.0027810000028694
117,73,0.0010857000015676,0.3500061999948229,25.09366350001073,2.203053799996269,25.094749200012306,2.553059999991092,4.3100008042529225e-05,0.0027783999976236
117,74,0.0011976999958278,0.3524323999881744,21.265100000004168,2.4817160999955377,21.2662977,2.834148499983712,4.2400002712383866e-05,0.0027717999910237
117,75,0.0011527000024216,0.3517737000074703,22.96435389999533,2.698866599996109,22.965506599997752,3.050640300003579,4.84000047435984e-05,0.0031813999958103
128,1,0.0012305000127526,0.4595214000000851,29.834855099994456,5.195872799988138,29.83608560000721,5.655394199988223,4.769999941345304e-05,0.0036225000076228
128,2,0.0012909999932162,0.4608554000005824,29.88159670001187,3.804461299994728,29.882887700005085,4.26531669999531,4.669999179895967e-05,0.0036273000005166
128,3,0.0012319000088609,0.4619301000057021,30.29846289999841,3.543223800006672,30.29969480000728,4.005153900012374,4.5199994929134846e-05,0.0035958999942522
128,4,0.0012562000047182,0.4666236000048229,29.989775100009865,3.9883631999982754,29.991031300014583,4.454986800003098,4.5500011765398085e-05,0.0036063999868929
128,5,0.0012800000113202,0.4570169000071473,29.88622809998924,3.0859147000010125,29.88750810000056,3.54293160000816,4.539999645203352e-05,0.003731599994353
128,6,0.0012179000041214,0.4561942000000272,29.92753359999915,4.345747100000153,29.92875150000328,4.8019413000001805,4.549999721348286e-05,0.0037310000043362
128,7,0.0012333999911788,0.4622231999965152,29.77133380000305,2.915794200001983,29.772567199994228,3.378017399998498,4.910001007374376e-05,0.0041332999971928
128,8,0.0012378000101307,0.4654570000129752,29.864852300001075,3.884761599998456,29.866090100011206,4.350218600011431,4.459999036043882e-05,0.0035460999934002
128,9,0.0012495999981183,0.4631681000028038,29.79994749999605,3.03453430000809,29.80119709999417,3.497702400010894,4.47999918833375e-05,0.0036056000099051
128,10,0.0012902000016765,0.4585958000097889,29.77669979998609,3.4927284000004875,29.777989999987767,3.951324200010277,4.440000338945538e-05,0.0036044000007677
128,11,0.0014756000018678,0.4608619999926304,29.77318970000488,4.226860299997497,29.774665300006745,4.687722299990128,4.470000567380339e-05,0.0040211000014096
128,12,0.0012506000057328,0.4520385000068927,29.79732270000386,3.108267800009344,29.7985733000096,3.5603063000162365,4.730001091957092e-05,0.003590799999074
128,13,0.0012620000052265,0.4583508000068832,29.98916050000116,3.867076900001848,29.99042250000639,4.325427700008731,5.18000015290454e-05,0.00437179999426
128,14,0.001218899997184,0.4639176000055158,29.87098519998836,2.820863300003112,29.87220409998553,3.284780900008627,4.460000491235405e-05,0.0035992000048281
128,15,0.0012360999971861,0.4568242999957874,29.835049100001925,3.380330900006811,29.83628519999911,3.837155200002599,4.630000330507755e-05,0.0039415000064764
128,16,0.0012493999965954,0.4583791999903042,29.903040199991665,3.656627500007744,29.90428959998826,4.115006699998048,4.570001328829676e-05,0.0049457999994046
128,17,0.0012236999900778,0.462876600009622,29.88029080000706,3.3798422000108985,29.88151449999713,3.842718800020521,4.7299996367655694e-05,0.0036043000000063
128,18,0.0012483999889809,0.4594866999977967,30.11360219999915,3.610422099998688,30.11485059998813,4.069908799996483,4.449998959898949e-05,0.0036688000109279
128,19,0.0012608999968506,0.4793351999978767,30.31039049998799,3.1837780000059865,30.31165139998484,3.6631132000038633,4.6200002543628216e-05,0.0041142999980365
128,20,0.001231899994309,0.466060999999172,30.15364880001289,3.64011649999884,30.1548807000072,4.106177499998012,4.499999340623617e-05,0.0043501000036485
128,21,0.0013647000014316,0.4669969000096898,29.976872600003844,3.411137599992798,29.97823730000528,3.878134500002489,4.4800006435252726e-05,0.0036264000082155
128,22,0.0012565999932121,0.4589469000056851,29.77536329999566,3.291203500004485,29.77661989998888,3.7501504000101695,5.82999928155914e-05,0.0036107000050833
128,23,0.0012509000080171,0.4547743999864906,29.815727000008337,3.722638500010362,29.816977900016354,4.1774128999968525,4.4800006435252726e-05,0.0035403000074438
128,24,0.0012457999982871,0.4601039999979548,29.736585199992987,3.4253021000040462,29.737830999991274,3.885406100002001,4.50000079581514e-05,0.0035521999961929
128,25,0.0012728000001516,0.4565254999906756,29.92142470000545,3.8449203000054695,29.9226975000056,4.301445799996145,4.400000034365803e-05,0.00425610000093
128,26,0.0012463000020943,0.4769814000028418,30.32783399999608,3.682403799990425,30.329080299998168,4.159385199993267,4.839999019168317e-05,0.0044223000004421
128,27,0.0012244999961694,0.4718277000065427,30.001750900002666,3.5096475000027567,30.00297539999883,3.981475200009299,4.47999918833375e-05,0.003590799999074
128,28,0.0012833999935537,0.4543357999937143,29.90662190000876,3.142039799990016,29.907905300002312,3.5963755999837304,5.089999467600137e-05,0.0036093999951845
128,29,0.0012982000043848,0.4609226000029593,30.011912500005565,3.9166109999932814,30.01321070000995,4.377533599996241,4.410000110510737e-05,0.0035760000027948
128,30,0.0012227999977767,0.4490078000089852,29.920977200003108,3.690742299993872,29.922200000000885,4.139750100002857,4.849999095313251e-05,0.003507500005071
128,31,0.001268699998036,0.4500872999924468,29.78750420000869,3.461016200002632,29.78877290000673,3.911103499995079,4.499999340623617e-05,0.0035720000014407
128,32,0.0012799000105587,0.4583567999943625,30.097857400003704,3.818214600003557,30.099137300014263,4.27657139999792,4.489999264478684e-05,0.0036010000039823
128,33,0.0011985000019194,0.4594268999935593,29.887958300008904,4.261930200009374,29.889156800010824,4.721357100002933,5.529999907594174e-05,0.0040918000013334
128,34,0.0012581000046338,0.4603505000122823,29.844846499996493,2.9582404000102542,29.846104600001127,3.4185909000225365,5.160000000614673e-05,0.0035802000056719
128,35,0.0012349000026006,0.4612989000015659,29.868314599996665,3.903205599999637,29.869549499999263,4.364504500001203,4.369999805931002e-05,0.0035803999926429
128,36,0.0012975999998161,0.4656033000064781,29.8368671000062,3.418854000003193,29.83816470000602,3.884457300009672,4.7599998652003706e-05,0.0036065000022063
128,37,0.0012819999974453,0.4605203999963123,29.856237900006818,2.845722899990505,29.857519900004263,3.306243299986818,4.4800006435252726e-05,0.0036881000123685
128,38,0.0012492000096244,0.4681944000039948,29.79462960000092,3.269300599989947,29.79587880001054,3.7374949999939417,4.470000567380339e-05,0.0036267999967094
128,39,0.0013001000043004,0.4606122999975923,29.915246400007163,3.602671000000555,29.916546500011464,4.063283299998147,4.5199994929134846e-05,0.003666400007205
128,40,0.0012477999989641,0.4585035999916727,29.93911000000662,2.1631395000003977,29.940357800005582,2.6216430999920703,4.4800006435252726e-05,0.0038924999971641
128,41,0.0012236000038683,0.4568966000078944,29.852038799988804,3.672039400000358,29.85326239999268,4.1289360000082524,4.50000079581514e-05,0.003895999994711
128,42,0.0012401999993016,0.4550871999963419,30.10000140000193,4.328205500001786,30.10124160000123,4.783292699998128,5.390000296756625e-05,0.0041245000029448
128,43,0.0012440999998943,0.4639221999968868,29.78902470000321,3.9800399000087054,29.790268800003105,4.443962100005592,4.870000702794641e-05,0.0040436999988742
128,44,0.0013311000075191,0.4658300000010058,29.826971100003,3.409735200009891,29.828302200010512,3.8755652000108967,5.689999670721591e-05,0.0036173000116832
128,45,0.0012385000009089,0.4576718000025721,30.210314600000856,4.28891350000049,30.211553100001765,4.746585300003062,4.810000245925039e-05,0.0035822999925585
128,46,0.0012433999945642,0.4591465999983484,30.07678180000221,4.369238899991615,30.078025199996773,4.828385499989963,4.509999416768551e-05,0.003572499990696
128,47,0.0013557000056607,0.4500307999987853,29.77340599999297,3.906825600002776,29.774761699998635,4.356856400001561,4.849999095313251e-05,0.0035811999987345
128,48,0.0013008999958401,0.4750084000115748,29.8232766000001,3.5358776000066428,29.82457749999594,4.010886000018218,4.490000719670206e-05,0.0035802999918814
128,49,0.0012830999912694,0.45704900000419,29.800800700002583,3.1998220999958,29.80208379999385,3.656871099999989,5.889999738428742e-05,0.0036921999999321
128,50,0.0014980999985709,0.4561701000056928,29.876815099996747,4.13351440000406,29.87831319999532,4.589684500009753,4.749999789055437e-05,0.0035956000065198
128,51,0.0012118000013288,0.4609934999898541,29.8089473,3.9832076000020606,29.81015910000133,4.444201099991915,5.230000533629209e-05,0.003638399997726
128,52,0.0012341999972704,0.4608676000061678,30.029610600002343,3.266918599998462,30.030844799999613,3.72778620000463,4.540001100394875e-05,0.0036499999987427
128,53,0.0012472999951569,0.4638644000078784,30.25695229999837,3.220191000000341,30.25819959999353,3.6840554000082193,4.489999264478684e-05,0.0039383999974234
128,54,0.0012387000024318,0.4537298000068404,30.043048300009104,2.9569405000074767,30.044287000011536,3.410670300014317,4.630000330507755e-05,0.0036144999903626
128,55,0.0014765999949304,0.467369799996959,30.364627600007225,3.3106487000040943,30.366104200002155,3.778018500001053,4.630000330507755e-05,0.003545400002622
128,56,0.0012740999954985,0.463128700008383,29.17066099999647,2.847855799991521,29.17193509999197,3.310984499999904,4.6200002543628216e-05,0.0035982999979751
128,57,0.0012591999984579,0.4545319000026211,29.893107999989297,3.631735100003425,29.894367199987755,4.086267000006046,4.489999264478684e-05,0.0037069000100018
128,58,0.0012404000008245,0.4584489999979269,29.822318599995924,3.270990599994548,29.82355899999675,3.7294395999924745,4.679999256040901e-05,0.0041325000056531
128,59,0.0012344999995548,0.4574416000104975,30.04739599999448,4.3982982999878,30.04863049999404,4.855739899998298,4.569999873638153e-05,0.0035796999873127
128,60,0.0014921999973012,0.4611716999934288,30.00552409999364,3.692247800005134,30.007016299990937,4.153419499998563,4.600000102072954e-05,0.0035639999987324
128,61,0.0012830999912694,0.4491687999980058,29.931861700009904,4.089408400002867,29.933144800001173,4.538577200000873,4.509999416768551e-05,0.0037175000034039
128,62,0.0012646999966818,0.4552701000066008,30.251966600000745,3.819412700002431,30.253231299997424,4.274682800009032,4.539999645203352e-05,0.0035869000130333
128,63,0.0012567000085255,0.4667821000039112,30.042665100001614,2.8964770000020508,30.04392180001014,3.363259100005962,4.8900008550845087e-05,0.0036262000066926
128,64,0.0014172999945003,0.4570495999942068,29.949239199995645,3.892791399994167,29.950656499990146,4.349840999988373,4.439998883754015e-05,0.0035986000002594
128,65,0.0012822999997297,0.4512152999959653,30.056624600008945,3.863298999989638,30.057906900008675,4.314514299985603,4.640000406652689e-05,0.0036136999988229
128,66,0.0016824999911477,0.4531646999967051,29.93700559998979,3.1577172999968752,29.938688099980936,3.610881999993581,4.4200001866556704e-05,0.0035750000097323
128,67,0.0015201000060187,0.4497296000045025,30.1976355999941,3.169081900006858,30.19915570000012,3.618811500011361,4.569999873638153e-05,0.0036320000072009
128,68,0.0012329000019235,0.4655792999983532,29.998023600011948,2.8460663000005297,29.99925650001387,3.311645599998883,4.600000102072954e-05,0.0035719000006793
128,69,0.0012118999875383,0.4603102000110084,29.95303530000092,3.08386579999933,29.95424719998846,3.5441760000103386,4.5199994929134846e-05,0.0042697000026237
128,70,0.0012562000047182,0.464995699992869,30.02843560000474,3.994993799991789,30.02969180000946,4.459989499984658,4.560001252684742e-05,0.0036271999997552
128,71,0.0012404000008245,0.4726592000079108,30.094812600000296,3.105985000001965,30.09605300000112,3.578644200009876,4.410000110510737e-05,0.0035835000016959
128,72,0.0013094000023556,0.4576430000015534,30.104971799999475,2.961553799992544,30.10628120000183,3.419196799994097,4.699999408330768e-05,0.0036039999977219
128,73,0.0012527000071713,0.4758904999907827,30.08138730000064,4.096270499998354,30.08264000000781,4.572160999989137,4.410000110510737e-05,0.0036697999894386
128,74,0.0012576000008266,0.4545286000065971,30.02098719999776,3.666605399994296,30.02224479999859,4.121134000000893,4.370001261122525e-05,0.0038246999902185
128,75,0.0011957000097027,0.4698906999983592,30.05415840000205,3.808952299994417,30.055354100011755,4.278842999992776,6.669999856967479e-05,0.0040841000009095
139,1,0.0016332999948645,0.5859428999974625,35.60653740000271,4.275647999995272,35.60817069999757,4.861590899992734,4.940001235809177e-05,0.004332999989856
139,2,0.0014160999999148,0.5809080000035465,35.4408734000026,4.5158206000051,35.44228950000252,5.096728600008646,4.8900008550845087e-05,0.005509799986612
139,3,0.0014561999996658,0.5863646999932826,35.502192100000684,4.543763599998783,35.50364830000035,5.130128299992066,6.320000102277845e-05,0.0051176999986637
139,4,0.0014448000001721,0.5886832999967737,35.84236910000618,5.004809599995497,35.84381390000635,5.59349289999227,6.500000017695129e-05,0.0045701000053668
139,5,0.0014441999956034,0.6061819000024116,35.424147199999425,4.733013699995354,35.42559139999503,5.339195599997765,5.0300004659220576e-05,0.0043686999997589
139,6,0.0016203999985009,0.6050022000126773,35.61239140000544,4.857161700012512,35.61401180000394,5.462163900025189,4.300000728107989e-05,0.0047142999974312
139,7,0.0014302999916253,0.5814441999973496,35.395974800005206,3.839648699999088,35.39740509999683,4.421092899996438,4.739999712910503e-05,0.0054110999917611
139,8,0.0014680000022053,0.5852285000000848,35.65781609999249,4.6635843999974895,35.65928409999469,5.248812899997574,5.01000031363219e-05,0.0043756999948527
139,9,0.0014786999963689,0.5858117000025231,35.65862129999732,4.695733999993536,35.66009999999369,5.281545699996059,5.060000694356859e-05,0.0044322000030661
139,10,0.0014678000006824,0.590397000007215,35.986639700000524,5.161090500012506,35.988107500001206,5.751487500019721,5.4500007536262274e-05,0.0043631000007735
139,11,0.0014808999985689,0.5832209000072908,35.574181200005114,5.676547600000049,35.57566210000368,6.25976850000734,5.199998850002885e-05,0.0048230999964289
139,12,0.0014277000009315,0.5921148000052199,35.40426139999181,5.033196600008523,35.40568909999274,5.625311400013743,6.100001337472349e-05,0.0046047999931033
139,13,0.0014811000000918,0.5854849000024842,35.55187529999239,4.748198700006469,35.55335639999248,5.333683600008953,5.380000220611692e-05,0.0053208000026643
139,14,0.0013967999984743,0.5867112999985693,35.50887829999556,6.202316199996858,35.51027509999403,6.789027499995427,5.050000618211925e-05,0.0053209999896353
139,15,0.0014634999970439,0.5927557999966666,36.02938799999538,5.243271900006221,36.03085149999242,5.836027700002887,4.810000245925039e-05,0.0043433999962871
139,16,0.0013876000011805,0.5888023000006797,35.61925799999153,5.962234499995248,35.62064559999271,6.551036799995927,4.859999171458185e-05,0.0043336999951861
139,17,0.0014666000060969,0.5824094000126934,35.35603939999419,4.783571799998754,35.357506000000285,5.365981200011447,4.829998943023384e-05,0.0043575000017881
139,18,0.0014673999976366,0.5869811000011396,35.57878609999898,4.230190300004324,35.580253499996616,4.817171400005464,5.220000457484275e-05,0.0053098999924259
139,19,0.0014355000021168,0.586212299996987,35.37513509999553,6.494062199999462,35.37657059999765,7.080274499996449,4.879999323748052e-05,0.0046103000058792
139,20,0.0017568000039318,0.5859215999953449,35.730996800004505,4.613005000006524,35.73275360000844,5.198926600001869,4.809998790733516e-05,0.0043737000087276
139,21,0.0016202999977394,0.5828381000028457,35.49579139999696,4.821194700009073,35.4974116999947,5.404032800011919,5.0099988584406674e-05,0.0043225999979767
139,22,0.0015191999991657,0.5813127000001259,35.536466200006544,4.125316099991323,35.53798540000571,4.706628799991449,4.860000626649708e-05,0.0046294000057969
139,23,0.0014279000024544,0.5825905000092462,35.45388640000601,4.962430499988841,35.45531430000847,5.545020999998087,5.020000389777124e-05,0.0043917000002693
139,24,0.0014302000054158,0.5825894000008702,35.80332720000297,4.793394799999078,35.804757400008384,5.375984199999948,5.299999611452222e-05,0.0044250999926589
139,25,0.0014644999901065,0.5911824000068009,35.903403200005414,5.535269300002256,35.90486769999552,6.126451700009056,5.34000137122348e-05,0.005177699989872
139,26,0.0014060999965295,0.5888147999939974,35.50348200000008,5.262623299990082,35.504888099996606,5.85143809998408,5.200000305194408e-05,0.0043358000111766
139,27,0.0014546000020345,0.5883262999996077,35.59334189999208,5.258764999991399,35.59479649999412,5.847091299991007,4.939999780617654e-05,0.0043316000082995
139,28,0.0014718000020366,0.6048144999949727,35.462788799995906,6.32885210000677,35.46426059999794,6.933666600001743,5.299999611452222e-05,0.0043102000054204
139,29,0.0014642999885836,0.5759168999938993,35.41120899999805,4.197262199988472,35.41267329998664,4.773179099982372,4.89999947603792e-05,0.0042979999998351
139,30,0.0014552000066032,0.5769118000025628,35.64230430001044,4.262890099998913,35.64375950001704,4.839801900001476,5.01000031363219e-05,0.0048941999993985
139,31,0.0014439000078709,0.5862244000018109,35.97410089999903,4.926285499997903,35.9755448000069,5.5125098999997135,4.89999947603792e-05,0.0043630000000121
139,32,0.0014776000025449,0.590618899994297,36.00406500000099,5.524857500000508,36.00554260000354,6.1154763999948045,4.959999932907522e-05,0.0048289999976987
139,33,0.0018339000089326,0.5948552000045311,36.00296179999714,4.00207170000067,36.00479570000607,4.596926900005201,4.990000161342323e-05,0.00434359999781
139,34,0.0014815000031376,0.5891971000091871,35.52584139999817,5.031489600005443,35.52732290000131,5.62068670001463,5.01000031363219e-05,0.0052081999892834
139,35,0.0014184000028762,0.5795720999885816,35.5633952000062,5.2598090000101365,35.564813600009074,5.839381099998718,4.8699992476031184e-05,0.0043388999911258
139,36,0.0014560999989043,0.5836313000036171,35.51635350000288,5.328382400010014,35.51780960000178,5.912013700013631,5.01000031363219e-05,0.0043839000136358
139,37,0.0014267000078689,0.5863949000049615,35.42035270000633,5.255478299994138,35.4217794000142,5.8418731999991,5.390000296756625e-05,0.0043549999973038
139,38,0.0014397000049939,0.5841055000055349,35.38706399999501,5.117124199998216,35.3885037,5.701229700003751,6.259999645408243e-05,0.0048515999951632
139,39,0.001480500010075,0.5782640999968862,35.534429499995895,6.018465200002538,35.53591000000597,6.596729299999424,5.370000144466758e-05,0.0043977000023005
139,40,0.0014878999936627,0.5818400999996811,35.384210100004566,5.505852599992068,35.38569799999823,6.087692699991749,4.8000001697801054e-05,0.0043598000047495
139,41,0.0014261000033002,0.5809626999980537,35.36213039999711,4.524107200006256,35.36355650000041,5.10506990000431,5.019998934585601e-05,0.0043643999961204
139,42,0.0014949000033084,0.5873566000082064,35.42192789999535,3.3929933000035817,35.42342279999866,3.980349900011788,4.979998630005866e-05,0.0043485999922268
139,43,0.0015063000028021,0.5720351999916602,35.471846599990386,5.169847100012703,35.47335289999319,5.741882300004363,5.889999738428742e-05,0.0044234000088181
139,44,0.0014308000099845,0.5845074999961071,35.459716299999855,4.300770500005456,35.46114710000984,4.885278000001563,4.9899987061508e-05,0.0044245000026421
139,45,0.0018294000037712,0.5867394000088098,35.31920559999708,4.551142800002708,35.32103500000085,5.137882200011518,5.420000525191426e-05,0.0043298000091454
139,46,0.0014157999976305,0.5779521999938879,35.54663860000437,5.103021700007957,35.548054400002,5.680973900001845,5.059999239165336e-05,0.0043557000026339
139,47,0.001480500010075,0.5860579000000143,35.40634190000128,5.045661700001801,35.407822400011355,5.631719600001816,4.8699992476031184e-05,0.0056327000056626
139,48,0.0014720000035595,0.5872184000036214,35.56301809998695,4.7703884999937145,35.56449009999051,5.357606899997336,4.860000626649708e-05,0.0043256999924778
139,49,0.0014668999938294,0.582339000000502,35.47773439998855,5.555715299997246,35.47920129998238,6.138054299997748,5.26000076206401e-05,0.0043669000006048
139,50,0.0014123999862931,0.5847009000135586,35.532792900005006,4.755694100007531,35.5342052999913,5.34039500002109,5.029999010730535e-05,0.0047526999987894
139,51,0.0014260000025387,0.5914213999931235,35.732694200007245,5.426580400002422,35.734120200009784,6.018001799995545,5.049999163020402e-05,0.0043040000018663
139,52,0.0014745999942533,0.6098610000044573,35.37758239998948,4.921948799994425,35.37905699998373,5.531809799998882,5.250000685919076e-05,0.0043521000043256
139,53,0.0014577999972971,0.5736298999981955,35.529766300009214,5.506422200007364,35.53122410000651,6.08005210000556,4.700000863522291e-05,0.0043153000005986
139,54,0.0014596999972127,0.582266500001424,35.31211210000038,5.143743700013147,35.31357179999759,5.726010200014571,5.240000609774143e-05,0.0043250000016996
139,55,0.0014436999917961,0.5754051999974763,35.326175299996976,4.379707900006906,35.32761899998877,4.955113100004382,4.939999780617654e-05,0.0043319999967934
139,56,0.0014331999991554,0.586836399990716,35.51823709999735,4.854389900006936,35.519670299996505,5.441226299997652,4.980000085197389e-05,0.0055528999946545
139,57,0.0017403999954694,0.5872904999996535,35.6161151999986,4.32504829998652,35.61785559999407,4.912338799986173,5.120001151226461e-05,0.0043230000010225
139,58,0.001461100007873,0.5986842999991495,35.43146510000224,6.232364700001199,35.432926200010115,6.831049000000348,5.509999755304307e-05,0.0043299999961163
139,59,0.0014314000000013,0.580184400008875,35.65533130000404,4.563671700001578,35.65676270000404,5.143856100010453,4.269999044481665e-05,0.0043607999978121
139,60,0.0014604000025428,0.5976181000005454,35.311987499997485,5.585379899988766,35.31344790000003,6.182997999989311,5.290000990498811e-05,0.0044321000023046
139,61,0.0014290999970398,0.5849373000091873,35.6976030000078,6.430133600006229,35.69903210000484,7.0150709000154166,5.420000525191426e-05,0.0043351000058464
139,62,0.0014467000000877,0.5923373000114225,35.50855300000694,6.174952499990468,35.50999970000703,6.76728980000189,5.4800009820610285e-05,0.0050115000049117
139,63,0.0014573999942513,0.5788412000110839,35.35969009999826,5.352134800006752,35.36114749999251,5.930976000017836,5.919999966863543e-05,0.0043747000017901
139,64,0.0019399000011617,0.5886543999949936,35.504348400005256,4.098579199999222,35.50628830000642,4.687233599994215,5.370000144466758e-05,0.004914799996186
139,65,0.0014380000066012,0.5810887000116054,35.447228899996844,5.644199300004402,35.448666900003445,6.225288000016008,4.9299997044727206e-05,0.0043659000075422
139,66,0.0016018000023905,0.6012431999988621,35.59418410000217,4.004255100007867,35.59578590000456,4.6054983000067296,5.699999746866524e-05,0.0053276999969966
139,67,0.0015752000035718,0.5891885000019101,35.715449700001045,4.54142920000595,35.71702490000462,5.1306177000078605,5.4100004490464926e-05,0.0043491999967955
139,68,0.0014609000063501,0.5840949999983422,35.52286509999249,5.479890300004627,35.52432599999884,6.063985300002969,4.909999552182853e-05,0.0050697999977273
139,69,0.0017168000049423,0.6044598000007682,35.57007459999295,5.617269499998656,35.57179139999789,6.221729299999424,5.029999010730535e-05,0.0043510999967111
139,70,0.0014111000054981,0.5968902000022354,35.36501660000067,5.020630300001358,35.36642770000617,5.617520500003593,5.309999687597156e-05,0.0043667999998433
139,71,0.0013821999891661,0.5809272999904351,35.591424400001415,4.141554699992412,35.59280659999058,4.722481999982847,4.339999577496201e-05,0.0043554000003496
139,72,0.0014801000070292,0.602687499995227,35.6640916000033,4.871757200002321,35.66557170001033,5.474444699997548,4.5900000259280205e-05,0.0043517000012798
139,73,0.0014475000061793,0.6012519999931101,35.41971430000558,4.944534199996269,35.42116180001176,5.545786199989379,4.959999932907522e-05,0.0047992000036174
139,74,0.0014594999956898,0.5965697999927215,35.296174100003554,4.54180200000701,35.297633599999244,5.138371799999732,4.939999780617654e-05,0.0044038999913027
139,75,0.001451400006772,0.5813670999923488,35.65875159999996,4.439119300004677,35.66020300000673,5.020486399997026,4.959999932907522e-05,0.0045950999920023
150,1,0.0016819000011309,0.7287783999927342,41.75655609999376,6.8276458000036655,41.75823799999489,7.5564241999964,5.679999594576657e-05,0.005275999996229
150,2,0.0017999999981839,0.7359510000096634,41.80765309999697,7.457582000002731,41.80945309999515,8.193533000012394,5.790000432170928e-05,0.00528789999953
150,3,0.0016553000023122,0.7337924000021303,42.21297130000312,5.926484700001311,42.21462660000543,6.660277100003441,6.649999704677612e-05,0.0066466999996919
150,4,0.0016364000039175,0.7345447999978205,42.378361000010045,7.2105709000024945,42.37999740001396,7.945115700000315,5.839999357704073e-05,0.0052637000044342
150,5,0.0017116999952122,0.7261130999977468,41.48574790000566,7.8702075999899535,41.48745960000088,8.5963206999877,5.8599995099939406e-05,0.0052809000044362
150,6,0.0016634999919915,0.7358090000052471,41.60251929999504,6.2132316999923205,41.60418279998703,6.949040699997568,5.8900011936202645e-05,0.0061190999986138
150,7,0.0021248999983072,0.7361114999948768,41.668514799996046,5.6758574999985285,41.670639699994354,6.411968999993405,5.609999061562121e-05,0.0053269000054569
150,8,0.0017157999973278,0.7243707000016002,41.85005209999508,5.674450800011982,41.85176789999241,6.398821500013582,5.709999823011458e-05,0.0058617000031517
150,9,0.0016766000044299,0.7438014000072144,41.63531939999666,4.614013899990823,41.63699600000109,5.3578152999980375,5.319999763742089e-05,0.0053594000055454
150,10,0.0016649999888613,0.7455445999949006,41.67557580000721,6.303498499997659,41.67724079999607,7.049043099992559,6.659999780822545e-05,0.0064164999930653
150,11,0.0016210999892791,0.7305306000052951,41.78102670000226,8.830044499991345,41.78264779999154,9.56057509999664,6.060001032892615e-05,0.0052935999992769
150,12,0.0016304000018863,0.7313487000064924,41.6437212999881,6.7185055000009015,41.64535169998999,7.449854200007394,5.809999129269272e-05,0.0053035000019008
150,13,0.0016814999980852,0.7299210999917705,41.40390489999845,7.189081999997143,41.40558639999654,7.919003099988913,5.2799994591623545e-05,0.0052982999914092
150,14,0.0017981999990297,0.7403682000003755,42.16654330000165,7.53428089999943,42.16834150000068,8.274649099999806,5.51999983144924e-05,0.0061355000070761
150,15,0.0017198999994434,0.7336662000016076,41.56316360000346,6.733015000005253,41.56488350000291,7.46668120000686,5.729999975301325e-05,0.0053278999985195
150,16,0.0016497999895364,0.7273653000011109,42.17844790000527,6.466031200005091,42.1800976999948,7.193396500006202,5.320001218933612e-05,0.0059274999948684
150,17,0.0017280000029131,0.7244742999901064,41.80511019998812,5.921347900002729,41.80683819999104,6.645822199992836,5.980000423733145e-05,0.0064958000002661
150,18,0.0019075000018347,0.7351924999966286,41.62807619999512,7.682233300001826,41.62998369999696,8.417425799998455,5.909999890718609e-05,0.0053178999951342
150,19,0.0016558000061195,0.7356571999989683,42.10573129999102,6.088206899992656,42.10738709999714,6.823864099991624,5.729999975301325e-05,0.0053162000112934
150,20,0.0016389999946113,0.7227650999993784,41.66449520000606,6.731801800007816,41.66613420000067,7.454566900007194,4.719999560620636e-05,0.0052789000037591
150,21,0.0018582000047899,0.7262205000006361,41.51636400001007,7.14863849998801,41.51822220001486,7.874858999988646,5.750000127591193e-05,0.0052830000058747
150,22,0.001628999991226,0.754371999995783,41.66317620000336,5.309211800005869,41.66480519999459,6.063583800001652,5.280000914353877e-05,0.0057706000079633
150,23,0.0016449999966425,0.760419099999126,42.1692289999919,7.601864099997329,42.170873999988544,8.362283199996455,5.230000533629209e-05,0.0053391000110423
150,24,0.0016738999984227,0.7274590000015451,41.61659160000272,6.922151399994618,41.61826550000114,7.649610399996163,5.870001041330397e-05,0.0054994000092847
150,25,0.0016688000032445,0.7328364999993937,41.52880340001138,6.373456100001931,41.53047220001463,7.106292600001325,6.859999848529696e-05,0.0059507999976631
150,26,0.0016176000062841,0.7289608999999473,41.432244299998274,6.324619300008635,41.43386190000456,7.053580200008582,5.6200005928985775e-05,0.0057921999978134
150,27,0.0015884000022197,0.7482595999899786,42.20295880000049,7.452113099992857,42.20454720000271,8.200372699982836,5.85000088904053e-05,0.0055089999950723
150,28,0.001759500009939,0.7545048000029055,42.18301189999329,4.32876980000583,42.18477140000323,5.083274600008735,7.709999044891447e-05,0.0063495000067632
150,29,0.001654600011534,0.7390153000014834,41.7214493000065,6.740978899993934,41.72310390001803,7.479994199995417,5.719999899156392e-05,0.0052748000016435
150,30,0.0016337999986717,0.7369806000060635,41.78582160000224,5.853423300010036,41.78745540000091,6.590403900016099,5.499999679159373e-05,0.005317199989804
150,31,0.0017752999992808,0.7243277999950806,41.92001769998751,5.8636419999966165,41.92179299998679,6.587969799991697,5.219999002292752e-05,0.0052582000062102
150,32,0.0017059999954653,0.7265962999954354,41.65152379999927,8.30713580000156,41.65322979999473,9.033732099996996,5.909999890718609e-05,0.0052575000008801
150,33,0.0016555000038351,0.7462888999871211,41.31769709999208,6.554940899994108,41.31935259999591,7.301229799981229,5.210000381339341e-05,0.0053201999980956
150,34,0.0016417000006185,0.7259788999945158,41.86450189999596,6.776942099997541,41.866143599996576,7.502920999992057,5.299999611452222e-05,0.0061310000019147
150,35,0.0016414999990956,0.7207570000027772,41.51560090000567,7.682920199993532,41.51724240000476,8.40367719999631,5.8599995099939406e-05,0.0055228999990504
150,36,0.0016512000001966,0.7279587999946671,41.21667249999882,5.867079999996349,41.21832369999902,6.595038799991016,5.74999867239967e-05,0.0053423000063048
150,37,0.0016704000008758,0.7391226000036113,41.277326399998856,8.112449399995967,41.27899679999973,8.851571999999578,5.34999999217689e-05,0.005272700000205
150,38,0.0020970000041415,0.742351900000358,41.31789339998795,6.922209399999701,41.31999039999209,7.664561300000059,5.1300012273713946e-05,0.0055674999894108
150,39,0.0017144000012194,0.7309076000092318,41.43299329999718,6.853465599997435,41.4347076999984,7.584373200006667,6.33999879937619e-05,0.0053313999960664
150,40,0.0016670000040903,0.7303766999975778,41.473687699995935,6.555485099990619,41.475354700000025,7.285861799988197,5.34999999217689e-05,0.0053551000019069
150,41,0.0017101999983424,0.7360218999965582,41.46317029999045,6.448935499996878,41.4648804999888,7.184957399993436,5.719999899156392e-05,0.0070702999946661
150,42,0.0018679000058909,0.7308866999956081,41.50187100000039,6.4432422999962,41.50373890000628,7.174128999991808,6.200000643730164e-05,0.005246899992926
150,43,0.0016615000058664,0.7285579000017606,41.42017269998905,6.058878199997707,41.42183419999492,6.787436099999468,5.790000432170928e-05,0.0061041999870212
150,44,0.0016708000039216,0.7437909000000218,41.64465729999938,7.502982700010762,41.6463281000033,8.246773600010783,5.5500000598840415e-05,0.0052969999960623
150,45,0.0016390999953728,0.7325117000000319,41.57539289999113,6.686616000006325,41.5770319999865,7.419127700006356,5.4899996030144393e-05,0.0052900000009685
150,46,0.0016877000016393,0.7365828999900259,41.42527579999296,6.995954699988943,41.4269634999946,7.732537599978968,5.319999763742089e-05,0.0054166999907465
150,47,0.0018132999975932,0.7563015000050655,41.62732240000332,7.735080699989339,41.62913570000092,8.491382199994405,5.700001202058047e-05,0.0052999000035924
150,48,0.0016032999992603,0.7237037999875611,41.48433500000101,9.279029700002866,41.48593830000027,10.002733499990429,5.18000015290454e-05,0.0052699000079883
150,49,0.0016597999929217,0.7312011000030907,41.79904559999704,5.665403099992545,41.800705399989965,6.396604199995636,5.160000000614673e-05,0.0053114000038476
150,50,0.0017102000128943,0.7305058000056306,41.416680199996335,5.896387800006778,41.41839040000923,6.626893600012409,5.199998850002885e-05,0.0062288000044645
161,1,0.0018307999998796,0.9175786999985576,48.644205900011,10.141189400004803,48.64603670001088,11.058768100003364,6.180000491440296e-05,0.0064136000000871
161,2,0.0019737999973585,0.929362900002161,47.836016300003394,8.61292840000533,47.83799010000075,9.542291300007491,5.869999586138874e-05,0.0064126999932341
161,3,0.0019098000047961,0.8922375999973156,47.708778700005496,6.353630099998554,47.71068850001029,7.24586769999587,6.859999848529696e-05,0.0071967000112636
161,4,0.0018317000067327,0.9057070999988356,47.97721979999915,7.863085399992997,47.97905150000588,8.768792499991832,6.580000626854599e-05,0.0064090000087162
161,5,0.0018026999896392,0.8955889999924693,47.891748300011386,10.593217699992238,47.89355100000103,11.488806699984709,6.059999577701092e-05,0.0071356999978888
161,6,0.00234370000544,0.9373694999958389,48.45531010000559,7.868849099992076,48.45765380001103,8.806218599987915,6.0300008044578135e-05,0.0079398999951081
161,7,0.0018756999925244,0.9199393000017152,47.74681579999742,11.047092399996473,47.748691499989945,11.967031699998188,6.310000026132911e-05,0.0063981999992392
161,8,0.0019214999920222,0.9132479000109016,47.84923039999558,7.913555199993425,47.8511518999876,8.826803100004327,6.36000040685758e-05,0.0065460000041639
161,9,0.0018972999969264,0.8954098999965936,48.068792699996266,8.221849699999439,48.07068999999319,9.117259599996032,6.960000609979033e-05,0.0071088999975472
161,10,0.0018609000107971,0.9015729999955512,47.88245660001121,8.571833199996036,47.88431750002201,9.473406199991588,6.419999408535659e-05,0.0070853999932296
161,11,0.0019233999919379,0.8945300000050338,47.623609800008126,8.545863000006648,47.62553320000006,9.440393000011682,5.459999374579638e-05,0.0068518000043695
161,12,0.001836399998865,0.9064452000020538,48.010089999996126,8.63917819999915,48.01192639999499,9.545623400001205,6.139998731669039e-05,0.0062876000010874
161,13,0.0018989000091096,0.924935600007302,47.93096990000049,8.42759279999882,47.9328688000096,9.352528400006122,6.079999729990959e-05,0.0062914999871281
161,14,0.0018717000057222,0.8996691000065766,47.60119709999708,9.964002699998671,47.6030688000028,10.86367180000525,5.609999061562121e-05,0.0067429000046104
161,15,0.0021149000094737,0.9357859000010648,48.19450319999305,9.549724099997547,48.19661810000253,10.485509999998612,7.139999070204794e-05,0.0073512999952072
161,16,0.0018006000027526,0.9108957999997074,47.92179189999297,9.450062000003529,47.92359249999572,10.360957800003234,5.979998968541622e-05,0.006284000002779
161,17,0.0018871999927796,0.9146710000059102,48.136251400006586,7.171003499999642,48.138138599999365,8.085674500005553,5.950000195298344e-05,0.0071073000144679
161,18,0.0018434000085107,0.9306426999974065,47.81400980000035,8.782116699992912,47.81585320000886,9.712759399990318,5.889999738428742e-05,0.007499999992433
161,19,0.0018818999960785,0.9101413999887882,47.93043120000221,8.210560000006808,47.93231309999828,9.120701399995596,5.870001041330397e-05,0.0064026000036392
161,20,0.0017440999945392,0.9071375000057742,47.77388240001165,8.574131899993517,47.77562650000618,9.481269399999292,5.750000127591193e-05,0.0064171000121859
161,21,0.0018696999904932,0.9039238000113984,47.83255000000645,8.981517100008205,47.83441969999694,9.885440900019605,6.130000110715628e-05,0.0063914000056684
161,22,0.0018951999954879,0.8953522000083467,47.6322177000111,9.58989489999658,47.634112900006585,10.485247100004926,4.889999399892986e-05,0.0074385999905643
161,23,0.001863500001491,0.9004478999995627,48.44533600000432,8.477870100003202,48.44719950000581,9.378318000002764,6.000000576023013e-05,0.0063807999977143
161,24,0.0018921999871963,0.9142664999963016,47.75858019999578,8.590764199994737,47.76047239998297,9.50503069999104,6.859999848529696e-05,0.0068806000053882
161,25,0.0021982000034768,0.9108711000008044,47.82006749999709,7.787835499999346,47.82226570000057,8.69870660000015,5.669999518431723e-05,0.0063647999922977
161,26,0.0018200000049546,0.897005300008459,47.72370780000347,8.73809590000019,47.72552780000842,9.635101200008648,6.150000263005495e-05,0.0063387999980477
161,27,0.0018574999994598,0.9187508999893907,47.66655150000588,9.984798800011047,47.66840900000534,10.90354970000044,7.999999797903001e-05,0.0067926999909104
161,28,0.0018902000010712,0.9020405000046594,47.55984410000383,8.33451650000643,47.5617343000049,9.23655700001109,5.539999983739108e-05,0.006875699997181
161,29,0.0019478000031085,0.8967035999958171,47.49666289999732,9.080078500002855,47.49861070000043,9.976782099998672,6.259999645408243e-05,0.0068167999997967
161,30,0.0018548000080045,0.8969711999961874,47.68608250000398,7.355353200007812,47.68793730001198,8.252324400004,6.299999949987978e-05,0.0067031000071438
161,31,0.0018847000028472,0.9055442000098992,47.87442839999858,7.36087079999561,47.87631310000143,8.266415000005509,6.140000186860561e-05,0.0066605000029085
161,32,0.0020422999950824,0.8921058999985689,48.064074599999,9.816503900001408,48.066116899994086,10.708609799999977,5.51999983144924e-05,0.0064263000094797
161,33,0.0019428000086918,0.9171578999958,47.84276699999464,7.024964900003397,47.84470980000333,7.942122799999197,5.469999450724572e-05,0.0073705000104382
161,34,0.0020369999983813,0.9072714999929304,47.97074559998873,9.533764799998607,47.97278259998711,10.441036299991538,6.010000652167946e-05,0.0073523000028217
161,35,0.0019011999975191,0.9000075999938417,47.76025170000503,10.777244800003244,47.76215290000255,11.677252399997087,5.979998968541622e-05,0.0065961999935097
161,36,0.0018349000019952,0.9097513000015168,47.75973089999752,8.008010999998078,47.76156579999952,8.917762299999595,5.950000195298344e-05,0.00647239999671
161,37,0.0023324000067077,0.8917937000078382,47.806735299993306,9.541661700000986,47.809067700000014,10.433455400008825,6.0699996538460255e-05,0.0064173000137088
161,38,0.0018176000012317,0.8971401000017067,47.982863299999735,8.390879699989455,47.98468090000097,9.288019799991162,6.359998951666057e-05,0.0070129000087035
161,39,0.0020152999932179,0.9002494000014849,47.53506550000748,9.62017829999968,47.537080800000695,10.520427700001164,6.130000110715628e-05,0.0063745999941602
161,40,0.0021477000118466,0.9073561999975936,47.8439006999979,10.156524599995464,47.84604840000975,11.063880799993058,5.9300000430084765e-05,0.006283099995926
161,41,0.0019076000025961,0.908456399993156,47.84467480001331,10.038926499997617,47.84658240001591,10.947382899990773,5.909999890718609e-05,0.0063808999984757
161,42,0.0019170999876223,0.8996630999899935,47.8200485999987,8.419796200003475,47.82196569998632,9.319459299993468,6.540000322274864e-05,0.0063391000003321
161,43,0.002259300003061,0.9011377999995602,48.16238759999396,8.479987099999562,48.164646899997024,9.381124899999122,6.160000339150429e-05,0.0063971999916248
161,44,0.0018468999915057,0.9065504000027432,47.7604766000004,9.220788600010565,47.76232349999191,10.127339000013308,5.5800002883188426e-05,0.0063561999995727
161,45,0.0018516999989515,0.9049159999995028,47.84962239999732,9.66955889998644,47.85147409999627,10.574474899985944,7.350000669248402e-05,0.0068805000046268
161,46,0.0018716000049607,0.9028661999909672,48.04137569999148,8.30018829999608,48.04324729999644,9.203054499987047,5.9299985878169537e-05,0.0063874000043142
161,47,0.0018897000118158,0.8966292000113754,47.94649849999405,8.277948200004175,47.948388200005866,9.17457740001555,6.120000034570694e-05,0.0065684000001056
161,48,0.0018818999960785,0.9028383999975632,47.79573579999851,7.901533999989624,47.79761769999459,8.804372399987187,5.8999998145736754e-05,0.0069318000023486
161,49,0.0018915999971795,0.911744800003362,47.8168880000012,7.89542299999448,47.81877959999838,8.807167799997842,6.150000263005495e-05,0.0063975999946706
161,50,0.0018451000069035,0.8896992000081809,48.14340689999517,8.615062299999408,48.14525200000208,9.50476150000759,5.990000499878079e-05,0.0070249999989755
172,1,0.0020912000036332,1.1175524999998745,54.97918260000006,10.751609600003576,54.98127380000369,11.86916210000345,6.420000863727182e-05,0.0076294000027701
172,2,0.0021650999988196,1.1002527000091504,54.85332739999285,10.6643122999958,54.85549249999167,11.76456500000495,6.44999963697046e-05,0.0078607000032207
172,3,0.0021130999957676,1.112511799990898,54.82896430000255,11.415454100002536,54.83107739999832,12.527965899993433,6.489999941550195e-05,0.0081441999936942
172,4,0.0021725000115111,1.0936564999865368,54.74979650000751,11.069312000006905,54.75196900001902,12.16296849999344,6.500000017695129e-05,0.0075861000077566
172,5,0.0020850000000791,1.0844412000005832,54.87056290000328,12.331039600001532,54.87264790000336,13.415480800002117,6.53000024612993e-05,0.0082286999968346
172,6,0.0020820000063395,1.1160325999953784,55.11274579999736,14.32341460000316,55.114827800003695,15.43944719999854,6.769999163225293e-05,0.0077371000079438
172,7,0.002259300003061,1.1056565000035334,55.1770838000084,12.7864883000002,55.179343100011465,13.892144800003734,6.290001329034567e-05,0.0082465000014053
172,8,0.0026288999943062,1.1097034999984317,54.92318259998865,11.488718900000094,54.92581149998296,12.598422399998526,5.420000525191426e-05,0.0079791000025579
172,9,0.0021073999960208,1.1016307000099914,54.61181440000655,10.311364799999865,54.61392180000257,11.412995500009856,6.500000017695129e-05,0.0075262000027578
172,10,0.0020923999982187,1.098747199997888,54.71396520000417,15.210880799990264,54.71605760000239,16.30962799998815,6.429999484680593e-05,0.0078269999939948
172,11,0.0020588000043062,1.107068800003617,55.23642899999686,11.16022759999032,55.23848780000117,12.267296399993938,6.310000026132911e-05,0.0078785000077914
172,12,0.0021187999955145,1.0969537000055425,55.11560359998839,11.309791799998491,55.117722399983904,12.406745500004035,6.380000559147447e-05,0.0076085000036982
172,13,0.0020834000024478,1.1002040000021225,54.766428299990366,9.892122100005508,54.768511699992814,10.99232610000763,6.239999493118376e-05,0.0084104999987175
172,14,0.0020632999949157,1.080244800003129,54.90860160000739,10.31803249999939,54.9106649000023,11.39827730000252,6.540000322274864e-05,0.0076124000042909
172,15,0.0022484999935841,1.0916752999910386,55.37399959999311,12.485787199999322,55.3762480999867,13.57746249999036,6.330000178422779e-05,0.0077814999967813
172,16,0.0021011000062571,1.0976449999870963,55.24871980000171,12.54891700000735,55.250820900007966,13.646561999994448,8.230000094044954e-05,0.0086612000013701
172,17,0.0021898000122746,1.1212757999892349,54.9954582000064,11.31751439999789,54.99764800001867,12.438790199987125,6.36000040685758e-05,0.0075661000009858
172,18,0.0021107999928062,1.0903812000033213,54.75775639999483,10.407905699990806,54.75986719998764,11.498286899994127,6.36000040685758e-05,0.0076429000037023
172,19,0.0021105000050738,1.1004699000041,54.66892389999703,12.714563899993664,54.6710344000021,13.815033799997764,6.380000559147447e-05,0.0076702000078512
172,20,0.0021647999965352,1.0815514999994775,54.81353050000325,11.614290199999232,54.81569529999979,12.69584169999871,6.469999789260328e-05,0.0076516999979503
172,21,0.0021202000061748,1.107587999998941,54.98086929999408,12.083030099995083,54.98298950000026,13.190618099994026,6.669999856967479e-05,0.0080908000090857
172,22,0.002205299999332,1.107597700000042,54.78745560000243,11.003170099997078,54.78966090000176,12.11076779999712,7.369999366346747e-05,0.0077329999912763
172,23,0.0024193999997805,1.0972122000093805,55.168778599996585,10.572696699993685,55.171197999996366,11.669908900003064,6.479999865405262e-05,0.0080592000012984
172,24,0.0021292000019457,1.1131236999935936,54.819923799994285,8.34030489998986,54.82205299999623,9.453428599983454,6.429999484680593e-05,0.0076553999970201
172,25,0.0020642000017687,1.1467755999910878,55.128501900006086,10.810890900000231,55.130566100007854,11.95766649999132,6.520000169984996e-05,0.0089410999935353
172,26,0.0021277000050758,1.083916000003228,54.78216649999376,9.50939940000535,54.78429419999884,10.593315400008578,6.540000322274864e-05,0.0076138000003993
172,27,0.0021192999993218,1.102974900000845,54.65844539999671,9.845741400000406,54.66056469999603,10.948716300001252,6.95999915478751e-05,0.008303300011903
172,28,0.0022302999859675,1.0801077999931294,54.775414699994144,12.545656100002816,54.77764499998011,13.625763899995944,8.069998875726014e-05,0.0077655000059166
172,29,0.0020759000035468,1.0850790999975288,54.74867950000044,12.231660000004922,54.75075540000398,13.31673910000245,6.430000939872116e-05,0.0075737000006483
172,30,0.0021286000119289,1.0954771999968216,54.75645099999383,11.63045680000505,54.75857960000576,12.725934000001873,6.510000093840063e-05,0.0076675999880535
172,31,0.0021281999943312,1.092273700007354,55.312833100004354,10.56780269999581,55.314961299998686,11.660076400003163,6.599999323952943e-05,0.0093093999894335
172,32,0.0020753999997396,1.122811699999147,55.28294200000528,11.074389700006575,55.28501740000502,12.197201400005724,6.599999323952943e-05,0.0076543000031961
172,33,0.002087599990773,1.0863305999955628,54.7406736999983,12.35010759999568,54.74276129998907,13.436438199991244,6.380000559147447e-05,0.0076322999957483
172,34,0.0021521000016946,1.084695700003067,54.747675899998285,9.402974700002233,54.74982799999998,10.4876704000053,6.439999560825527e-05,0.0080396999983349
172,35,0.0020508000015979,1.091146499995375,54.67144219999318,9.925093600002583,54.67349299999478,11.016240099997958,6.559999019373208e-05,0.0079304000100819
172,36,0.0020266999927116,1.1083098000090104,54.88562020000245,11.083606200001668,54.88764689999516,12.19191600001068,6.330000178422779e-05,0.0085564999899361
172,37,0.0021095999982208,1.0907491999969352,54.856586199995945,15.3820956999989,54.858695799994166,16.472844899995835,6.70000008540228e-05,0.0075696999992942
172,38,0.0021297000057529,1.0992437999957474,54.66218710000976,11.689140999995288,54.66431680001551,12.788384799991036,8.349999552592635e-05,0.0086307000019587
172,39,0.0021131000103196,1.097025199997006,54.798984799999744,9.705514699991909,54.80109790001006,10.802539899988917,6.560000474564731e-05,0.0076322999957483
172,40,0.0021121000027051,1.0842405000003057,54.71682529999816,11.864983699997538,54.71893740000087,12.949224199997843,6.550000398419797e-05,0.0082573999970918
172,41,0.0020621000003302,1.090217599994503,54.70346289999725,9.64030920001096,54.70552499999758,10.730526800005464,6.420000863727182e-05,0.0076217000023461
172,42,0.0020342000061646,1.081093900007545,55.29963619999762,9.477244900001097,55.301670400003786,10.558338800008642,5.880001117475331e-05,0.0084580999973695
172,43,0.0021309000003384,1.1021772999956738,54.88741530000698,13.243438399993464,54.88954620000732,14.34561569998914,6.289999873843044e-05,0.0089882999891415
172,44,0.0021237000037217,1.087541600005352,55.09180599999672,11.13358779999544,55.09392970000045,12.221129400000793,6.409999332390726e-05,0.0076224999938858
172,45,0.0019622999971034,1.1011628999985987,54.702456800005166,10.211178900004596,54.70441910000227,11.312341800003196,6.590000702999532e-05,0.0083371999935479
172,46,0.0021063000021968,1.096208499991917,54.79789329999767,10.751042499992764,54.799999599999865,11.84725099998468,6.380000559147447e-05,0.0084214000089559
172,47,0.0020673999970313,1.0849092999997083,54.8242212000041,8.59949000000779,54.826288600001135,9.6843993000075,6.720000237692147e-05,0.0076092000090284
172,48,0.0023337999882642,1.1110313000099268,55.11363229999552,12.847338599996874,55.11596609998378,13.9583699000068,6.880000000819564e-05,0.0087156999943545
172,49,0.0020328000100562,1.1067164999985837,54.61119699999108,11.344419000000926,54.613229800001136,12.45113549999951,6.810000922996551e-05,0.0086588999984087
172,50,0.0021275999897625,1.094279999990249,54.74552310000581,8.990912900000694,54.747650699995575,10.085192899990943,7.37999944249168e-05,0.008261200011475
183,1,0.0024265999963972,1.329412199993385,62.98245640000096,16.133153200004017,62.98488299999735,17.462565399997402,7.110000296961516e-05,0.0095729000022402
183,2,0.0024021999997785,1.3382124999916414,62.89143730000069,16.325992900005076,62.89383950000047,17.664205399996717,6.820000999141484e-05,0.0090190999908372
183,3,0.0023732000117888,1.343087100001867,62.83949840000423,14.937966099998448,62.84187160001602,16.281053200000315,7.049999840091914e-05,0.0090829999971902
183,4,0.0024387000012211,1.3342334999906598,62.37922380000237,11.539796700002626,62.38166250000359,12.874030199993284,6.849999772384763e-05,0.0090029999992111
183,5,0.0023387999972328,1.3294980000064245,62.38630959999864,17.849961799991434,62.38864839999587,19.179459799997858,5.669999518431723e-05,0.0090415000013308
183,6,0.0022747000039089,1.3137434999953257,62.17779979998886,14.703270800004248,62.18007449999277,16.017014299999573,6.859999848529696e-05,0.0098045000049751
183,7,0.0024110999947879,1.35553849999269,62.63284760000533,14.779811100001098,62.63525870000012,16.135349599993788,6.779999239370227e-05,0.0090911000006599
183,8,0.0023934000055305,1.3135518000053708,62.42283260000113,15.189620400007698,62.42522600000666,16.50317220001307,6.690000009257346e-05,0.0090187999885529
183,9,0.0026280999882146,1.3145578999974532,62.72315570000501,12.094923500000732,62.72578379999322,13.409481399998183,6.849999772384763e-05,0.0101911999954609
183,10,0.0022901000047568,1.3269922999897972,62.433506000001216,14.592463799999678,62.43579610000597,15.919456099989477,6.900000153109431e-05,0.0091087999899173
183,11,0.0024161000037565,1.313330799996038,62.3357612999971,16.159924599996884,62.33817740000086,17.473255399992922,6.910000229254365e-05,0.0095357999962288
183,12,0.0023113999923225,1.3107183999964036,62.13802029998624,13.158975199999986,62.14033169997856,14.46969359999639,6.2700011767447e-05,0.0090244000020902
183,13,0.0023656000121263,1.307587000002968,62.25178049999522,12.554890200000957,62.25414610000735,13.862477200003925,6.849999772384763e-05,0.0092551999987335
183,14,0.0023815000022295,1.312746600000537,62.14493079998647,13.534152499996708,62.1473122999887,14.846899099997245,6.859999848529696e-05,0.008956699995906
183,15,0.002408500004094,1.3197341000050071,70.23633980000159,16.92116860000533,70.23874830000568,18.24090270001033,7.000000914558768e-05,0.0098204999958397
183,16,0.0023717000003671,1.348293400005787,63.38160949999292,18.680600100007723,63.383981199993286,20.02889350001351,6.439999560825527e-05,0.0091545000032056
183,17,0.0023710999957984,1.336591999992379,62.71045949999825,12.121467799996026,62.71283059999405,13.458059799988405,6.819999543949962e-05,0.0098940000025322
183,18,0.0028236999933142,1.3334589999867603,62.50591449999774,14.334408800001256,62.50873819999106,15.667867799988016,7.09999876562506e-05,0.0101866999902995
183,19,0.0023767999955452,1.3254217000067,62.461637500004144,13.19599890000245,62.46401429999969,14.52142060000915,6.359998951666057e-05,0.0098271000024396
183,20,0.0024046999897109,1.348525499997777,63.075828800007,13.45715940000082,63.07823349999671,14.805684899998596,6.819999543949962e-05,0.0091191999963484
183,21,0.0024061000003712,1.3304053000028944,62.62831709999591,13.656931200006513,62.63072319999628,14.987336500009404,6.809999467805028e-05,0.0092163999943295
183,22,0.0024683999945409,1.323890500003472,62.31122369998775,12.008113200005027,62.31369209998229,13.3320037000085,7.500000356230885e-05,0.009624000012991
183,23,0.0023564000002807,1.3487337999977171,62.456858200006536,11.429291599997669,62.45921460000682,12.778025399995386,9.40000027185306e-05,0.0103242000041063
183,24,0.0025209000014001,1.336711700001615,62.54487059998792,15.700121199988644,62.54739149998932,17.03683289999026,6.86999992467463e-05,0.0090675999963423
183,25,0.0023255000123754,1.3439168999902904,62.786129800006165,13.848546900000656,62.78845530001854,15.192463799990946,6.78000069456175e-05,0.0094429999880958
194,1,0.0025378999998793,1.6081677000038326,70.77828889999364,18.584877900008,70.78082679999352,20.19304560001183,7.399999594781548e-05,0.0104973999987123
194,2,0.0025756000104593,1.585045200001332,70.61068710000836,21.40719179999724,70.61326270001882,22.992236999998568,7.180000829976052e-05,0.0105734999960986
194,3,0.0026932000037049,1.5625658000062683,70.67461159999948,15.62979269999778,70.67730480000318,17.192358500004048,7.339999137911946e-05,0.0108110000001033
194,4,0.0026609000051394,1.56808669999009,70.393267499996,16.272374200008926,70.39592840000114,17.840460899999016,7.239999831654131e-05,0.0105077999905915
194,5,0.0026246000052196,1.582289400001173,70.41534619999584,14.854572899988852,70.41797080000106,16.436862299990025,7.330000516958535e-05,0.0119941000011749
194,6,0.002660799989826,1.5768405999988315,70.79133320000255,12.882012400004896,70.79399399999238,14.458853000003728,8.739999611862004e-05,0.0117585999978473
194,7,0.0025769000058062,1.5680097000004023,71.03577199998836,14.319888099998934,71.03834889999416,15.887897799999337,7.270000060088933e-05,0.0106229999946663
194,8,0.0026581999991321,1.9519012999953704,70.4967270999914,19.22009160000016,70.49938529999054,21.17199289999553,7.110000296961516e-05,0.0105379000015091
194,9,0.0026738000015029,1.581796900005429,70.77031560000614,16.41366089999792,70.77298940000765,17.99545780000335,7.03000114299357e-05,0.0115794000012101
194,10,0.0026103999989572,1.5757056000002194,70.66585369998938,17.31014070000674,70.66846409998834,18.88584630000696,7.340000593103468e-05,0.0107019999995827
194,11,0.0026582000136841,1.5921290999976918,70.75820480000402,14.986076500004856,70.76086300001771,16.578205600002548,7.100000220816582e-05,0.0115865999978268
194,12,0.0026201000000583,1.5998834000056377,71.1242779000022,16.236826399996062,71.12689800000226,17.8367098000017,7.319998985622078e-05,0.0107153999997535
194,13,0.0026080999959958,1.5937252000003357,70.41949470000691,15.989912799996093,70.4221028000029,17.583637999996427,7.259999983943999e-05,0.0105500999925425
194,14,0.0026534000062383,1.566488099997514,70.5791418000008,16.113329799991334,70.58179520000704,17.679817899988848,7.709999044891447e-05,0.0107698000065283
194,15,0.0026894000038737,1.5579117000015683,70.6348544999928,17.756372699994245,70.63754389999667,19.314284399995813,7.350000669248402e-05,0.010759999990114
194,16,0.0026243999891448,1.594863999998779,70.46182090000366,18.810433099992224,70.4644452999928,20.405297099991003,5.919999966863543e-05,0.0113256000040564
194,17,0.0027083000022685,1.5943980000010924,71.40486470000178,14.874344399999243,71.40757300000405,16.468742400000338,7.149999146349728e-05,0.0107874000095762
194,18,0.002715900001931,1.584864699994796,70.82164660000126,16.498944600010873,70.82436250000319,18.08380930000567,7.249999907799065e-05,0.0107611999992514
194,19,0.0025936999882105,1.562562799997977,71.20716910000192,17.26042220000818,71.20976279999013,18.82298500000616,7.249999907799065e-05,0.0106017000071005
194,20,0.0025693999923532,1.5815737000084482,70.57875690000947,13.523758000010275,70.58132630000182,15.105331700018723,7.2900002123788e-05,0.0106611000082921
194,21,0.0026310999965062,1.571995499994955,71.00208239999483,20.00654410000425,71.00471349999134,21.578539599999203,8.030000026337802e-05,0.0106766999961109
194,22,0.0026989000034518,1.5922722999966936,70.40104849998897,14.262746399996104,70.40374739999243,15.855018699992796,7.239999831654131e-05,0.0125017999962437
194,23,0.0027725999971153,1.5702922000054969,70.85398240000359,22.09274829999777,70.8567550000007,23.663040500003262,7.229999755509198e-05,0.0105841000040527
194,24,0.0027370000025257,1.5620163999992656,70.86657319999358,15.099174100003438,70.86931019999611,16.661190500002704,7.239999831654131e-05,0.0105399000021861
194,25,0.0026125000003958,1.6140551999997117,70.21150920000218,16.738608499988914,70.21412170000258,18.352663699988625,7.779999577905983e-05,0.0106276000005891
205,1,0.0033091000077547,1.881024400005117,81.24375930000679,26.91950939998788,81.24706840001454,28.80053379999299,9.860000864136964e-05,0.0126496000011684
205,2,0.0029172000067774,1.8752655999996928,79.61607829999411,23.65900250000413,79.61899550000089,25.53426810000383,7.989999721758068e-05,0.0128868999890983
205,3,0.0028599999932339,1.8366727999964496,79.5182555999927,18.28124599999865,79.52111559998593,20.11791879999509,0.0001208000030601,0.0142195999942487
205,4,0.0029021999944234,1.8401441000023624,78.95106210000813,20.0650261999981,78.95396430000255,21.905170300000464,7.860000187065452e-05,0.0139364000060595
205,5,0.0028299999976297,1.8529464000021107,79.80440700000327,23.632940399998915,79.8072370000009,25.485886800001023,7.739999273326248e-05,0.0124397000035969
216,1,0.0030647999956272,2.1496224000002258,89.18073249999725,28.516049199999543,89.18379729999288,30.66567159999977,8.090000483207405e-05,0.0143792000017128
216,2,0.0030869000038364,2.1742129999911413,89.02694260000135,28.35572000000684,89.03002950000518,30.529932999997985,8.399999933317304e-05,0.0142049999994924
216,3,0.0032561000116402,2.153900400007842,89.14275719999569,34.08780970000953,89.14601330000733,36.24171010001737,8.090000483207405e-05,0.0142968000000109
216,4,0.0031804999889573,2.153901500001666,89.27575919999799,28.67011590000766,89.27893969998695,30.824017400009325,8.099999104160815e-05,0.01425229999586
216,5,0.0033142999891424,2.1657277999911457,88.36124690000725,23.042486099991947,88.36456119999639,25.208213899983093,8.080000407062471e-05,0.0156759000092279
227,1,0.0035067999997409,2.526378200011095,98.7518882000004,37.69480629998725,98.75539500000014,40.22118449999834,8.720000914763659e-05,0.0168484000023454
227,2,0.0035191000060876,2.483207500001299,98.52786479999486,23.949812999999267,98.53138390000096,26.433020500000566,7.449999975506216e-05,0.016824300008011
227,3,0.0032454999891342,2.490311000001384,98.39762170000176,18.20825640000112,98.4008671999909,20.698567400002503,8.50000069476664e-05,0.0177493999944999
227,4,0.0034943999926326,2.4678113000118174,97.95655020000412,28.580768700005137,97.96004459999676,31.048580000016955,8.410000009462237e-05,0.0175705000001471
227,5,0.0033484000014141,2.4896538000029977,98.409001299995,32.5677555000002,98.4123496999964,35.0574093000032,0.0001230000052601,0.0170304000057512
238,1,0.0041560999961802,2.925500400000601,109.90570709999884,36.98179379999056,109.90986319999502,39.90729419999116,9.079999290406704e-05,0.0185487999988254
238,2,0.0037353000079747,2.891276800000924,108.88454430000274,43.03535439999541,108.88827960001072,45.926631199996336,7.760000880807638e-05,0.0202049999934388
238,3,0.0036215000000083,2.8632232999952976,109.02492260000145,38.8206438000052,109.02854410000144,41.6838671000005,9.279999358113856e-05,0.0199502000032225
238,4,0.0041540999955032,2.898015099999612,110.04289369999606,43.56293330001063,110.04704779999156,46.46094840001024,0.0001601999974809,0.0189501999993808
238,5,0.0035989000025438,2.928414499998325,109.87904649999108,30.66707650000172,109.88264539999363,33.59549100000004,9.65000072028488e-05,0.0198650000093039
249,1,0.0042839999950956,3.3009428000077605,121.27873720000208,30.94628489999741,121.28302119999717,34.24722770000517,9.950000094249845e-05,0.021844200004125
249,2,0.0043494999990798,3.3148876000050223,120.29606429999694,48.41230119999091,120.30041379999602,51.72718879999593,9.90999978967011e-05,0.0224444000050425
249,3,0.0041263999883085,3.269448700011708,120.04159690000232,40.94062499998836,120.04572329999064,44.21007370000007,9.750000026542692e-05,0.0218969000125071
249,4,0.0041147999872919,3.3038564000016777,120.08703389999572,49.55497440000181,120.09114869998302,52.85883080000349,9.860000864136964e-05,0.0221843000035733
249,5,0.0041303000034531,3.3135251000057906,119.98253880000266,43.7228815999988,119.98666910000613,47.03640670000459,9.950000094249845e-05,0.0211320999951567
260,1,0.004438799995114,3.793727900003432,132.00810590000765,45.97972899999877,132.01254470000276,49.7734569000022,0.0001087999989977,0.0284054000076139
260,2,0.004572999998345,3.7737646000023233,132.81434559999616,44.94150840000657,132.8189185999945,48.71527300000889,0.0001009999978123,0.0244370000000344
260,3,0.0045228999952087,3.811938600003488,132.16008129999682,54.97015399999509,132.16460419999203,58.78209259999858,0.000201000002562,0.0253527000022586
260,4,0.004517699999269,3.754310100004659,133.15938680000545,42.13188810000429,133.16390450000472,45.88619820000895,0.0001057000044966,0.0249761000013677
260,5,0.0046549999970011,3.867170700003044,132.2482633000036,48.61296899999434,132.2529183000006,52.48013969999738,0.0001032999862218,0.0243880999914836
271,1,0.004954700008966,4.27245910000056,144.91430199999013,48.03264599999238,144.9192566999991,52.30510509999294,0.0001717999984975,0.0281277999893063
271,2,0.0049279000086244,4.274614499998279,144.9942882000032,34.287339699993026,144.99921610001184,38.561954199991305,9.06000059330836e-05,0.0282392000081017
271,3,0.0047677999973529,4.372444599997834,145.01152499999444,58.86849040001107,145.0162927999918,63.2409350000089,0.0001067999983206,0.0270650000020395
271,4,0.0048840999952517,4.304445300003863,145.99973090000276,54.90229310000723,146.004614999998,59.20673840001109,0.0001062000083038,0.0279517999879317
271,5,0.0048498999967705,4.29051609999442,144.5265972000052,69.71014860000287,144.53144710000197,74.00066469999729,0.0001111000019591,0.0294895999977597
287,1,0.0049276999925496,5.144123399993987,165.6692565999983,80.41499419999309,165.67418429999088,85.55911759998708,0.0001189000031445,0.0339273000136017
287,2,0.0055082000035326,5.083605899999384,164.9865393999935,68.49448000000848,164.99204759999702,73.57808590000786,0.0001171000039903,0.0324333000025944
287,3,0.0055948999943211,5.115758099986124,165.9419649999909,60.01655420000316,165.9475598999852,65.13231229998928,0.0001225000014528,0.0325544999941485
287,4,0.0057882000110112,5.155119999995804,166.00852909999958,63.80864819999261,166.0143173000106,68.96376819998841,0.0001204000000143,0.0366821000061463
287,5,0.0055740999960107,5.1115231000003405,165.32357029999548,70.17426590000105,165.3291443999915,75.28578900000139,0.0001174000062746,0.033857500005979
303,1,0.0059304000023985,6.0026737000007415,186.7115024999948,81.31179999999586,186.7174328999972,87.3144736999966,0.0001275000104214,0.0400417999917408
303,2,0.0063363000081153,6.016554600006202,186.16087950000656,66.09140540000226,186.16721580001467,72.10796000000846,0.0001233000075444,0.0389365000010002
303,3,0.0059925999958068,5.967212000003201,186.64867480000248,66.25016620001406,186.6546673999983,72.21737820001727,0.000129799998831,0.0408584999968297
303,4,0.0060824999964097,6.028057899995474,185.8964699000062,88.87904240000353,185.9025524000026,94.907100299999,0.0001245000021299,0.0406054000050062
303,5,0.0059805000055348,6.000229500001296,185.8351474999945,72.04048359999433,185.84112800000003,78.04071309999563,0.0001247000036528,0.040677000011783
319,1,0.0069858000060776,7.291599899996072,207.72340040000563,85.69888919999357,207.7303862000117,92.99048909998965,0.0001352999970549,0.0469334999943384
319,2,0.006777399990824,7.414352299994789,209.1852333999996,73.4072470000101,209.1920107999904,80.82159930000489,0.0001833999995142,0.045772700002999
319,3,0.0066042999969795,7.388763399998425,209.3230545000115,126.06748170001084,209.32965880000847,133.45624510000926,0.0001412999990861,0.051227200005087
319,4,0.0069706999929621,7.437182900001062,209.00957280000148,76.47046500000579,209.01654349999444,83.90764790000685,0.0001353999978164,0.0447837999963667
319,5,0.0065449999965494,7.277683099993737,208.39391720001004,116.21754240000156,208.4004622000066,123.49522549999529,0.000139300012961,0.0478805000020656
335,1,0.0072844999958761,8.488155499988352,232.65127489999577,114.87450109999918,232.65855939999165,123.36265659998752,0.0001443000073777,0.0522172000055434
335,2,0.0071446000074502,8.481607599998824,234.5130705999909,91.87087070000416,234.52021519999835,100.352478300003,0.0001332999963779,0.051570100011304
335,3,0.0067929999931948,8.505335599998944,232.75268119999964,108.58855739999854,232.75947419999284,117.09389299999748,0.0001879000046756,0.0555970999994315
335,4,0.0079450999910477,8.407520599997952,233.172015499993,147.92698859999655,233.17996059998404,156.3345091999945,0.0001464999950258,0.0529576000117231
335,5,0.0066812000004574,8.454689599995618,234.3426845999929,106.55861790000928,234.3493657999934,115.01330750000488,0.000188000005437,0.0518628999998327
351,1,0.0081167000025743,9.691075900002032,258.5227154000022,152.93607010001142,258.5308321000048,162.62714600001345,0.0001562999968882,0.0604369999928167
351,2,0.0081532000040169,9.70763169998827,257.5971198000043,147.37990770000033,257.6052730000083,157.0875393999886,0.0001569000014569,0.0599333999998634
351,3,0.0081602999998722,9.825787800000398,259.6323721999943,171.06879969999136,259.6405324999941,180.89458749999176,0.0001312000094912,0.0636382999946363
351,4,0.0081123999989358,9.873956600000383,258.3402398000035,132.9547453999985,258.3483522000024,142.82870199999888,0.0001596999936737,0.0584588000056101
351,5,0.0080581999936839,9.789070200000424,257.8305121000012,102.9112288000033,257.8385702999949,112.70029900000372,0.000158900002134,0.0606499000132316
367,1,0.0082671999989543,11.09875400000601,289.095874199993,132.40722059999823,289.104141399992,143.5059746000043,0.0002892999909818,0.0710741000075358
367,2,0.0090769999951589,11.116973399999551,288.2269776999892,180.0594526999921,288.2360546999844,191.1764260999917,0.0003126999945379,0.0681274000089615
367,3,0.0087671999935992,11.220772400003623,288.1610052000033,156.50817310001003,288.1697723999969,167.72894550001365,0.0003003000019816,0.0681801000027917
367,4,0.0090839999902527,11.129877800005488,289.31513849999465,145.71613629999047,289.3242224999849,156.84601409999595,0.0004182000120636,0.0710003999993205
367,5,0.0089139000046998,11.19594349998806,287.9490020999947,129.79933100000198,287.9579159999994,140.99527449999005,0.0003109999961452,0.0717270000022836
383,1,0.0098998000030405,12.74043370000436,320.6311937999999,222.1640008999966,320.64109360000293,234.90443460000097,0.0003345000004628,0.0798417000041809
383,2,0.0097012000042013,12.637149800008046,320.2373055999924,197.17917619999207,320.2470067999966,209.8163260000001,0.0002654999989317,0.0794939000043086
383,3,0.0095562999922549,12.719704299990552,323.73404079998727,228.01585609999893,323.7435970999795,240.73556039998948,0.0004696999967563,0.0762055000086547
383,4,0.0099501999939093,12.62864109998918,321.29811530000006,218.2320297999977,321.308065499994,230.86067089998687,0.0003396000101929,0.077526699998998
383,5,0.0084391999989748,12.61893090000376,319.8552316999994,198.7829274999968,319.8636708999984,211.4018584000005,0.0003413000085856,0.0779836000001523
399,1,0.0098877000127686,14.245166900000186,356.0772533999989,181.5814779000065,356.08714110001165,195.8266448000068,0.0004755999980261,0.088843799996539
399,2,0.0103448000008938,14.24937299999874,359.2108586000104,181.7656378999964,359.2212034000113,196.0150108999951,0.0004960999940522,0.0889288999896962
399,3,0.0106149000057484,14.27482149998832,356.6046342000045,196.66201040000303,356.61524910001026,210.9368318999913,0.0004727000050479,0.0922384000004967
399,4,0.0102121999952942,14.23037539998768,360.695220900001,252.65056390000973,360.7054330999963,266.8809392999974,0.0004902999935438,0.0895221999962814
399,5,0.0100658000010298,14.337732500003767,359.1348644999962,180.12154140000348,359.1449302999972,194.45927390000725,0.0002973999944515,0.0968125999934272
